,gold_difference,team_win,dragon_difference,turret_difference,kda_difference_top,kda_difference_jungle,kda_difference_mid,kda_difference_ad,kda_difference_sp
0,1378.0,1,1.0,0.0,7.88,3.0,5.0,-4.67,-5.0
1,-3338.0,0,0.0,0.0,-2.33,-4.33,-4.0,-2.0,-4.4
2,-3431.0,1,0.0,1.0,-0.25,0.8999999999999999,-3.71,-1.67,-4.0
3,-1217.0,1,0.0,0.0,0.9,-0.7000000000000002,-6.25,2.27,-0.3399999999999998
4,-6192.0,0,-1.0,1.0,-3.1,-3.0,-7.0,0.6000000000000001,-3.0
5,608.0,1,-1.0,0.0,1.33,-5.33,5.0,0.0,0.5
6,2284.0,0,-1.0,-1.0,1.5,5.5,0.0,-2.0,-1.5
7,-3304.0,0,2.0,0.0,0.67,-4.0,-3.0,-1.5,1.0
8,-10.0,1,-1.0,1.0,-2.67,-0.33,4.67,2.29,10.33
9,-6176.0,0,2.0,2.0,-6.0,-11.0,-3.0,0.25,0.1999999999999999
10,-4361.0,1,-1.0,1.0,-2.93,-3.5,-0.5,2.0,-2.75
11,-2533.0,1,-1.0,2.0,2.0,-2.0,3.14,-2.33,10.8
12,2061.0,1,1.0,0.0,-1.0,0.0,-2.0,1.08,-3.5
13,-1484.0,1,1.0,-1.0,1.0,0.0,1.0,-9.0,-8.0
14,4603.0,1,0.0,0.0,-3.0,7.0,3.17,-1.6800000000000002,8.0
15,-509.0,1,-1.0,0.0,-2.33,-3.75,-2.5,3.5,2.0
16,11713.0,1,-2.0,-3.0,0.0,-1.67,2.1,12.8,14.0
17,4531.0,0,-1.0,-1.0,3.25,0.0,2.67,-3.0,-3.33
18,4145.0,1,0.0,0.0,3.8,2.08,1.95,1.0,1.0
19,-3702.0,0,1.0,1.0,1.5,-1.33,-6.67,-5.0,1.0
20,-1312.0,1,1.0,1.0,-3.33,-1.5,4.0,-1.25,1.0
21,-1287.0,0,0.0,0.0,-1.0,-1.0,-3.5,-1.5,1.33
22,-5210.0,0,-1.0,2.0,-2.25,-6.0,-5.67,1.0,3.0
23,317.0,0,2.0,0.0,-0.5,-2.7,-5.1,10.83,6.67
24,6784.0,1,-2.0,1.0,2.27,8.33,9.0,7.0,16.83
25,-5466.0,0,1.0,1.0,-4.75,-1.67,-2.75,-1.5,-1.0
26,1500.0,1,0.0,-1.0,-2.0,2.33,-0.8,0.0,-5.0
27,7237.0,1,0.0,-2.0,0.5800000000000001,3.0,3.0,4.5,1.0
28,8109.0,1,-2.0,-1.0,4.0,1.0,2.0,2.67,3.0
29,-9564.0,0,0.0,2.0,-0.5,-13.4,-1.25,-6.7,-2.79
30,-1531.0,1,2.0,1.0,0.83,1.0,-3.0,-3.5,-4.0
31,-4507.0,0,-1.0,0.0,-1.5,-4.5,-3.5,-2.5,-0.6699999999999999
32,8155.0,1,0.0,-2.0,7.6,-2.0,1.5,-2.0,8.0
33,9140.0,1,-1.0,-2.0,6.33,1.86,-4.0,2.17,2.0
34,2847.0,0,0.0,-2.0,2.5,-1.0,-2.5,-1.0,-1.0
35,-9414.0,0,0.0,1.0,0.85,-8.0,-1.0,-6.6,-13.57
36,-5606.0,0,1.0,2.0,-1.58,-10.2,-3.6,3.67,1.0
37,1912.0,1,1.0,0.0,-0.33,-0.4,3.25,1.5,9.0
38,1732.0,0,-1.0,0.0,-1.67,3.5,4.0,1.5,2.67
39,-415.0,0,2.0,0.0,-4.0,4.0,0.0,-1.33,-2.0
40,-897.0,1,1.0,1.0,7.33,4.25,-2.67,-5.33,2.67
41,-3316.0,0,2.0,0.0,-1.5,-2.0,0.5,2.5,-0.5
42,-2116.0,0,0.0,0.0,3.33,-2.0,-3.25,-8.0,-1.75
43,5638.0,1,-1.0,-1.0,0.0,7.5,3.0,6.5,6.75
44,-10343.0,0,2.0,3.0,-1.33,-9.0,-0.5,-1.25,-3.0
45,-7819.0,0,2.0,1.0,-1.0,-3.5,-1.4,-5.0,-5.0
46,-227.0,0,0.0,0.0,0.0,-1.5,-0.6699999999999999,-1.0,-1.5
47,1360.0,1,1.0,-1.0,0.0,-3.0,-0.5,-5.33,0.5
48,-8503.0,0,2.0,1.0,-4.5,-2.33,0.66,-5.0,-1.0
49,-2329.0,0,1.0,0.0,-5.0,-2.0,-0.33,1.0,-4.33
50,385.0,1,-1.0,1.0,1.5,-1.75,-4.0,2.25,1.0
51,-7439.0,0,1.0,0.0,0.0,-5.0,2.5,-6.75,-2.0
52,3165.0,1,-1.0,0.0,4.33,1.67,0.0,0.0,0.0
53,11400.0,1,-1.0,-3.0,1.0,6.75,7.0,13.6,13.6
54,2019.0,1,-1.0,1.0,-0.5,8.5,4.0,2.0,1.0
55,5010.0,1,-1.0,-1.0,1.83,-0.6699999999999999,6.0,-0.2299999999999999,2.8
56,8378.0,1,-1.0,-2.0,3.0,6.67,3.33,-1.5,3.5
57,-1105.0,0,1.0,-1.0,-0.25,-1.0,-3.0,-1.17,3.17
58,4552.0,1,-1.0,0.0,1.5,-0.1699999999999999,1.0,0.6699999999999999,2.0
59,5052.0,0,1.0,-1.0,1.0,11.67,-1.5,0.25,1.42
60,1893.0,0,2.0,-1.0,3.75,3.0,4.0,-2.42,-7.0
61,-2131.0,0,1.0,-1.0,0.66,-2.0,-0.5,-0.55,-5.5
62,-3250.0,1,-1.0,2.0,0.0,-5.8,-0.75,0.1699999999999999,7.25
63,1224.0,1,-1.0,0.0,3.75,-4.0,0.0,0.5,-3.0
64,-10107.0,0,1.0,2.0,-0.3299999999999999,-10.5,-4.0,-2.83,-5.67
65,1573.0,1,-2.0,-1.0,-1.0,-2.5,-3.0,4.5,-1.75
66,-2919.0,1,1.0,0.0,-0.5,-1.0,-1.5,-3.0,1.8
67,6696.0,1,-2.0,0.0,0.0,3.17,11.6,2.0,1.75
68,7410.0,1,-2.0,-2.0,-0.5,6.75,3.0,0.3399999999999998,1.58
69,4505.0,0,1.0,-1.0,1.0,1.0,4.0,0.0,3.5
70,-2407.0,0,1.0,1.0,-1.0,-2.33,5.75,-5.0,-4.33
71,1097.0,0,1.0,-1.0,2.0,-3.0,-3.33,0.33,-2.0
72,1620.0,1,0.0,0.0,-1.0,1.33,3.0,5.0,6.75
73,387.0,0,1.0,0.0,0.3299999999999999,1.25,3.67,-6.75,-2.0
74,-4464.0,0,2.0,1.0,-1.6,5.0,0.0,-0.8300000000000001,2.67
75,2541.0,1,-1.0,0.0,3.0,7.57,-0.33,3.17,3.83
76,4543.0,1,0.0,-1.0,11.83,4.66,4.0,-3.25,-1.33
77,13582.0,1,-2.0,-2.0,3.25,4.25,4.67,3.8,8.67
78,-3349.0,1,-1.0,-2.0,4.5,-6.0,1.75,-1.5,-6.0
79,2676.0,1,-1.0,0.0,3.75,-5.5,2.33,1.13,-2.17
80,4788.0,1,0.0,-1.0,5.6,2.75,0.6699999999999999,0.0,-1.0
81,-924.0,1,-1.0,0.0,0.0,2.0,1.66,2.5,-0.3399999999999998
82,-993.0,0,1.0,1.0,-3.0,-2.33,-1.0,2.33,5.0
83,2115.0,1,2.0,-1.0,1.5,-5.0,-3.0,-2.17,-2.0
84,1635.0,0,2.0,-1.0,3.0,8.67,1.17,6.5,1.33
85,-2561.0,1,1.0,0.0,-0.3299999999999999,-10.25,-2.83,-2.0,-3.0
86,-638.0,0,1.0,0.0,-1.5,3.0,-1.0,-0.4000000000000001,0.1999999999999999
87,-2452.0,0,0.0,1.0,-2.0,0.33,4.33,-6.67,-7.67
88,-7195.0,0,2.0,-1.0,-3.67,-4.25,-4.0,-9.8,-7.67
89,-1032.0,1,-1.0,0.0,1.0,-4.0,0.5,-1.0,-3.83
90,4032.0,1,-1.0,0.0,-1.0,2.83,2.83,9.25,4.5
91,-8347.0,0,1.0,1.0,-2.0,-8.57,-2.25,1.0,1.0
92,8733.0,1,-2.0,-2.0,2.0,5.5,5.0,2.83,2.0
93,-6735.0,0,0.0,0.0,-3.75,-7.0,-4.0,-4.33,-5.0
94,-1505.0,1,1.0,0.0,0.0,-1.5,-1.0,-2.33,-3.0
95,-2810.0,0,1.0,0.0,2.67,0.5,-3.67,-3.75,-5.33
96,-8045.0,0,2.0,2.0,-1.0,-11.67,-5.75,-6.67,-13.6
97,2592.0,1,-1.0,0.0,6.0,12.4,3.2,-0.08,-0.6699999999999999
98,8085.0,1,-1.0,-1.0,1.33,4.0,-0.3299999999999999,6.6,10.33
99,-2740.0,0,1.0,1.0,1.67,-2.0,1.0,-6.6,-6.67
100,11486.0,1,-1.0,-2.0,7.0,7.0,4.75,3.0,3.0
101,-1684.0,0,-2.0,-1.0,0.0,2.0,-2.67,2.33,1.75
102,-8841.0,0,2.0,1.0,-2.17,-5.0,-2.17,-5.67,-2.0
103,3242.0,1,1.0,-1.0,2.0,3.0,-2.67,-4.0,-4.0
104,-6435.0,0,0.0,1.0,0.6699999999999999,-1.0,-1.25,-3.0,-2.5
105,-1963.0,1,-2.0,0.0,-3.33,-3.25,3.0,-5.4,2.25
106,-72.0,1,0.0,0.0,3.0,8.0,0.0,4.0,5.6
107,-5864.0,0,1.0,1.0,-0.4,-0.25,-1.5,-1.9,-4.0
108,-5392.0,0,0.0,1.0,0.0,-0.27,-5.75,-4.0,-1.0
109,-4233.0,0,1.0,0.0,1.0,-1.33,-1.5,-0.3399999999999998,-0.8300000000000001
110,-9030.0,0,1.0,0.0,-3.5,-1.0,-7.0,-4.0,-7.25
111,1079.0,1,-2.0,0.0,3.75,-2.0,0.0,0.0,-0.6699999999999999
112,-3198.0,0,1.0,0.0,0.0,0.0,-2.0,0.0,-0.6699999999999999
113,1428.0,1,1.0,0.0,0.0,-1.25,-2.0,8.4,6.67
114,4538.0,1,0.0,0.0,2.1,5.5,5.67,-0.27,-3.0
115,-3154.0,0,2.0,0.0,-0.5,-6.0,0.6699999999999999,-9.86,-10.67
116,-2493.0,1,-2.0,0.0,0.0,-0.8300000000000001,-2.0,0.33,-1.0
117,-2152.0,0,0.0,0.0,3.0,1.5,0.08,-5.67,-4.0
118,-1919.0,0,0.0,0.0,-2.0,1.0,0.0,4.33,0.33
119,41.0,0,-1.0,1.0,-5.67,0.0,-1.0,1.0,6.4
120,-5878.0,0,2.0,1.0,-2.8,-2.79,4.33,-4.33,-8.0
121,738.0,0,0.0,-1.0,-0.17,1.0,5.33,-4.0,-3.0
122,12243.0,1,-2.0,-5.0,9.25,1.33,4.25,4.0,5.75
123,-391.0,0,0.0,0.0,4.75,6.5,1.75,-3.4,-3.5
124,7786.0,1,-1.0,-1.0,-0.25,3.76,6.0,8.6,10.0
125,8844.0,1,0.0,-1.0,5.0,4.9,7.25,5.75,6.75
126,-896.0,0,1.0,0.0,0.0,3.5,0.33,-5.75,-6.25
127,1463.0,0,0.0,-1.0,-3.67,-2.33,-1.9,2.0,1.0
128,-5828.0,0,1.0,1.0,-0.5,-10.6,-4.8,1.0,-4.0
129,-1641.0,1,2.0,-1.0,3.5,-5.0,-5.0,-3.5,-0.83
130,-4353.0,0,0.0,0.0,-2.0,-2.0,-1.0,-2.17,-5.67
131,-3961.0,1,1.0,0.0,-2.5,-7.25,0.6699999999999999,0.6699999999999999,0.4199999999999999
132,5566.0,0,-1.0,-1.0,2.0,7.0,1.0,2.0,0.0
133,1607.0,1,-2.0,0.0,-2.0,3.0,1.0,2.0,2.0
134,1583.0,0,-2.0,0.0,3.0,2.0,-1.5,3.5,3.5
135,-2059.0,0,-2.0,0.0,-0.83,-5.75,-0.6600000000000001,0.33,3.25
136,-7711.0,0,1.0,2.0,-7.39,-8.33,-5.25,-1.92,-4.0
137,-773.0,1,1.0,0.0,-2.67,0.33,2.0,0.0,-2.0
138,-1317.0,0,0.0,1.0,-2.5,-5.21,2.17,1.0,3.0
139,-7123.0,0,1.0,0.0,-1.5,-3.5,-5.75,-2.75,-7.67
140,-5319.0,0,1.0,0.0,1.0,-8.0,-3.0,-4.67,-2.5
141,9079.0,1,-2.0,-2.0,4.0,4.5,-1.5,4.0,5.6
142,975.0,1,2.0,-1.0,1.0,0.6699999999999999,-3.0,0.5,-1.5
143,-6136.0,0,2.0,1.0,0.5,-3.5,-0.5,-4.0,-2.0
144,3516.0,1,-1.0,0.0,2.5,4.0,-2.0,1.33,9.33
145,2412.0,0,-1.0,0.0,-5.25,1.0,1.33,4.5,9.0
146,-9487.0,0,2.0,2.0,-6.75,-7.5,-7.0,-3.75,-4.75
147,1639.0,1,1.0,0.0,-3.75,2.33,6.0,0.0,-0.5
148,-8086.0,0,2.0,2.0,-6.0,-2.0,-4.5,1.67,-7.0
149,-391.0,1,0.0,0.0,-1.0,1.0,-1.67,7.0,7.5
150,-7016.0,0,2.0,1.0,-1.83,-6.5,-3.25,-7.5,0.6699999999999999
151,-46.0,1,-1.0,-1.0,-1.5,0.0,-8.0,1.0,-0.5
152,-639.0,1,-1.0,0.0,-2.33,2.0,2.67,-0.33,1.0
153,658.0,0,1.0,0.0,2.0,-1.0,-1.0,-1.0,0.0
154,4229.0,0,1.0,-1.0,1.0,1.0,-2.0,-0.92,2.0
155,-1090.0,1,1.0,0.0,-3.25,-3.67,-2.33,-1.15,-2.33
156,-5533.0,0,2.0,0.0,-0.5,-2.0,-1.0,-5.0,-5.0
157,6398.0,1,-2.0,0.0,2.5,4.33,-1.33,10.33,10.8
158,-4707.0,0,1.0,2.0,1.2,-2.7,2.0,-5.5,-5.33
159,1041.0,0,1.0,-1.0,-0.75,-3.0,-0.1,-6.5,-8.0
160,-5296.0,1,2.0,1.0,-2.83,1.0,-2.5,0.33,-2.83
161,-1301.0,1,1.0,1.0,0.0,2.5,0.0,-7.0,-0.92
162,6325.0,1,1.0,0.0,4.0,11.8,7.5,2.33,8.0
163,-10809.0,0,2.0,1.0,-6.0,-8.33,-6.75,-5.0,-3.25
164,1414.0,1,-1.0,0.0,1.0,1.0,-2.0,3.0,2.0
165,2251.0,0,1.0,-1.0,1.5,6.4,1.0,2.0,1.0
166,2169.0,0,0.0,0.0,2.67,7.0,5.25,-0.6699999999999999,1.5
167,268.0,0,2.0,1.0,2.0,3.67,3.0,0.6699999999999999,-1.16
168,-8183.0,0,1.0,2.0,-0.6,-3.0,-2.0,-7.43,-1.42
169,-117.0,0,1.0,0.0,3.67,0.5,0.5,-0.3,3.5
170,12024.0,1,0.0,-3.0,5.45,9.8,2.33,10.43,10.0
171,-490.0,1,1.0,-1.0,3.75,0.33,1.75,-4.25,-1.0
172,-4924.0,0,1.0,0.0,-2.0,-11.0,-5.0,-3.0,-5.5
173,3676.0,1,-2.0,0.0,0.0,7.33,-2.67,2.83,4.0
174,2931.0,1,-1.0,0.0,3.67,2.5,2.0,1.8,5.5
175,-1902.0,1,-1.0,0.0,-6.0,-1.33,3.5,2.9,-6.6
176,2996.0,1,-1.0,0.0,-6.0,-0.5,2.33,8.8,0.1999999999999999
177,2792.0,1,-2.0,0.0,0.5,4.33,0.75,0.1699999999999999,2.25
178,-8157.0,0,0.0,3.0,-6.83,-2.0,-6.83,2.17,6.25
179,-240.0,0,0.0,0.0,2.0,0.5,2.42,-3.5,0.0
180,-1485.0,1,0.0,0.0,4.75,-7.5,0.25,-7.33,-7.67
181,3302.0,1,-2.0,0.0,1.5,8.0,2.5,1.75,9.4
182,5298.0,1,-1.0,-1.0,-2.67,6.0,-1.0,3.27,11.67
183,-3423.0,0,1.0,0.0,-4.67,3.5,2.0,-3.33,0.5
184,1.0,1,1.0,1.0,-1.5,-3.5,-0.1699999999999999,0.5,-1.0
185,-5581.0,1,1.0,0.0,-1.0,-1.0,-3.5,0.0,-2.0
186,2589.0,0,1.0,0.0,3.0,3.0,-1.0,3.5,0.0
187,3819.0,0,1.0,-1.0,5.67,9.0,5.33,-3.33,0.0
188,-939.0,0,-1.0,1.0,-2.67,-0.4499999999999999,4.0,1.16,4.2
189,-4114.0,0,1.0,1.0,0.0,-3.0,-1.0,-2.0,-6.25
190,3332.0,1,-1.0,-1.0,0.75,0.5,4.33,4.5,1.83
191,2112.0,1,1.0,-2.0,-1.25,-1.5,-8.5,-0.3500000000000001,-8.8
192,10390.0,1,1.0,-2.0,2.33,1.5,4.5,4.4,3.5
193,5352.0,0,-1.0,-2.0,0.0,1.0,5.0,-2.0,0.6699999999999999
194,7914.0,1,-2.0,0.0,0.0,8.0,7.0,6.5,8.4
195,1127.0,1,-1.0,0.0,-3.0,0.0,0.0,-1.0,-2.0
196,5645.0,1,1.0,0.0,2.0,3.0,0.0,1.0,-0.33
197,1736.0,1,1.0,0.0,0.0,6.67,5.0,0.25,1.75
198,563.0,0,1.0,0.0,5.0,1.17,1.05,-4.0,-4.0
199,-8567.0,1,1.0,2.0,-1.33,0.75,-4.0,0.1699999999999999,2.0
200,-4721.0,0,-1.0,0.0,-1.5,-8.67,-0.5,-8.0,-2.0
201,-3557.0,0,2.0,1.0,-0.33,-1.33,3.0,-5.0,-3.0
202,-5416.0,0,2.0,0.0,0.5,0.5,0.6699999999999999,-10.4,-1.1
203,4011.0,1,-1.0,-1.0,1.0,2.67,4.33,0.5,2.17
204,3083.0,1,-2.0,0.0,4.0,6.5,8.0,10.5,1.25
205,-623.0,1,1.0,-1.0,-4.0,-7.0,-4.0,3.4,2.5
206,-3871.0,0,1.0,0.0,-3.0,-6.0,-5.5,-3.33,-2.83
207,9185.0,1,-2.0,-2.0,3.67,9.5,6.75,8.25,3.17
208,-1308.0,0,1.0,0.0,4.25,-7.67,-6.8,-3.6,-8.33
209,-4623.0,0,1.0,1.0,3.0,1.0,-1.0,-2.67,-5.67
210,2149.0,0,1.0,0.0,2.0,7.5,3.5,1.9,4.0
211,-1197.0,0,-1.0,0.0,2.67,0.5,-3.0,1.0,-7.33
212,-3631.0,0,1.0,1.0,5.4,0.0,-1.58,-3.93,-1.0
213,8114.0,1,-1.0,-2.0,1.0,12.25,2.07,5.4,10.6
214,5418.0,1,-2.0,0.0,-4.5,0.3,2.83,3.5,7.25
215,-2617.0,0,0.0,1.0,0.0,1.0,1.17,-2.0,-2.5
216,-4509.0,0,-2.0,0.0,0.05,-1.58,-10.0,-2.5,-2.17
217,13591.0,1,-1.0,-2.0,3.0,14.38,12.86,2.67,1.5
218,-3368.0,0,0.0,0.0,-4.0,-11.0,-1.0,-4.67,-8.33
219,-1649.0,1,1.0,1.0,2.5,-6.0,-1.67,-4.67,1.0
220,3450.0,1,1.0,-1.0,1.0,6.0,3.5,1.5,-1.5
221,-3075.0,1,0.0,0.0,-1.4,-0.1999999999999999,-8.0,-1.67,-7.5
222,-1950.0,0,2.0,1.0,1.0,-7.0,-0.83,-6.5,-8.5
223,-7691.0,0,2.0,2.0,-2.0,-9.67,-6.0,0.8300000000000001,-1.83
224,1715.0,1,0.0,0.0,0.0,-1.33,2.0,1.0,-0.6699999999999999
225,-4962.0,0,-1.0,1.0,1.5,-5.0,-3.5,-3.0,-2.0
226,-64.0,0,1.0,0.0,-1.0,-4.0,0.0,0.75,7.0
227,-7065.0,1,2.0,1.0,-5.0,-8.0,-4.0,-3.0,-4.5
228,-3661.0,0,1.0,0.0,-2.0,2.0,-5.75,-3.1,2.83
229,1018.0,1,1.0,0.0,1.33,-4.0,-3.67,-1.17,2.0
230,4333.0,1,0.0,-1.0,-1.0,-0.1699999999999999,1.5,0.0,0.0
231,3221.0,0,1.0,-2.0,-2.0,0.6600000000000001,-7.4,2.67,5.0
232,5758.0,1,1.0,-1.0,-3.5,0.5,-2.5,7.6,4.0
233,12783.0,1,0.0,-3.0,7.0,9.6,11.6,5.5,10.0
234,-6522.0,0,0.0,1.0,3.0,-4.5,0.5,-0.25,0.33
235,4527.0,1,-2.0,0.0,-4.75,2.0,1.25,0.08,0.0
236,-3474.0,1,-1.0,2.0,3.67,-0.3399999999999998,-1.0,-9.4,-1.75
237,2435.0,0,1.0,0.0,3.0,1.0,-0.1999999999999999,-1.5,2.5
238,-11433.0,0,-1.0,3.0,-5.0,-6.5,-5.0,4.33,-1.67
239,4822.0,1,-1.0,0.0,-1.5,3.0,4.5,3.0,3.0
240,-200.0,0,1.0,0.0,-1.0,-1.25,-1.83,-5.0,-1.0
241,-322.0,0,-1.0,0.0,-5.0,1.5,4.75,-1.0,-4.67
242,6131.0,1,0.0,0.0,-1.0,12.75,6.0,8.0,1.0
243,-9732.0,0,1.0,2.0,-4.67,-9.33,-6.0,-5.0,-0.92
244,-6013.0,0,1.0,1.0,-3.0,-0.83,-2.75,5.0,1.5
245,-344.0,1,1.0,-1.0,5.67,0.0,-1.17,-4.0,-7.0
246,-7400.0,0,0.0,1.0,-1.5,0.0,0.0,-2.33,0.5
247,-4181.0,0,2.0,0.0,1.83,-0.33,0.0,-8.25,-4.66
248,-532.0,1,-2.0,1.0,2.1,-2.17,-1.5,1.5,1.0
249,-3612.0,1,1.0,0.0,1.0,-1.0,0.0,-0.6600000000000001,-1.67
250,-5546.0,1,1.0,0.0,0.25,-7.5,-4.0,-2.0,-6.0
251,3223.0,1,1.0,-2.0,2.4,6.75,2.0,0.0,0.1
252,-5081.0,0,2.0,3.0,-2.33,-0.2000000000000001,-0.6699999999999999,-0.33,4.25
253,-2261.0,0,1.0,1.0,-3.0,0.33,-1.0,-1.0,-1.0
254,2651.0,0,2.0,-1.0,-0.92,-0.6600000000000001,1.0,0.6699999999999999,1.83
255,1382.0,1,1.0,-1.0,-1.25,-8.0,0.25,-1.0,-3.0
256,4031.0,1,-1.0,0.0,2.75,2.67,0.0,0.25,-0.5
257,-1185.0,1,1.0,0.0,-1.0,-1.5,-4.75,-2.0,-3.0
258,-1952.0,0,1.0,1.0,1.17,0.0,1.5,-7.0,-6.0
259,-4740.0,0,2.0,2.0,0.0,-2.0,-4.33,-1.0,-2.5
260,-1104.0,1,-1.0,1.0,-0.92,-7.0,1.0,-3.0,-6.0
261,-5246.0,0,2.0,1.0,0.0,-1.67,-0.5,-8.0,-3.0
262,-8093.0,0,0.0,2.0,0.25,-3.3,0.5,-0.5,-7.0
263,-3950.0,0,0.0,0.0,-3.0,-2.0,-1.0699999999999998,-0.5,0.6699999999999999
264,4334.0,1,0.0,-2.0,-2.0,-5.0,-0.1699999999999999,3.0,4.0
265,-2020.0,1,-1.0,0.0,-0.5800000000000001,0.0,0.0,-1.0,2.0
266,-966.0,1,0.0,1.0,-2.0,-3.0,1.67,1.0,-1.5
267,3454.0,1,1.0,0.0,-1.33,-0.5,3.67,2.5,5.0
268,-1264.0,0,-1.0,2.0,-7.0,3.5,-2.33,-0.75,2.0
269,3754.0,1,-2.0,1.0,-0.5,5.0,5.0,4.67,4.5
270,8510.0,1,-1.0,-1.0,5.5,12.33,-1.0,4.1,11.25
271,8067.0,1,0.0,-2.0,-1.83,15.14,1.0,0.66,3.33
272,6014.0,1,-2.0,0.0,0.5,4.0,0.5,4.0,4.0
273,-5085.0,1,1.0,0.0,-0.83,-2.0,-1.75,-1.0,-1.0
274,-11645.0,0,2.0,2.0,-3.67,-5.0,-0.25,-9.5,-9.67
275,4558.0,1,2.0,0.0,1.5,9.0,-1.0,1.3,0.6000000000000001
276,108.0,0,1.0,0.0,3.5,3.0,-3.0,2.5,-2.0
277,-2223.0,0,-2.0,0.0,-5.75,1.17,-2.7,5.67,0.8
278,2014.0,0,2.0,-1.0,1.0,-4.5,-2.0,-5.5,-0.6699999999999999
279,1648.0,0,-1.0,0.0,6.86,-2.16,2.2,-2.5,4.0
280,-11664.0,0,1.0,2.0,0.0,-4.0,-3.36,-9.0,-3.0
281,-3098.0,0,2.0,1.0,-2.0,-1.5,-2.0,-3.5,1.0
282,-10090.0,0,1.0,2.0,-6.3,-3.4,-13.25,-6.83,0.0
283,3965.0,0,1.0,0.0,4.75,9.0,7.0,1.0699999999999998,6.0
284,-4483.0,0,-1.0,0.0,-1.5,-1.58,-1.0,-1.67,-0.4199999999999999
285,-3121.0,0,2.0,0.0,4.0,-1.5,2.0,-2.17,-2.5
286,-2924.0,0,1.0,0.0,-6.0,-1.2600000000000002,0.5,-3.9,2.0
287,-2587.0,0,0.0,0.0,-1.0,-0.5,6.33,-3.5,3.5
288,-2474.0,1,0.0,0.0,-1.0,-6.0,-2.0,-3.4,-8.5
289,-10278.0,0,-1.0,1.0,-7.0,-9.67,-8.67,-9.0,-10.5
290,-839.0,1,-1.0,1.0,0.0,1.0,-1.0,2.0,5.0
291,7070.0,1,1.0,-2.0,1.0,6.25,2.67,2.33,4.2
292,-2341.0,1,-1.0,1.0,-3.0,-2.0,5.2,5.0,1.08
293,6651.0,1,1.0,-1.0,1.67,2.5,11.83,-2.5,0.6699999999999999
294,5166.0,1,-1.0,-1.0,-2.0,2.0,3.0,4.33,3.0
295,-950.0,0,1.0,0.0,0.3299999999999999,0.0,-0.5,0.6699999999999999,3.5
296,10037.0,1,-2.0,-2.0,4.75,7.33,1.93,3.93,1.5
297,-644.0,0,1.0,0.0,2.0,-4.0,-1.17,1.67,1.17
298,3397.0,0,-1.0,-1.0,-2.0,3.0,-2.0,8.6,9.5
299,2336.0,0,0.0,-1.0,3.75,-3.5,2.0,-3.0,-4.0
300,-2259.0,0,0.0,1.0,1.5,-2.5,-0.6699999999999999,0.0,-1.0
301,-4920.0,0,1.0,0.0,0.5,-7.5,-4.67,-0.8300000000000001,-2.17
302,-4588.0,0,2.0,0.0,-2.33,-1.0,-1.6,-2.0,-2.5
303,6016.0,1,-2.0,0.0,-3.67,3.67,3.0,9.8,9.67
304,5016.0,1,0.0,-2.0,2.83,-1.5,2.17,1.0,4.25
305,-1852.0,0,-1.0,1.0,-5.8,-5.0,-2.0,2.29,-4.0
306,6196.0,1,0.0,-1.0,2.0,1.0,5.17,1.17,-1.5
307,-80.0,1,-1.0,0.0,-3.0,1.0,2.0,6.25,-0.3399999999999998
308,4120.0,1,1.0,-2.0,3.0,0.3299999999999999,0.0,-1.0,0.5
309,5146.0,1,1.0,-1.0,-4.67,3.0,-2.33,0.0,-0.5
310,-3610.0,1,-1.0,1.0,2.0,-0.5,0.0,-0.5,-1.83
311,2745.0,1,-1.0,0.0,4.0,5.0,2.67,-4.5,-6.0
312,-3773.0,0,0.0,0.0,-8.0,2.0,-2.0,-0.3399999999999998,-0.6699999999999999
313,8358.0,1,1.0,-1.0,0.0,9.8,11.0,0.0,5.64
314,-2348.0,0,2.0,2.0,-2.33,-1.5,2.0,1.0,4.0
315,6365.0,1,-1.0,-1.0,-0.5800000000000001,8.0,0.33,5.0,5.1
316,12783.0,1,0.0,-3.0,7.0,9.6,11.6,5.5,10.0
317,4550.0,1,-2.0,-1.0,1.0,4.5,0.0,5.0,2.0
318,1822.0,1,-2.0,0.0,2.0,-3.1,-3.5,-0.92,-5.0
319,3512.0,1,1.0,-1.0,-3.5,2.33,-1.0,2.5,2.5
320,11722.0,1,0.0,-3.0,1.25,7.9,8.33,9.67,10.57
321,-4984.0,0,2.0,1.0,0.0,-4.67,-2.17,0.4199999999999999,-6.5
322,1233.0,1,2.0,-1.0,-0.5,-6.0,2.0,-1.5,1.75
323,-5350.0,1,2.0,1.0,1.0,-3.0,-5.0,-0.5,-6.0
324,4491.0,1,0.0,-3.0,1.0,-0.1699999999999999,1.0,3.5,2.34
325,12041.0,1,-1.0,-3.0,1.9,8.8,3.75,4.75,11.0
326,-786.0,0,0.0,0.0,1.0,5.33,-1.0,0.8300000000000001,7.67
327,2286.0,1,-1.0,-1.0,1.0,-5.0,-1.0,-0.5,-4.67
328,5083.0,1,1.0,0.0,1.5,2.25,0.0,9.75,9.8
329,7858.0,1,2.0,-3.0,1.5,6.0,1.0,8.0,5.4
330,-7706.0,0,0.0,5.0,-0.5,-1.0,-8.6,-5.8,-1.0
331,15987.0,1,-1.0,-5.0,7.0,7.0,3.0,11.67,7.83
332,27.0,1,1.0,-2.0,5.6,-3.17,1.0,-4.5,-5.5
333,-6135.0,0,0.0,1.0,-3.67,-5.33,-1.0,-1.0,-8.33
334,-2397.0,0,1.0,0.0,-0.33,3.0,-4.33,-1.0,-0.5
335,2484.0,1,-1.0,0.0,4.67,0.0,-2.0,-1.0,-2.5
336,8415.0,1,-2.0,-1.0,2.5,3.0,2.5,5.8,5.0
337,2203.0,1,0.0,0.0,1.0,4.25,2.33,-2.0,-2.0
338,-2900.0,1,0.0,1.0,-0.33,-3.8,3.47,-14.0,-1.0
339,-6884.0,0,0.0,2.0,-1.0,1.33,-2.8,-15.0,1.75
340,-49.0,0,0.0,0.0,-2.3,0.0,0.1699999999999999,-0.6699999999999999,-1.87
341,-1527.0,1,-1.0,2.0,-7.0,2.0,4.0,1.67,4.25
342,223.0,1,-1.0,0.0,3.4,1.33,-5.5,1.25,-0.25
343,-640.0,0,1.0,0.0,-0.5,-4.5,-2.17,-3.0,-5.67
344,-775.0,1,1.0,0.0,-3.25,-2.67,0.0,0.0,-4.0
345,6916.0,1,-1.0,-2.0,1.25,5.5,5.0,4.0,4.0
346,-2046.0,0,0.0,1.0,1.0,-2.0,2.0,-2.4,-6.0
347,-430.0,0,-1.0,1.0,-0.6699999999999999,-0.92,0.3399999999999998,8.5,2.0
348,7633.0,1,-2.0,-1.0,-1.33,9.67,7.5,2.33,7.0
349,3664.0,1,-1.0,-2.0,1.08,-1.17,-1.83,8.0,7.0
350,9956.0,1,-2.0,-2.0,-0.92,9.25,2.75,-2.07,2.5
351,1781.0,1,-1.0,0.0,4.0,5.0,-5.2,11.0,1.0
352,-4630.0,1,1.0,1.0,3.0,-0.57,3.75,-4.67,-6.5
353,-2189.0,0,1.0,0.0,-3.75,1.0,2.0,-1.5,-10.5
354,3094.0,1,0.0,-1.0,0.0,-1.0,0.0,3.67,1.0
355,-7106.0,0,2.0,1.0,-5.4,-3.25,-3.83,-2.0,-3.5
356,8479.0,1,-2.0,-2.0,5.0,5.67,1.5,7.75,5.5
357,5120.0,1,-1.0,0.0,-4.6,10.33,5.6,7.33,5.33
358,1075.0,1,1.0,0.0,-1.4,-4.5,-3.0,2.75,2.0
359,-382.0,0,-1.0,1.0,-2.75,4.17,2.5,1.34,1.67
360,3406.0,1,2.0,0.0,2.33,0.5,2.42,6.4,2.0
361,-1384.0,1,1.0,0.0,0.0,-3.5,-5.5,-2.0,2.67
362,2883.0,1,0.0,1.0,-4.75,2.33,5.5,3.33,5.67
363,1057.0,1,0.0,0.0,0.0,0.0,-1.5,5.0,4.0
364,4851.0,1,-2.0,-1.0,7.0,6.4,3.0,-3.5,-0.8300000000000001
365,-6055.0,0,2.0,0.0,-1.0,-2.3600000000000003,-3.0,0.5,0.0
366,2974.0,1,-2.0,-1.0,-4.8,1.0,1.0,9.75,4.0
367,11136.0,1,0.0,-3.0,3.0,7.67,7.67,3.33,8.67
368,8019.0,1,-1.0,0.0,0.0,8.0,4.5,4.6,10.8
369,278.0,0,0.0,-1.0,2.0,-2.0,-1.0,0.0,-2.0
370,-89.0,1,1.0,0.0,1.5,2.0,4.0,2.0,-2.0
371,-2593.0,0,0.0,1.0,0.0,0.0,0.33,-4.67,-1.5
372,-6455.0,0,2.0,1.0,-5.67,-6.5,-6.5,1.0,0.5
373,-3350.0,0,1.0,1.0,-3.67,-5.0,-6.0,1.0,-0.75
374,-7625.0,0,1.0,1.0,-2.0,-3.0,-8.6,-7.67,-8.25
375,5180.0,1,-2.0,-1.0,1.33,5.67,0.8300000000000001,4.5,9.5
376,-832.0,0,1.0,0.0,1.0,2.5,0.5,-1.0,0.5
377,320.0,1,-1.0,0.0,1.0,8.4,-1.93,-2.4,-2.33
378,1351.0,0,1.0,-1.0,1.08,0.0,-6.0,3.0,5.0
379,-825.0,1,0.0,-1.0,1.0,1.17,-6.67,6.67,1.17
380,-2463.0,0,1.0,0.0,4.0,1.2000000000000002,-0.5,-1.25,-3.4
381,3323.0,0,-1.0,0.0,-0.6699999999999999,0.8699999999999999,-0.33,1.5,-0.5
382,895.0,0,2.0,0.0,4.0,0.0,4.5,1.0,1.5
383,-12220.0,0,2.0,2.0,-4.0,-10.8,-7.0,-3.5,-4.5
384,-3049.0,0,0.0,1.0,1.0,-0.6699999999999999,-4.0,-1.5,-4.5
385,1735.0,0,1.0,0.0,-1.0,3.0,-1.83,-1.27,0.2999999999999998
386,4210.0,0,0.0,0.0,1.0,5.67,-1.0,2.25,1.33
387,-1901.0,0,1.0,0.0,-0.5,-1.17,-4.4,0.75,-2.0
388,2086.0,1,1.0,0.0,0.25,-2.0,-1.0,0.5,2.33
389,-7773.0,0,0.0,2.0,-6.6,-4.17,0.0,-10.67,-11.0
390,-6356.0,0,1.0,1.0,-0.92,-1.13,-2.73,0.6499999999999999,3.0
391,-5459.0,0,2.0,1.0,0.6699999999999999,-3.0,2.67,-3.5,-6.0
392,-1246.0,0,1.0,1.0,1.33,-2.33,4.5,1.0,-4.83
393,-2598.0,0,2.0,0.0,-1.0,-1.0,-3.0,1.67,-1.83
394,-5325.0,0,-1.0,2.0,-4.33,-4.0,1.33,-3.0,-3.5
395,-4704.0,0,1.0,0.0,-1.0,-4.0,-2.5,-5.5,-4.5
396,9424.0,1,1.0,-2.0,0.0,2.33,4.33,10.0,3.0
397,-86.0,1,-1.0,0.0,-0.83,0.0,0.0,4.0,0.5
398,-5251.0,0,2.0,2.0,0.0,-6.0,-6.5,0.1699999999999999,-1.0
399,2385.0,0,1.0,-1.0,0.0,1.0,2.0,-2.5,-3.5
400,5946.0,1,1.0,0.0,-0.33,1.5,2.25,5.33,5.0
401,-184.0,1,0.0,0.0,2.0,-6.5,-2.5,4.25,9.5
402,2857.0,0,-1.0,0.0,-2.7,0.4199999999999999,1.33,1.17,0.1700000000000001
403,3569.0,1,2.0,0.0,2.5,1.83,2.5,3.0,2.5
404,-2949.0,0,0.0,0.0,-1.0,-1.75,4.75,-2.5,-1.0
405,-7567.0,0,2.0,2.0,-2.6,-4.2,-2.0,-2.5,-1.0000000000000002
406,255.0,1,0.0,0.0,-6.4,-4.0,0.75,2.0,1.0
407,-7367.0,0,2.0,1.0,0.0,-3.5,-5.67,-5.33,-3.0
408,4370.0,1,-1.0,-1.0,0.92,4.83,10.38,-0.83,-2.4
409,3979.0,1,-2.0,-1.0,1.75,7.0,-2.0,7.33,6.6
410,-1669.0,1,0.0,1.0,3.67,2.5,3.0,-3.0,-2.5
411,3693.0,1,1.0,-2.0,2.34,4.0,1.58,4.83,2.5
412,2921.0,1,0.0,0.0,0.0,-2.0,0.0,0.0,4.5
413,-3793.0,0,-2.0,-1.0,-2.25,-0.3299999999999999,-5.1,-1.0,-3.0
414,-7718.0,0,0.0,1.0,-5.0,-0.75,5.75,-7.0,-4.25
415,-304.0,0,1.0,0.0,0.0,4.67,4.0,-3.5,-5.0
416,2692.0,1,2.0,0.0,2.0,-4.67,-2.0,-5.0,-1.17
417,4070.0,1,0.0,-1.0,1.5,1.5,5.33,5.0,1.0
418,-2038.0,0,-1.0,-1.0,-5.25,1.0,-9.67,3.0,6.0
419,-5350.0,0,2.0,2.0,-4.33,-6.5,-1.5,-0.33,-1.5
420,-5318.0,0,1.0,0.0,-2.0,-9.5,-4.0,-7.0,-2.71
421,991.0,0,0.0,-1.0,-2.5,-3.0,4.0,-1.33,1.0
422,-1005.0,1,0.0,1.0,3.0,0.5,0.0,0.0,-1.42
423,8300.0,1,1.0,-1.0,4.33,6.0,2.0,2.67,9.0
424,1764.0,1,1.0,-1.0,0.1699999999999999,-2.0,5.5,3.0,3.5
425,-976.0,0,1.0,0.0,2.67,-0.6699999999999999,-0.33,-1.0,-3.0
426,-10709.0,0,-1.0,2.0,-4.0,-6.5,-2.67,-4.33,0.0
427,-4763.0,0,2.0,1.0,-3.33,-3.75,-9.4,-1.66,-2.0
428,-706.0,0,0.0,1.0,-5.5,-7.0,1.0,-5.67,-0.6699999999999999
429,-503.0,1,-1.0,1.0,-3.0,2.6,9.0,-3.3,-1.83
430,4885.0,1,1.0,-1.0,2.5,5.0,6.33,-4.67,1.0
431,2830.0,1,-1.0,0.0,1.67,0.5,2.75,3.4,10.33
432,3658.0,1,1.0,0.0,0.4,8.0,7.5,-1.0,-2.5
433,-5764.0,0,2.0,0.0,1.67,-7.0,-2.57,-4.5,-9.0
434,-5526.0,0,1.0,2.0,-2.0,-4.33,-0.5,1.5,0.0
435,2667.0,1,-1.0,0.0,2.6,-3.5,0.0,2.0,0.0
436,988.0,1,-1.0,1.0,-1.5,2.0,0.0,7.57,5.0
437,-6433.0,0,2.0,1.0,-1.5,-4.0,0.0,-4.75,-7.5
438,-7672.0,0,-1.0,2.0,-3.33,-12.5,0.0,-7.0,-7.33
439,803.0,1,1.0,0.0,-0.5,2.83,-2.0,6.0,3.5
440,-6928.0,0,2.0,1.0,-1.66,-5.0,-5.0,2.67,-1.5
441,7119.0,0,1.0,-3.0,4.67,0.33,2.25,0.3399999999999998,0.0
442,5020.0,1,0.0,-1.0,0.5,8.0,0.0,12.0,10.0
443,1643.0,1,0.0,1.0,-7.0,-1.5,1.47,0.25,5.29
444,1081.0,0,0.0,-1.0,-3.75,1.2,0.6600000000000001,-3.0,-0.5
445,-10037.0,0,2.0,2.0,-4.75,-4.8,-1.83,-6.67,-7.67
446,-3763.0,0,1.0,0.0,-3.0,-6.0,-2.0,-1.67,-5.0
447,1098.0,1,1.0,0.0,-5.5,0.25,-3.0,4.5,3.17
448,-6491.0,0,1.0,2.0,1.67,-4.5,-3.67,-4.0,-9.5
449,-2271.0,1,1.0,0.0,-2.5,-4.0,1.0,-4.5,-2.0
450,3915.0,1,1.0,-1.0,-0.5,7.5,2.75,3.0,-1.0
451,-2213.0,1,0.0,0.0,-1.4,0.0,6.5,0.3399999999999998,-0.08
452,2055.0,1,-1.0,0.0,0.0,1.66,1.5,1.0,1.5
453,-1357.0,0,2.0,0.0,1.83,-0.3999999999999999,2.0,-1.0,1.0
454,-617.0,0,0.0,0.0,0.3299999999999999,0.0,3.5,-4.0,-0.1999999999999999
455,1144.0,1,-2.0,0.0,-3.0,-4.33,-1.0,5.5,4.0
456,1127.0,1,1.0,0.0,2.67,0.0,-3.33,-1.5,-1.0
457,-1072.0,1,1.0,0.0,1.0,-1.0,2.0,-3.0,2.1
458,3202.0,1,-2.0,-1.0,0.5,7.33,2.5,4.0,5.0
459,3611.0,1,0.0,-1.0,4.0,4.5,0.5,-0.8300000000000001,-1.0699999999999998
460,-1588.0,1,-1.0,0.0,0.0,-1.0,-1.5,-4.75,4.33
461,6353.0,1,-1.0,-1.0,0.92,1.75,4.0,7.8,6.0
462,4748.0,1,1.0,0.0,0.6699999999999999,0.0,-0.75,1.25,4.29
463,-2177.0,0,1.0,2.0,3.8,0.33,-3.33,-1.0,4.33
464,-3088.0,1,1.0,0.0,-2.0,-1.0,-0.8,-3.0,0.0
465,2353.0,0,0.0,0.0,0.5,0.0,1.0,1.0,-2.0
466,-9159.0,0,1.0,3.0,-2.0,-3.75,-2.0,-5.0,-6.0
467,-1155.0,1,-1.0,-1.0,-0.5800000000000001,1.0,-1.5,0.0,0.0
468,-9533.0,0,1.0,2.0,-4.5,-5.0,-4.17,-5.0,-7.0
469,630.0,0,-1.0,0.0,-7.75,-2.0,0.5,0.75,-0.33
470,5813.0,1,0.0,0.0,8.8,3.5,3.0,3.5,1.67
471,1362.0,1,-1.0,0.0,0.0,4.0,3.67,-0.5,-1.0
472,9284.0,1,0.0,-3.0,8.0,3.0,-1.0,5.67,4.29
473,5192.0,1,-1.0,0.0,1.0699999999999998,3.75,0.5,1.0,4.0
474,-4443.0,0,1.0,1.0,-1.5,2.0,-2.0,-2.67,-1.0
475,5644.0,1,1.0,0.0,2.0,5.2,1.33,0.6499999999999999,-1.9
476,4201.0,1,-1.0,0.0,5.75,5.5,3.0,1.0,4.5
477,-2485.0,0,2.0,0.0,0.92,4.0,5.0,-5.67,-6.0
478,2819.0,1,-1.0,1.0,-6.75,3.25,3.67,0.33,0.1699999999999999
479,6771.0,1,-2.0,-1.0,0.0,9.5,4.5,7.0,6.5
480,4617.0,1,-2.0,-2.0,2.0,5.0,0.0,9.67,9.5
481,-710.0,1,-1.0,0.0,2.67,1.0,-1.25,-2.5,-5.6
482,3383.0,1,-1.0,0.0,-1.0,4.0,1.8,5.0,4.0
483,1055.0,0,0.0,-1.0,-2.0,-1.1,-2.5,3.33,2.0
484,12061.0,1,-1.0,-1.0,-0.5,14.25,-0.6699999999999999,3.34,9.5
485,-9697.0,0,2.0,0.0,-2.0,-9.5,-3.67,-1.67,-6.0
486,1500.0,0,0.0,0.0,-6.0,2.25,0.6699999999999999,10.0,9.0
487,-4052.0,0,2.0,1.0,4.0,-3.5,-1.5,-4.0,-3.33
488,4814.0,1,2.0,-2.0,2.33,-0.3299999999999999,2.33,3.67,2.5
489,-1114.0,0,1.0,1.0,-4.0,-6.0,-0.6699999999999999,-2.0,1.5
490,279.0,1,0.0,0.0,2.6,4.0,-1.5,-0.8,-3.0
491,-4960.0,0,0.0,1.0,-2.0,2.0,-1.5,2.0,0.0
492,4768.0,1,-1.0,0.0,6.5,3.67,4.75,0.3399999999999998,3.5
493,2631.0,0,-2.0,1.0,0.33,4.5,4.0,2.5,1.5
494,1743.0,1,-2.0,1.0,6.5,1.0,-3.5,-2.0,0.83
495,-829.0,0,0.0,0.0,1.93,2.0,3.5,-2.17,-1.8
496,3157.0,1,-1.0,1.0,0.3299999999999999,5.25,7.67,-0.4199999999999999,0.0
497,-5363.0,0,2.0,1.0,-0.5,-4.5,-6.67,-5.67,-5.67
498,81.0,1,1.0,0.0,1.33,6.25,0.0,2.17,3.5
499,156.0,0,2.0,0.0,-2.67,2.0,3.67,-0.3,0.0
500,1812.0,1,-1.0,0.0,-3.0,-1.33,-1.5,1.0,-1.27
501,-3553.0,1,2.0,0.0,0.0,-1.33,-1.67,-1.5,-7.5
502,2596.0,0,0.0,-1.0,0.0,-9.0,-1.73,3.0,4.2
503,8874.0,1,0.0,-3.0,-1.0,2.47,-1.0,10.33,0.25
504,-408.0,1,-1.0,0.0,-2.0,1.25,0.1699999999999999,-7.67,-1.0
505,-2216.0,0,2.0,1.0,0.0,2.0,1.67,-4.0,-4.0
506,-4718.0,0,2.0,1.0,4.4,-2.0,-1.0,-2.5,-5.75
507,-4266.0,0,1.0,0.0,-1.33,2.0,-1.0,-2.0,3.5
508,3644.0,1,1.0,-1.0,1.27,4.0,3.0,2.0,3.0
509,-3560.0,1,-2.0,0.0,-0.53,3.7,-3.75,-2.83,-2.0
510,-3435.0,0,1.0,1.0,0.5,-2.07,2.67,-0.8300000000000001,-3.0
511,2885.0,1,1.0,0.0,1.0,-1.5,-5.0,2.0,7.0
512,4077.0,1,0.0,-2.0,0.5,3.0,-2.0,-0.5,4.0
513,7557.0,1,-2.0,-1.0,1.5,6.25,8.0,-4.5,1.67
514,-2811.0,0,1.0,0.0,-4.0,-2.67,3.33,-0.6699999999999999,-1.08
515,7838.0,1,0.0,-2.0,4.0,6.0,6.25,2.5,2.25
516,4195.0,1,1.0,0.0,2.0,3.0,1.0,0.0,-3.33
517,339.0,1,0.0,1.0,-0.5,7.5,3.0,1.5,-0.5
518,452.0,1,-1.0,0.0,1.9,-0.75,6.67,-2.0,1.5
519,714.0,0,1.0,0.0,1.5,4.5,-1.0,0.5,2.0
520,-2814.0,0,-1.0,0.0,3.5,1.17,-4.33,-4.0,-2.0
521,4009.0,0,-1.0,-1.0,0.0,5.5,0.0,5.0,7.0
522,-2321.0,1,-1.0,0.0,-1.17,-1.0,2.0,0.0,3.4
523,6599.0,1,-1.0,-2.0,-0.33,8.0,2.0,5.0,3.3
524,-1662.0,0,0.0,1.0,3.67,-1.67,1.5,-2.0,4.33
525,-1971.0,0,2.0,0.0,1.0,5.5,-4.5,1.33,-1.0
526,-4811.0,0,1.0,1.0,1.0,-1.5,0.5,1.5,-8.0
527,-3061.0,0,2.0,1.0,0.0,-1.5,0.0,-6.67,-4.5
528,1380.0,0,0.0,0.0,-1.0,-2.25,-6.0,3.45,1.0
529,-3559.0,1,0.0,0.0,-2.4,0.0,-4.67,-1.17,1.53
530,-3595.0,1,0.0,0.0,-4.75,-0.5,-2.33,-2.33,-6.0
531,1233.0,1,-1.0,1.0,1.0,3.17,7.83,0.0,-0.25
532,-822.0,0,1.0,0.0,-2.5,2.6,-2.0,3.5,0.0
533,13323.0,1,-1.0,-3.0,-1.67,5.75,1.67,2.83,9.5
534,-2351.0,1,0.0,1.0,-2.33,-3.0,-1.0,-2.0,-1.0
535,-2116.0,0,1.0,0.0,0.33,-8.67,-3.0,-2.0,-2.0
536,-6087.0,0,2.0,0.0,0.33,-1.0,0.0,-2.33,0.0
537,1938.0,1,2.0,-1.0,5.0,-3.0,1.0,0.0,-0.33
538,-8831.0,0,2.0,2.0,-1.17,-8.33,-8.75,-7.67,-7.67
539,2454.0,1,-2.0,-1.0,2.0,11.0,0.75,1.5,1.33
540,-12888.0,0,2.0,1.0,-3.0,-6.0,-1.08,-6.83,-13.83
541,-3716.0,0,2.0,1.0,-4.75,-8.0,-5.33,1.0,0.8300000000000001
542,-301.0,0,1.0,0.0,1.0,6.0,2.0,-2.5,-4.17
543,-3011.0,0,0.0,1.0,-2.0,-3.0,3.0,0.5,-1.0
544,5017.0,1,0.0,0.0,3.0,6.0,6.0,3.0,3.0
545,5354.0,1,-1.0,-1.0,8.83,3.17,4.33,1.0,0.66
546,-2121.0,0,0.0,-1.0,1.5,-4.0,-8.0,-0.08,1.0
547,-2479.0,0,1.0,0.0,-1.0,3.5,3.0,-4.0,-4.0
548,-507.0,0,0.0,0.0,-0.6699999999999999,-2.83,1.0,0.92,-1.25
549,-5465.0,0,1.0,1.0,0.89,-0.5,-1.5,-5.75,-4.5
550,-4449.0,0,2.0,1.0,-0.83,2.0,-5.2,0.6699999999999999,0.1699999999999999
551,-2726.0,1,-2.0,0.0,2.33,1.83,1.5,-0.1699999999999999,-0.0499999999999998
552,2754.0,1,0.0,0.0,-1.67,8.33,1.0,4.0,2.0
553,-2761.0,0,2.0,0.0,0.08,-5.0,-3.33,3.0,-1.67
554,2144.0,1,0.0,0.0,-1.17,-6.0,4.0,0.4199999999999999,-0.8300000000000001
555,-11954.0,0,-1.0,2.0,-3.67,-1.79,-1.25,-10.2,-2.5
556,-4807.0,0,1.0,0.0,-1.5,-6.67,-1.67,-0.08,0.5
557,3844.0,1,1.0,-1.0,4.6,-0.75,0.0,-0.25,-1.67
558,-9044.0,0,2.0,2.0,-0.5,-8.33,-7.0,-5.0,-6.8
559,1636.0,1,2.0,-1.0,-1.58,6.0,0.17,3.9,-1.9
560,1572.0,1,-2.0,0.0,-2.33,5.0,2.0,4.0,6.0
561,-738.0,0,2.0,0.0,0.0,1.0,2.5,-2.0,2.5
562,2788.0,0,-1.0,-1.0,0.83,2.0,-2.0,1.25,-2.5
563,-4961.0,0,2.0,0.0,-0.5,-7.0,-1.0,-2.5,-5.0
564,12852.0,1,-2.0,-1.0,4.0,9.5,-0.25,9.71,6.3
565,6944.0,1,-2.0,-1.0,2.67,-7.0,0.33,3.25,3.67
566,4643.0,1,-1.0,-1.0,-1.0,1.7600000000000002,8.67,5.93,6.0
567,-8991.0,0,1.0,3.0,-6.33,0.6699999999999999,-0.25,-5.75,-2.17
568,6325.0,1,-2.0,-1.0,3.75,3.5,-0.5,7.5,7.75
569,-8001.0,0,0.0,2.0,-2.83,-7.8,-2.73,-3.0,-6.5
570,6885.0,1,-1.0,-1.0,0.0,1.0,2.1,5.0,6.0
571,2501.0,0,1.0,0.0,3.5,3.0,2.0,0.5,-2.75
572,4806.0,1,1.0,-1.0,3.0,6.0,0.1699999999999999,4.0,6.75
573,-379.0,0,2.0,0.0,-1.0,-1.5,0.0,0.0,-3.67
574,5534.0,0,0.0,0.0,1.0,5.29,9.0,3.75,3.0
575,6290.0,1,-1.0,-2.0,0.6699999999999999,1.83,2.0,-0.25,1.33
576,-855.0,1,-1.0,0.0,-6.0,3.33,0.8300000000000001,2.5,3.5
577,-1394.0,0,1.0,0.0,-2.0,-0.5,-5.5,-1.0,-1.0
578,-7001.0,0,1.0,2.0,-2.62,-1.2,-6.33,-1.33,1.4600000000000002
579,1407.0,0,2.0,-1.0,3.67,-1.0,-1.5,0.0,-2.25
580,-13102.0,0,2.0,3.0,-1.67,-8.67,-5.0,-13.0,-13.0
581,-389.0,1,0.0,1.0,-4.67,0.6699999999999999,2.8,6.75,4.5
582,380.0,0,1.0,0.0,1.33,-0.8,-0.3399999999999998,-5.67,1.67
583,5465.0,1,-2.0,-2.0,-1.67,9.0,0.0,2.0,0.8999999999999999
584,-2603.0,0,1.0,1.0,0.5,-6.67,-4.75,2.17,4.0
585,417.0,0,2.0,0.0,-3.5,-3.0,-2.0,-1.0,-1.0
586,-1194.0,0,-2.0,0.0,1.0,0.0,0.0,-3.0,-4.0
587,5364.0,0,-1.0,-1.0,-2.0,4.5,1.5,9.8,5.67
588,4489.0,0,-1.0,0.0,-3.0,8.33,0.0,0.1699999999999999,3.0
589,2246.0,0,2.0,0.0,1.0,1.5,0.5,0.0,-1.0
590,-11409.0,0,1.0,1.0,-3.75,-3.17,-1.67,-6.0,-3.0
591,830.0,1,-1.0,1.0,-2.5,-1.5,0.5,4.5,5.67
592,-1908.0,0,1.0,0.0,-1.25,2.5,-0.5,-4.0,-5.0
593,11316.0,1,-2.0,-5.0,6.0,4.0,2.0,7.67,4.75
594,1225.0,0,1.0,0.0,3.0,-3.33,5.0,-2.5,-2.5
595,-8459.0,0,-1.0,2.0,-1.0,-1.5,-3.5,3.5,1.0
596,1246.0,1,-2.0,0.0,-1.5,-2.0,3.67,0.75,2.0
597,4633.0,1,-1.0,-1.0,2.0,1.0,-3.0,5.67,5.5
598,-1593.0,0,-1.0,1.0,-4.83,6.5,-0.25,1.17,-7.0
599,391.0,1,-1.0,1.0,4.75,2.0,-2.0,1.17,2.5
600,-3123.0,0,0.0,0.0,-0.5,-1.0,-6.25,-1.0,-2.0
601,4124.0,0,0.0,-1.0,2.5,11.57,-0.1999999999999999,0.0,-0.6600000000000001
602,6334.0,1,1.0,-1.0,1.5,5.0,4.33,2.0,2.33
603,1767.0,0,1.0,-1.0,4.75,-4.75,-3.33,5.8,0.92
604,4413.0,1,-1.0,-1.0,5.8,1.0,0.92,3.0,4.5
605,1257.0,1,-2.0,0.0,-1.5,4.0,-1.0,3.5,3.5
606,-3321.0,0,1.0,0.0,3.0,-2.67,-3.0,-9.25,-8.0
607,3934.0,0,-2.0,-1.0,0.0,6.67,0.5,6.0,0.8699999999999999
608,-1942.0,0,0.0,1.0,-3.5,0.1699999999999999,2.0,2.67,-1.0
609,957.0,0,0.0,-1.0,6.83,3.5,1.0,-2.0,-2.0
610,-10455.0,0,2.0,1.0,-1.67,-4.0,-3.33,-3.5,-1.5
611,-10176.0,0,-1.0,2.0,0.05,-4.83,-6.33,-10.6,-9.75
612,-3251.0,0,1.0,0.0,-2.67,-5.0,-6.0,3.33,0.5
613,461.0,1,-1.0,-1.0,6.8,-5.33,-1.5,1.0,2.67
614,5229.0,1,-2.0,0.0,6.0,6.0,2.0,1.0,2.0
615,-2495.0,0,1.0,0.0,0.5,-2.67,-1.0,-7.0,-0.1699999999999999
616,6572.0,1,-2.0,0.0,0.0,4.0,3.75,-0.33,5.67
617,2102.0,1,-1.0,-1.0,-5.0,0.0,2.67,1.5,-0.1699999999999999
618,-5437.0,1,0.0,0.0,0.0,-6.67,-0.5,-0.5,-4.67
619,2602.0,0,1.0,-2.0,1.6,-0.75,2.0,-1.75,-10.67
620,5114.0,0,-1.0,-2.0,0.0,5.5,1.5,2.67,-0.33
621,-1112.0,0,-1.0,1.0,-5.8,-1.5,0.0,0.0,1.0
622,4302.0,1,1.0,-1.0,-0.83,0.0,2.0,5.67,6.0
623,625.0,0,0.0,0.0,-1.0,-4.5,-2.0,6.75,1.66
624,13824.0,1,-1.0,-3.0,5.82,3.15,14.75,4.0,17.0
625,8550.0,1,-1.0,-2.0,0.0,9.5,3.67,2.24,13.4
626,7995.0,1,-2.0,-1.0,5.0,6.0,0.0,7.0,6.0
627,-799.0,0,1.0,1.0,-0.5,-5.25,-2.0,-1.4,-8.0
628,3029.0,1,0.0,-1.0,-2.0,0.5,1.0,9.0,9.75
629,3346.0,1,-2.0,0.0,10.33,5.25,0.0,-1.83,2.0
630,586.0,1,1.0,0.0,0.5,0.5,10.4,0.1699999999999999,-1.73
631,-2116.0,1,2.0,0.0,-2.83,1.5,0.3399999999999998,-2.0,-3.33
632,1718.0,1,-2.0,-1.0,-1.5,6.67,0.5,4.0,4.43
633,5149.0,1,-1.0,-1.0,3.0,4.0,-2.5,10.4,10.4
634,-3890.0,0,1.0,2.0,-1.0,-5.0,1.0,-0.6499999999999999,-7.5
635,5210.0,1,1.0,-2.0,7.0,7.0,3.0,0.5,-2.0
636,-6327.0,0,-1.0,2.0,-4.5,-1.05,-2.8,0.3500000000000001,-1.0
637,-934.0,1,-1.0,0.0,1.0,-0.3399999999999998,-5.0,-2.0,-4.2
638,-6728.0,0,1.0,1.0,0.0,1.0,-5.0,-3.5,-7.0
639,-2407.0,1,2.0,0.0,-1.0699999999999998,-0.7999999999999998,-1.27,0.0,-1.5
640,679.0,1,-1.0,-1.0,-1.0,2.08,2.0,3.33,9.6
641,3050.0,1,-2.0,0.0,-4.8,0.6699999999999999,-0.5,5.33,2.2
642,4226.0,1,-2.0,-2.0,-1.25,0.75,3.64,2.58,10.6
643,-1337.0,1,-1.0,0.0,0.3299999999999999,-10.67,0.0,-1.5,-8.0
644,-155.0,0,0.0,-1.0,-0.25,0.5,1.0,-6.0,-4.5
645,342.0,1,2.0,-1.0,2.33,-2.67,-4.0,-1.92,-4.67
646,-769.0,1,-2.0,0.0,1.5,-7.0,-6.0,0.33,2.0
647,6100.0,1,-1.0,0.0,3.1,-1.0,6.0,-0.33,0.75
648,9334.0,1,-2.0,-4.0,4.0,5.75,3.6,0.5,3.17
649,-2088.0,0,1.0,1.0,0.0,1.0,-2.0,-2.83,-3.67
650,4050.0,1,0.0,-1.0,0.83,5.0,0.0,1.0,-3.0
651,-5442.0,0,2.0,1.0,-2.0,-6.5,-6.75,1.0,2.0
652,2385.0,1,-1.0,0.0,-2.0,-1.0,0.5,4.0,4.0
653,807.0,1,0.0,-1.0,2.5,0.0,-0.1,-0.2000000000000001,0.5499999999999998
654,-1725.0,0,0.0,1.0,1.0,-0.25,3.0,-3.67,-3.5
655,4708.0,1,0.0,-1.0,2.67,3.5,0.0,1.0,5.0
656,466.0,0,1.0,0.0,2.67,7.33,-2.0,8.75,-0.7
657,6767.0,1,1.0,-2.0,-1.0,8.67,7.33,-0.5,2.7
658,-2664.0,1,-1.0,0.0,-2.0,-4.0,-1.33,-3.0,-4.0
659,-6273.0,0,1.0,2.0,0.0,-6.0,2.0,-6.5,-3.0
660,-4931.0,0,1.0,0.0,1.0,-2.25,-0.9300000000000002,1.33,-0.25
661,-3840.0,0,1.0,-1.0,-2.67,-5.0,-4.0,-1.5,-1.0
662,472.0,0,1.0,1.0,5.0,5.5,-0.33,7.0,2.75
663,-1864.0,0,-1.0,1.0,-3.25,-2.66,1.66,-1.5,0.0
664,1331.0,1,1.0,-1.0,0.0,-2.5,-2.0,-4.33,-3.0
665,3747.0,1,1.0,-1.0,1.5,2.83,2.33,1.0,4.0
666,-3071.0,0,2.0,1.0,0.5,-3.33,-2.33,0.0,-2.0
667,-2962.0,0,1.0,2.0,2.0,-2.25,-1.5,-1.5,1.0
668,-14427.0,0,0.0,4.0,-6.83,-14.33,-19.67,-6.0,-3.0
669,5994.0,1,-1.0,-1.0,1.0,2.17,-0.6699999999999999,1.58,-0.25
670,5128.0,1,-2.0,-1.0,-3.17,12.8,-1.83,1.5,2.47
671,5489.0,1,0.0,0.0,-0.3299999999999999,10.0,5.33,3.5,9.25
672,9355.0,1,-2.0,-1.0,2.75,4.25,14.86,1.67,-0.33
673,672.0,0,0.0,0.0,1.0,0.5,-3.0,2.0,0.0
674,1379.0,0,1.0,0.0,0.5,9.5,5.0,-0.9300000000000002,1.4
675,-643.0,1,-1.0,0.0,1.0,2.0,3.0,0.0,-0.5
676,590.0,1,1.0,0.0,1.5,-1.0,1.2,1.0,1.0
677,-1612.0,0,1.0,0.0,-1.17,-3.25,0.0,-5.5,-0.25
678,148.0,1,1.0,1.0,1.0,1.5,-3.33,-2.67,-0.25
679,-1394.0,1,1.0,0.0,0.9,0.0,-4.0,-1.5,4.25
680,-9582.0,0,1.0,1.0,-5.75,-14.0,-4.0,-2.0,-12.5
681,2781.0,1,0.0,-1.0,-1.5,1.0,5.33,0.0,6.75
682,5644.0,1,-1.0,-1.0,2.67,3.33,-1.0,7.33,1.67
683,3235.0,0,1.0,-1.0,4.5,-4.0,-1.83,-1.0,5.25
684,-2621.0,1,2.0,0.0,-1.67,2.0,0.33,0.5,2.0
685,2314.0,1,-2.0,0.0,0.0,4.5,1.91,1.17,0.0
686,-5439.0,0,0.0,1.0,-3.0,-1.67,-8.86,0.0,0.6699999999999999
687,-101.0,1,0.0,0.0,-1.0,0.33,-1.25,3.33,1.73
688,-3259.0,1,-2.0,0.0,-1.0,-4.5,-0.5,-5.0,-3.8
689,3762.0,1,1.0,0.0,-1.5,0.0,0.33,3.6,-1.25
690,-4171.0,0,0.0,1.0,-2.0,0.5,-3.0,-1.17,-2.0
691,7563.0,1,1.0,-1.0,4.75,0.8,1.0,1.67,3.33
692,2722.0,1,0.0,-1.0,-0.5,2.5,0.0,1.0,0.4199999999999999
693,-786.0,0,-1.0,0.0,-0.5,-0.6699999999999999,-1.33,0.33,-3.0
694,-145.0,0,1.0,0.0,1.75,1.0,-6.67,1.67,4.5
695,3015.0,1,1.0,0.0,-1.0,0.95,-1.17,1.0,8.25
696,-738.0,1,0.0,0.0,-0.8300000000000001,0.33,-2.0,4.75,1.75
697,10300.0,1,0.0,-2.0,3.5,6.0,3.0,8.0,6.83
698,-5060.0,0,2.0,1.0,-6.0,-7.67,0.0,-3.0,-6.0
699,381.0,1,-2.0,0.0,-1.0,1.5,1.0,-0.33,-4.0
700,1097.0,1,2.0,-1.0,-2.6,-5.5,-2.0,-2.0,-3.0
701,5554.0,1,-2.0,0.0,1.4,-0.5,1.5,1.0,1.75
702,-2791.0,1,-1.0,0.0,-1.33,-2.5,2.5,-2.0,-3.83
703,-4596.0,0,2.0,1.0,-2.0,-7.0,-1.5,-5.5,-8.0
704,3359.0,0,-2.0,-1.0,1.67,0.0,3.0,-1.75,0.27
705,976.0,0,1.0,-1.0,1.7,-4.5,-6.0,-2.0,-1.5
706,3952.0,1,-1.0,0.0,1.67,2.6,4.9,1.0,0.0
707,-824.0,1,1.0,0.0,-3.0,-6.5,2.0,0.6699999999999999,-3.5
708,-6561.0,0,1.0,0.0,0.6699999999999999,-11.83,-5.1,-3.33,-8.25
709,-6366.0,0,1.0,1.0,1.0,-7.67,-10.2,-3.5,-7.0
710,4716.0,1,0.0,-1.0,6.67,4.0,3.0,0.0,1.0
711,-4480.0,1,1.0,1.0,-0.1999999999999999,-1.5,-0.5,-3.3,-3.0
712,4975.0,0,0.0,0.0,2.0,2.58,12.29,2.5,1.17
713,3203.0,1,0.0,-1.0,3.0,2.0,4.0,4.0,1.33
714,-8076.0,0,2.0,1.0,-3.5,-5.0,-1.83,-5.0,0.0
715,118.0,0,1.0,0.0,2.0,1.5,-5.0,-4.5,-1.25
716,1143.0,0,-1.0,-1.0,-6.0,6.33,5.5,0.3299999999999999,2.67
717,-134.0,0,-1.0,0.0,1.5,4.0,5.0,-4.33,2.0
718,5317.0,1,1.0,0.0,2.0,0.0,3.0,0.6699999999999999,2.0
719,9168.0,1,-1.0,-3.0,4.67,4.67,1.5,7.0,7.0
720,4834.0,1,0.0,-1.0,-0.33,6.0,1.9,0.0,2.0
721,-1379.0,0,-1.0,0.0,-0.47,-0.95,-2.67,1.25,-0.5
722,310.0,1,-1.0,1.0,-1.67,1.33,2.0,6.0,10.67
723,-2004.0,1,-1.0,0.0,4.0,-4.0,-3.75,5.75,1.3
724,7541.0,1,0.0,-3.0,4.67,4.5,4.0,5.0,5.0
725,-8835.0,1,2.0,1.0,-4.67,-5.33,-7.0,-5.0,-12.0
726,9739.0,1,-1.0,-2.0,2.5,8.75,5.0,9.75,11.8
727,-1243.0,0,1.0,1.0,-1.25,5.0,2.0,-5.0,-4.5
728,3077.0,0,1.0,-2.0,1.0,2.67,-1.0,0.5,1.17
729,-531.0,0,1.0,0.0,-4.0,-1.5,-2.0,1.0,-2.0
730,-1743.0,0,1.0,0.0,0.83,-2.0,-2.0,1.0,1.0
731,-3561.0,0,2.0,-1.0,-1.0,-5.67,2.0,-1.0,-1.0
732,-2682.0,0,1.0,2.0,-3.75,-3.33,1.0,4.2,3.5
733,2811.0,1,-1.0,0.0,0.25,0.33,3.75,7.25,1.5
734,4358.0,0,-2.0,0.0,-3.67,7.0,3.29,2.0,2.0
735,564.0,1,2.0,1.0,0.0,-0.5,-2.5,2.0,0.0
736,3007.0,1,-2.0,0.0,1.0,4.0,0.08,-1.0,1.75
737,-791.0,0,-1.0,0.0,0.5800000000000001,5.0,-5.33,-1.53,0.27
738,5362.0,1,1.0,-1.0,-2.0,6.0,-1.5,6.5,7.75
739,-3687.0,1,-2.0,0.0,-4.0,-1.33,4.6,-0.5,9.5
740,6840.0,1,1.0,-1.0,2.17,1.5,1.0,0.0,-1.0
741,4851.0,1,-1.0,0.0,3.0,6.0,2.0,7.0,7.0
742,-2799.0,0,2.0,0.0,-0.83,0.4199999999999999,-4.5,-5.0,-4.0
743,5151.0,1,0.0,-1.0,2.0,5.0,-0.5,1.67,6.67
744,-214.0,1,-1.0,0.0,0.33,8.0,4.0,-0.33,1.67
745,-8701.0,0,1.0,2.0,-7.5,-7.6,-9.5,2.0,-0.33
746,636.0,1,1.0,0.0,2.0,2.33,-2.33,-9.6,-8.6
747,14311.0,1,-2.0,-2.0,4.0,14.33,9.75,7.8,3.9
748,545.0,0,1.0,1.0,-4.0,-7.0,-3.0,-0.5,1.5
749,-6558.0,0,1.0,0.0,-2.9,-9.2,5.0,-3.33,-2.75
750,-3609.0,0,2.0,0.0,1.67,-2.0,0.0,-5.5,-4.25
751,-6773.0,0,1.0,0.0,0.0,-8.67,-7.5,-7.75,-8.8
752,-4484.0,1,1.0,0.0,3.5,0.1699999999999999,-3.5,1.83,-9.5
753,-6813.0,0,0.0,3.0,-0.5800000000000001,-4.17,-7.67,-0.5,-3.47
754,-1839.0,1,-1.0,1.0,1.5,3.0,-0.5,-1.0,-1.0
755,-2304.0,1,1.0,0.0,-3.0,6.0,6.75,-2.17,-0.5
756,-8865.0,0,1.0,1.0,-1.0,-9.25,1.5,-11.0,-10.75
757,7910.0,1,1.0,-1.0,5.0,2.27,2.5,5.9,11.67
758,-2189.0,1,1.0,0.0,0.25,-0.5,0.0,-1.0,0.5
759,4224.0,0,1.0,-2.0,7.0,2.0,-0.5,0.5,-2.0
760,-1587.0,0,1.0,1.0,-0.8300000000000001,-1.92,6.67,-3.5,0.0
761,-7676.0,0,1.0,2.0,-3.07,-4.0,-1.33,-4.0,-2.0
762,6554.0,1,1.0,-1.0,3.0,5.5,1.0,-2.67,0.6699999999999999
763,6685.0,1,-1.0,0.0,7.8,5.0,-0.25,1.25,8.75
764,-1825.0,1,1.0,0.0,-6.0,-7.0,1.25,-1.0,-1.25
765,616.0,0,1.0,0.0,-2.33,4.67,-1.0,-1.0,1.0
766,420.0,1,0.0,0.0,-1.5,0.5,2.5,1.5,3.0
767,9239.0,1,-1.0,-5.0,-3.67,1.67,3.83,2.17,7.33
768,-3615.0,0,0.0,0.0,-4.1,-10.4,-3.0,-3.0,-1.67
769,-305.0,0,1.0,0.0,-3.71,-2.83,4.5,4.0,7.0
770,4167.0,0,1.0,0.0,3.5,7.0,10.33,1.17,-0.8300000000000001
771,3606.0,1,-1.0,-1.0,-1.0,5.8,2.07,-1.0,-4.33
772,1996.0,1,0.0,0.0,2.0,4.5,0.0,-1.0,2.5
773,-1372.0,0,-1.0,1.0,0.25,5.33,-2.33,-0.5,0.6699999999999999
774,207.0,1,1.0,0.0,0.0,-3.0,0.5,-3.67,-4.0
775,5576.0,1,-1.0,-1.0,-0.5,-2.0,-0.5,3.7,4.83
776,1251.0,0,0.0,-2.0,-6.33,3.33,-5.0,-3.33,-2.5
777,-1964.0,0,2.0,1.0,-5.83,2.0,3.0,0.0,-0.5
778,7717.0,1,-1.0,-1.0,4.8,11.0,-3.75,4.5,3.4
779,3106.0,1,-2.0,0.0,2.0,1.5,8.43,6.33,6.0
780,4264.0,1,1.0,-1.0,-1.0,1.0,-1.0,-1.0,0.0
781,-5012.0,0,0.0,1.0,-3.67,0.25,-5.0,2.83,6.33
782,-4442.0,0,2.0,0.0,-4.0,-7.5,-3.17,-1.17,1.0
783,-988.0,1,0.0,1.0,0.0,-2.75,1.33,-1.0,3.0
784,8440.0,0,-1.0,-1.0,0.67,8.25,2.0,7.0,7.0
785,-100.0,0,-1.0,1.0,-3.75,6.33,1.0,4.0,7.67
786,2515.0,1,1.0,-1.0,1.75,1.5,2.0,-0.33,0.3399999999999998
787,4923.0,1,-2.0,0.0,0.0,2.5,5.67,-2.0,0.0
788,-7652.0,0,1.0,1.0,-4.0,-0.6699999999999999,-2.0,-3.5,-9.6
789,1022.0,0,0.0,0.0,0.5800000000000001,-8.5,0.0,1.17,1.83
790,4201.0,1,-2.0,-1.0,-2.0,7.0,3.0,1.5,5.5
791,-1712.0,0,1.0,0.0,-1.17,1.5,-0.5,-9.0,-3.25
792,5247.0,1,-2.0,-1.0,2.0,0.5,3.5,4.0,1.0
793,-8241.0,1,-1.0,2.0,-5.83,-8.5,-2.33,-0.5,-3.0
794,5834.0,1,0.0,-2.0,-4.0,0.3299999999999999,1.75,5.67,4.0
795,11.0,1,-1.0,0.0,-3.0,1.0,-2.67,4.0,5.0
796,844.0,1,-1.0,0.0,1.5,5.33,4.67,-2.67,3.0
797,2516.0,1,-1.0,0.0,-2.0,0.0,-1.33,4.0,9.33
798,-16190.0,0,0.0,5.0,-5.0,-9.75,-5.0,-8.8,-9.0
799,-3323.0,0,1.0,1.0,-0.6000000000000001,-0.1699999999999999,0.0,3.0,3.0
800,-4349.0,0,1.0,2.0,-8.89,2.0,1.33,-6.0,-6.75
801,5096.0,1,0.0,0.0,3.67,7.5,0.0,4.0,5.5
802,-3032.0,0,1.0,0.0,0.0,-0.5,-5.5,3.5,-2.33
803,-5616.0,0,-1.0,2.0,-7.0,-5.0,-2.0,2.0,0.6699999999999999
804,-6557.0,0,1.0,2.0,-4.33,-2.5,-2.5,-1.75,0.5
805,10632.0,1,-1.0,-2.0,1.75,11.71,2.5,8.8,9.75
806,2698.0,0,0.0,0.0,2.0,1.0,2.0,2.0,4.17
807,12607.0,1,-1.0,-2.0,2.0,13.2,7.0,12.5,5.5
808,3302.0,0,-1.0,0.0,2.5,-1.0,-0.33,2.5,0.6699999999999999
809,378.0,0,-1.0,1.0,-2.75,-3.0,0.5,6.67,1.25
810,-3015.0,0,1.0,1.0,-5.8,-7.33,0.33,-1.0,-3.0
811,-2742.0,0,1.0,-1.0,3.0,-2.5,-1.0,-2.17,-7.0
812,6374.0,1,0.0,-2.0,5.8,-1.5,3.6,0.6699999999999999,-0.5
813,-716.0,1,-1.0,-1.0,5.0,-5.33,-1.0,-2.33,1.0
814,-5632.0,0,-1.0,1.0,1.0,-7.0,-4.0,-6.0,-9.0
815,3931.0,1,-2.0,-1.0,1.0,3.5,0.0,-0.5,1.0
816,-3554.0,0,-1.0,1.0,-6.67,-1.0,-4.5,-1.0,0.0
817,-2271.0,0,1.0,0.0,0.0,-6.83,-1.0,6.67,7.67
818,5531.0,1,1.0,-2.0,0.8300000000000001,1.0,0.47,2.5,-0.5
819,-4686.0,0,-2.0,1.0,-0.5,-1.6,-7.25,6.33,2.75
820,-8224.0,0,1.0,1.0,-9.6,-2.5,0.33,-2.5,-6.6
821,-9942.0,0,2.0,3.0,-0.5,-9.6,-3.33,-1.0,0.33
822,1869.0,1,1.0,-1.0,2.07,5.0,-1.5,0.08,-3.5
823,7202.0,1,-1.0,-2.0,3.8,8.0,0.8300000000000001,3.8,3.96
824,-8129.0,0,0.0,0.0,4.0,-7.0,-6.67,-5.0,-9.25
825,-5901.0,0,1.0,0.0,-7.0,-7.5,-0.5,-1.36,-7.5
826,6224.0,1,-2.0,-1.0,10.67,3.5,2.75,1.5,2.75
827,478.0,1,2.0,0.0,0.0,7.0,4.67,2.0,2.0
828,974.0,0,2.0,0.0,4.0,-1.0,0.0,-1.0,-1.0
829,-6615.0,0,1.0,1.0,-0.83,-13.4,1.0699999999999998,-7.0,-2.0
830,3855.0,1,-2.0,-1.0,-0.75,-1.0,4.0,5.0,4.67
831,3360.0,1,0.0,-1.0,2.8,-1.9,2.0,-0.33,4.0
832,-7632.0,0,1.0,0.0,-1.0,-9.0,-1.5,-0.92,-4.0
833,6943.0,1,-1.0,-1.0,3.25,4.67,9.0,7.33,2.87
834,3736.0,1,1.0,0.0,-0.6699999999999999,0.5,-0.75,-2.0,-4.67
835,-831.0,0,-2.0,0.0,0.75,2.1,2.0,-5.67,-0.5
836,-2720.0,0,0.0,1.0,-2.0,5.5,5.5,-0.8,-10.4
837,13929.0,1,-1.0,-4.0,4.25,7.5,4.25,3.0,4.0
838,6522.0,1,-1.0,-2.0,3.0,6.0,3.0,8.67,4.5
839,2683.0,1,1.0,0.0,1.5,-2.0,0.0,-3.67,0.0
840,9373.0,1,-1.0,-1.0,1.5,2.0,8.0,2.0,5.0
841,236.0,0,-1.0,0.0,-2.25,1.5,0.1699999999999999,2.0,-3.75
842,-2219.0,0,2.0,0.0,1.4,-6.67,0.0,-1.27,-2.33
843,3661.0,1,1.0,-2.0,4.5,-0.53,0.0,-2.17,-4.0
844,1432.0,1,0.0,-1.0,5.83,7.0,0.0,1.0,2.0
845,-5411.0,0,1.0,1.0,-1.25,-1.0,-2.33,-2.5,-9.67
846,-139.0,0,1.0,0.0,-2.0,-2.0,-1.0,0.0,-1.0
847,258.0,1,1.0,0.0,-2.0,0.0,4.0,2.5,1.0
848,5816.0,1,-2.0,-1.0,0.5,0.0,0.0,11.2,3.33
849,6618.0,1,-1.0,0.0,5.6,1.83,0.5,2.7,3.0
850,1715.0,1,0.0,0.0,0.0,-1.33,2.0,1.0,-0.6699999999999999
851,2427.0,0,-1.0,-1.0,-2.0,5.0,-1.5,2.27,5.67
852,1051.0,1,-1.0,1.0,2.5,7.33,1.75,-0.75,-4.0
853,-2250.0,0,2.0,0.0,3.0,-7.5,1.0,-3.0,-7.33
854,-3261.0,0,2.0,1.0,0.66,-2.5,-3.0,-1.83,-1.0
855,-8243.0,0,2.0,1.0,-1.27,-6.0,-3.0,-9.5,-13.4
856,2047.0,0,-1.0,0.0,2.5,0.0,5.67,0.1699999999999999,-5.0
857,-5528.0,0,1.0,1.0,2.0,-9.0,1.25,-1.0,-0.4199999999999999
858,3833.0,0,-1.0,1.0,0.25,8.67,8.0,-0.97,3.0
859,1460.0,0,1.0,0.0,-6.0,6.33,2.0,1.0,3.5
860,5468.0,1,-2.0,-2.0,3.75,4.5,5.33,0.0,-0.5
861,-324.0,1,2.0,-1.0,-1.25,0.5,-2.0,1.0,0.6699999999999999
862,-1647.0,0,0.0,0.0,-5.33,-1.5,-1.67,-1.0,-10.25
863,-10102.0,0,-1.0,3.0,0.5,-5.0,-5.0,-3.0,-4.33
864,-1010.0,0,-2.0,0.0,1.67,2.5,-4.0,-1.25,2.5
865,865.0,1,0.0,0.0,1.83,0.0,0.0,-4.0,-0.5
866,406.0,1,2.0,1.0,0.0,-1.0,4.25,-0.1699999999999999,-1.0
867,-79.0,0,-2.0,1.0,-0.5,0.8300000000000001,-1.5,4.0,4.5
868,-3441.0,0,1.0,1.0,5.75,0.0,-6.0,-6.0,-3.0
869,1472.0,0,1.0,0.0,-1.33,0.4199999999999999,5.75,-5.0,-5.33
870,12474.0,1,-1.0,-3.0,9.0,8.67,4.67,9.0,10.0
871,10716.0,1,-1.0,-1.0,1.5,14.0,1.79,10.6,5.3
872,-114.0,0,0.0,0.0,1.0,1.5,-1.67,-0.6600000000000001,1.0
873,12393.0,1,2.0,-3.0,3.4,4.6,5.1,9.67,11.0
874,7254.0,1,0.0,0.0,1.0699999999999998,9.0,4.0,4.0,5.0
875,-6300.0,0,1.0,1.0,0.17,-7.0,-2.7,-4.33,-6.25
876,11849.0,1,-1.0,-5.0,5.0,8.75,2.5,1.5,3.0
877,1579.0,1,-1.0,0.0,-1.42,1.5,4.0,3.5,-1.0
878,-3797.0,1,1.0,0.0,-4.0,-4.0,-2.0,-1.5,-2.0
879,5484.0,1,0.0,0.0,3.75,6.67,6.0,-1.0,0.0
880,-3877.0,0,1.0,1.0,-0.5,-4.0,-5.0,-2.5,-5.5
881,2088.0,1,1.0,0.0,5.33,-2.5,-0.5,0.6000000000000001,0.8999999999999999
882,1265.0,0,1.0,0.0,2.0,-2.0,-1.33,-0.1699999999999999,4.33
883,-1475.0,1,1.0,0.0,-2.5,-2.5,-1.0,2.33,-0.5
884,2693.0,1,-1.0,0.0,-1.25,7.5,1.0,2.39,0.3999999999999999
885,-5933.0,0,1.0,1.0,-5.75,-8.0,-0.6699999999999999,-3.0,-6.5
886,5000.0,1,-2.0,-2.0,8.5,3.33,2.67,-2.5,5.2
887,6130.0,1,0.0,0.0,1.5,3.5,0.6699999999999999,1.5,1.47
888,1569.0,0,1.0,0.0,-0.3299999999999999,2.0,3.5,1.0,0.6600000000000001
889,-4051.0,0,0.0,1.0,0.5,-3.0,-0.33,0.0,-2.0
890,-6686.0,1,-1.0,2.0,-0.33,-2.4,-2.0,-2.67,-6.75
891,-7176.0,0,2.0,3.0,-2.67,-4.0,-7.0,3.5,3.0
892,-803.0,0,0.0,-2.0,-0.5,-8.5,-10.2,-1.33,-1.4
893,-5880.0,0,0.0,1.0,-1.75,-1.25,-2.53,-2.0,-2.5
894,3810.0,1,1.0,-1.0,1.5,-0.5,1.0,1.5,4.0
895,8030.0,1,2.0,-2.0,7.62,1.3,5.5,-4.0,2.5
896,-6465.0,0,2.0,1.0,2.04,1.0,-2.0,-1.15,-10.38
897,2732.0,1,1.0,0.0,2.0,2.0,3.0,-6.33,-0.3399999999999998
898,-2335.0,0,-1.0,1.0,-1.0,-2.0,1.83,-3.0,-2.0
899,-2722.0,1,-1.0,1.0,-7.0,2.2,-3.5,1.42,-0.5
900,1007.0,0,0.0,0.0,-0.95,1.0,-1.75,-0.6699999999999999,-0.33
901,-1749.0,1,2.0,-1.0,-7.0,-1.67,-0.5800000000000001,2.25,-1.0
902,-319.0,0,1.0,-1.0,-2.33,-0.33,-1.5,6.33,1.0
903,-2714.0,0,2.0,0.0,-0.5,-2.17,-5.0,-1.2,-5.5
904,2813.0,1,2.0,-1.0,-0.33,0.67,1.5,2.5,4.5
905,712.0,0,-2.0,0.0,5.5,2.6,4.5,0.3500000000000001,0.08
906,1907.0,1,-2.0,0.0,0.0,1.66,2.25,4.33,8.67
907,1151.0,0,-1.0,0.0,1.0,1.0,1.5,0.75,-2.0
908,224.0,1,-1.0,1.0,2.5,1.0,-0.5,-7.0,-3.17
909,4476.0,1,1.0,-1.0,4.88,4.5,-4.0,1.0,0.0
910,2476.0,1,-1.0,0.0,1.0,-3.0,-4.5,3.0,2.67
911,-6714.0,0,2.0,3.0,-2.0,-1.0,0.0,-1.33,-1.0
912,3132.0,1,1.0,-1.0,1.75,1.0,2.5,0.0,0.0
913,-2214.0,0,1.0,0.0,1.0,-1.75,-3.0,-2.0,2.0
914,-508.0,0,0.0,0.0,0.0,-1.0,0.0,-1.0,1.0
915,1330.0,0,-1.0,-1.0,0.6699999999999999,-2.0,0.7400000000000001,0.58,-4.5
916,-1227.0,1,1.0,0.0,-0.92,-0.53,0.0,-6.1,0.0
917,-7981.0,0,1.0,2.0,-3.4,-3.0,-4.71,-2.73,-1.25
918,-7795.0,0,1.0,1.0,1.0,-3.0,-7.6,-6.0,-1.67
919,3464.0,1,-2.0,-1.0,0.3299999999999999,1.0,-2.0,2.0,0.5
920,-6111.0,0,2.0,2.0,-2.3,-2.0,-2.5,-2.0,0.0
921,-7195.0,0,0.0,2.0,-3.75,-5.4,-3.5,-10.25,-3.7
922,-6242.0,0,-1.0,1.0,-1.0,-6.33,-4.33,2.5,0.3399999999999998
923,3369.0,1,-1.0,0.0,-0.3299999999999999,3.0,3.67,-1.25,-2.5
924,-1255.0,0,1.0,2.0,0.0,0.0,0.33,5.75,4.5
925,-3656.0,0,2.0,1.0,-4.0,1.0,0.83,1.5,-2.17
926,3932.0,1,2.0,-1.0,7.0,0.1699999999999999,6.67,-6.0,-6.0
927,541.0,0,-2.0,2.0,-1.5,-1.25,6.5,3.33,7.5
928,2161.0,1,-2.0,-1.0,-1.0,1.0,-2.0,0.5,-3.0
929,7563.0,1,1.0,-2.0,-3.67,5.0,2.0,4.0,3.5
930,2746.0,1,2.0,-1.0,-1.33,3.0,0.8300000000000001,3.5,-0.1699999999999999
931,407.0,0,0.0,0.0,-0.3299999999999999,-2.0,-1.33,0.5,1.5
932,2271.0,1,-1.0,0.0,-2.67,0.0,-3.25,5.0,1.5
933,-3590.0,0,1.0,0.0,1.0,-5.75,-6.0,2.0,1.5
934,-4106.0,0,-1.0,1.0,1.0,0.0,-3.0,-1.0,-1.0
935,1890.0,1,-1.0,-1.0,-1.5,4.5,2.0,1.75,-1.0
936,4463.0,1,1.0,-2.0,-3.0,6.75,3.5,5.0,5.3
937,2667.0,1,-2.0,-1.0,-0.5,-1.0,1.5,3.17,0.5
938,-7276.0,0,1.0,3.0,-3.21,0.0,-0.5,-2.0,-1.33
939,-4703.0,1,1.0,0.0,1.5,-4.33,-4.5,-3.0,1.5
940,3093.0,1,-2.0,0.0,1.0,6.0,2.0,-2.0,-1.5
941,3664.0,1,0.0,-2.0,-0.25,2.83,-1.33,7.67,10.25
942,-3823.0,0,2.0,1.0,4.67,-2.25,-1.5,-1.97,-13.83
943,-1739.0,1,0.0,0.0,-3.5,0.0,1.0,0.0,2.0
944,-12333.0,0,2.0,2.0,-3.0,-7.83,-5.33,-10.33,-5.17
945,-2859.0,0,-1.0,0.0,-0.83,-4.0,-4.0,-2.0,-3.0
946,1736.0,1,0.0,0.0,0.83,7.0,-3.67,1.0,2.9
947,-424.0,1,1.0,0.0,-2.67,0.0,0.33,0.0,0.0
948,3872.0,1,0.0,0.0,1.33,3.0,3.0,0.5,5.33
949,2179.0,0,0.0,0.0,1.25,-2.67,0.0,-2.0,-1.0
950,1302.0,1,0.0,-1.0,2.0,1.0,1.0,-3.5,-0.33
951,-1084.0,0,0.0,0.0,2.0,-0.5,3.0,-1.33,-0.3399999999999998
952,-5419.0,0,2.0,0.0,-2.67,-7.0,-4.17,-4.0,-10.5
953,-5575.0,0,0.0,2.0,1.83,-1.67,-2.5,-7.8,-3.33
954,1251.0,0,1.0,-1.0,0.5,-8.86,-3.0,2.33,-5.0
955,7016.0,1,-1.0,-1.0,0.0,-1.0,2.67,5.38,6.17
956,3104.0,0,1.0,-1.0,2.4,2.5,-0.5,-2.5,-1.83
957,-10025.0,0,1.0,3.0,-3.0,-10.75,-2.5,-0.92,0.5999999999999999
958,-165.0,1,-1.0,0.0,-2.33,-3.3,-2.2,3.0,0.0
959,1029.0,0,-2.0,-3.0,-1.0,-4.83,-2.0,-7.75,-1.75
960,3056.0,1,1.0,-1.0,0.0,-0.3500000000000001,-0.8300000000000001,-1.08,-3.0
961,5867.0,1,0.0,-4.0,0.49,7.0,6.6,0.0,0.25
962,4127.0,0,0.0,-1.0,1.5,3.5,-1.0,0.0,-3.0
963,-4015.0,0,1.0,1.0,-0.92,0.33,-1.0,-0.1699999999999999,-2.5
964,-4084.0,0,2.0,1.0,-4.0,-6.67,-1.2,-2.5,-0.6699999999999999
965,-1844.0,0,2.0,0.0,-2.5,-10.6,0.0,0.3500000000000001,1.33
966,2946.0,1,1.0,0.0,3.8,5.0,-0.5,0.0,3.0
967,3170.0,1,0.0,-2.0,0.0,-1.5,1.5,7.0,4.5
968,-8930.0,0,1.0,1.0,-1.0,-5.5,-5.67,-6.0,-8.8
969,-2704.0,0,-1.0,1.0,-0.1699999999999999,2.67,-3.67,3.5,-1.0
970,757.0,1,-2.0,-1.0,-1.0,4.0,-0.83,4.9,0.8600000000000001
971,7550.0,0,1.0,-1.0,2.5,3.0,3.0,5.5,1.67
972,-4263.0,0,2.0,0.0,1.0,1.0,-4.67,1.11,-0.5
973,-2520.0,0,1.0,0.0,0.5,-0.33,0.0,-2.25,1.17
974,4395.0,1,-2.0,0.0,0.0,9.5,3.5,2.6,6.5
975,2131.0,1,-1.0,-1.0,5.0,-2.0,-7.0,1.0,2.0
976,4787.0,1,-1.0,-1.0,0.0,-1.5,4.0,1.0,3.33
977,6299.0,1,-1.0,-1.0,3.71,2.0,3.67,0.4199999999999999,-3.0
978,588.0,0,0.0,0.0,1.5,3.0,5.67,2.0,1.0
979,-1313.0,0,0.0,0.0,-3.33,-5.0,1.0,-1.0,1.0
980,-3813.0,0,2.0,1.0,-1.0,1.5,4.33,-6.0,-4.0
981,-2320.0,0,1.0,0.0,1.0,-3.0,0.0,-3.5,-3.0
982,1958.0,1,2.0,-1.0,0.4199999999999999,3.0,1.5,-6.0,-4.0
983,5978.0,1,-1.0,-1.0,7.57,6.1,2.5,1.0,2.4
984,-4554.0,0,-1.0,1.0,-2.0,-11.0,3.25,-0.03,2.25
985,6094.0,1,-1.0,-1.0,2.0,4.25,12.5,2.0,4.33
986,6313.0,1,-1.0,-1.0,-0.83,4.0,6.5,0.3399999999999998,2.0
987,4122.0,1,1.0,-1.0,7.0,7.0,2.0,-3.0,3.0
988,4259.0,1,0.0,0.0,6.5,4.5,-3.5,9.33,3.25
989,2019.0,1,-1.0,0.0,-1.0,-1.0,4.0,6.33,5.75
990,2364.0,0,-1.0,0.0,-0.5,-3.5,1.0,4.0,0.0
991,-9692.0,0,1.0,0.0,-3.0,-1.25,0.33,-4.19,-7.7
992,8028.0,1,-1.0,-1.0,5.0,6.0,6.83,3.0,4.33
993,2145.0,0,2.0,0.0,1.0,0.5,0.1,1.0,0.0
994,-1530.0,1,1.0,-1.0,-1.0,0.6699999999999999,1.33,-4.0,-2.6
995,4762.0,1,1.0,-1.0,3.5,3.0,2.5,0.0,4.67
996,-791.0,1,2.0,-1.0,-1.33,-6.5,0.8300000000000001,-2.0,0.1699999999999999
997,2170.0,1,-1.0,-1.0,-1.0,2.33,3.5,3.5,6.33
998,3451.0,1,-1.0,-1.0,1.0,0.25,-2.0,1.0,2.0
999,-1629.0,0,-1.0,0.0,5.0,-2.67,-0.5,-5.0,-1.0
