link,gold_difference_at_20_minutes,turret_difference_at_20_minutes,dragon_difference_at_20_minutes,Team_Win,kda_top_blue,kda_top_red,kda_jungle_blue,kda_jungle_red,kda_mid_blue,kda_mid_red,kda_ad_blue,kda_ad_red,kda_sp_blue,kda_sp_red,herald_difference_at_20_minutes
/match/br/2721472525,4983.0,1.0,2.0,blue,5.0,0.0,2.5,1.6,3.0,2.0,4.33,0.8,5.0,1.6,0
/match/br/2721469891,-1095.0,0.0,-2.0,red,0.38,1.33,2.0,5.0,1.0,8.0,9.0,1.0,3.67,5.5,-2
/match/br/2721473171,-11162.0,-3.0,-2.0,red,1.25,4.5,0.67,5.5,1.2,8.0,1.0,4.0,0.25,2.67,1
/match/br/2721464706,4214.0,5.0,-2.0,blue,3.2,2.17,1.5,1.2,3.0,1.4,3.5,1.25,4.0,2.4,2
/match/br/2721463785,-2200.0,-1.0,0.0,red,1.25,2.0,2.6,1.83,3.67,2.0,1.11,3.0,4.67,2.2,1
/match/br/2721453946,-1031.0,2.0,3.0,blue,0.8,4.5,2.0,4.0,1.67,3.33,1.0,6.0,2.0,5.0,1
/match/br/2721451844,-7425.0,-4.0,-2.0,red,1.33,1.67,0.75,8.0,1.5,3.5,0.0,7.0,0.5,7.0,-2
/match/br/2721457086,-5593.0,-3.0,2.0,red,0.27,5.33,2.0,3.25,2.0,3.0,4.0,2.25,2.0,2.0,1
/match/br/2721443475,-5844.0,-3.0,-1.0,red,4.5,7.0,1.14,2.4,2.2,3.33,4.33,1.0,4.67,1.0,-2
/match/br/2721446240,2597.0,2.0,1.0,blue,3.0,1.33,4.0,2.0,5.0,1.0,1.5,3.0,2.0,3.0,2
/match/br/2721440678,2249.0,1.0,2.0,blue,2.5,0.67,9.0,0.75,8.0,0.0,2.0,4.0,8.0,4.0,2
/match/br/2721431770,5696.0,4.0,0.0,blue,0.75,4.0,3.67,2.5,3.5,1.6,2.0,1.5,3.0,2.25,1
/match/br/2721427891,2392.0,3.0,-2.0,red,0.2,3.0,0.5,14.0,1.0,9.0,1.0,1.4,9.0,3.0,2
/match/br/2721429395,-5484.0,-3.0,-2.0,red,2.0,5.0,1.5,14.0,0.6,6.67,2.75,2.14,1.44,4.25,-2
/match/br/2721420135,-8885.0,-3.0,-3.0,red,0.0,6.0,0.5,4.0,0.0,3.0,1.5,1.25,1.5,4.5,-2
/match/br/2721419176,-6558.0,0.0,0.0,red,3.0,1.0,1.0,5.0,1.0,10.0,0.75,11.0,0.67,5.0,0
/match/br/2721416386,3256.0,3.0,-1.0,blue,5.0,0.67,10.0,3.0,3.0,1.0,1.33,1.33,1.75,2.5,0
/match/br/2721407964,1940.0,0.0,0.0,red,5.0,2.5,2.0,4.33,1.0,6.5,2.75,0.8,2.0,3.5,-1
/match/br/2721405027,-12467.0,-4.0,-3.0,red,0.17,2.67,0.86,11.0,0.29,5.0,2.0,2.75,1.0,8.0,-2
/match/br/2721391997,-5284.0,-1.0,0.0,red,0.86,0.62,2.0,14.0,1.75,5.5,1.0,3.67,0.62,2.83,0
/match/br/2721393211,3821.0,2.0,-2.0,blue,2.25,2.2,4.33,2.67,3.0,6.0,2.0,3.0,2.5,1.67,2
/match/br/2721387808,1002.0,4.0,-2.0,blue,2.0,0.5,0.75,6.5,1.0,2.25,1.5,2.5,3.33,4.67,0
/match/br/2721387735,-5969.0,-3.0,-2.0,red,1.2,4.0,0.86,5.33,2.5,2.67,0.56,2.8,3.33,2.0,0
/match/br/2721388367,-1532.0,0.0,-2.0,red,0.57,1.4,1.75,2.8,1.33,1.33,1.5,10.0,1.5,6.0,2
/match/br/2721381879,-4893.0,-2.0,2.0,blue,3.0,13.0,1.14,4.2,0.8,2.5,16.0,2.33,1.5,1.62,-2
/match/br/2721376844,4676.0,3.0,0.0,red,2.33,0.33,3.0,9.0,8.0,0.83,3.5,0.75,3.0,7.0,1
/match/br/2721373626,-334.0,0.0,3.0,red,6.0,1.5,1.25,2.67,1.0,4.0,3.5,4.0,2.0,9.0,2
/match/br/2721361838,3177.0,1.0,-2.0,red,2.33,1.17,3.25,1.62,5.33,1.2,0.4,2.25,7.0,1.43,2
/match/br/2721364320,-2472.0,0.0,-2.0,red,0.8,4.5,2.33,2.6,4.0,2.5,2.67,2.6,2.0,2.17,0
/match/br/2721363356,-5156.0,-3.0,-2.0,red,1.33,2.0,0.67,6.0,2.0,2.33,1.0,10.0,0.8,3.0,-2
/match/br/2721363216,-6771.0,-2.0,-2.0,red,1.2,5.33,1.12,2.17,1.33,7.0,1.0,2.0,2.0,6.0,1
/match/br/2721351626,5578.0,3.0,2.0,blue,1.0,2.0,8.0,3.0,4.5,3.0,2.25,3.5,3.0,1.5,2
/match/br/2721345088,6975.0,3.0,2.0,blue,0.14,4.5,8.0,2.67,3.33,1.25,11.0,0.29,15.0,0.67,0
/match/br/2721335896,3733.0,2.0,-1.0,blue,7.0,0.5,7.0,0.64,2.67,0.75,1.75,3.0,2.2,12.0,2
/match/br/2721338396,2220.0,1.0,2.0,blue,1.0,1.0,6.5,1.5,0.5,7.0,11.0,3.5,12.0,1.2,0
/match/br/2721333252,10367.0,3.0,1.0,blue,5.5,1.75,6.0,0.62,7.5,1.2,13.0,0.5,3.25,1.5,2
/match/br/2721326613,9825.0,4.0,2.0,blue,2.0,0.67,7.0,1.25,9.0,0.25,7.0,0.0,7.0,0.0,2
/match/br/2721321519,4896.0,1.0,0.0,blue,1.67,1.67,5.5,0.8,8.0,1.0,6.5,0.33,10.0,2.0,0
/match/br/2721321178,-1428.0,-1.0,-2.0,red,3.0,2.67,1.25,6.0,6.0,5.0,8.0,1.0,2.0,3.0,0
/match/br/2721313812,1276.0,-1.0,0.0,red,2.5,0.75,4.0,6.0,1.5,1.75,2.75,2.0,3.33,1.75,2
/match/br/2721316553,-633.0,-1.0,-1.0,red,0.67,2.25,3.0,0.8,0.78,5.0,15.0,0.6,5.0,1.67,1
/match/br/2721311920,-162.0,-1.0,-2.0,red,2.0,2.5,1.25,3.6,1.17,3.0,4.0,0.29,4.67,1.75,-2
/match/br/2721311761,-1086.0,-2.0,0.0,red,1.8,0.8,6.5,4.0,2.33,2.25,1.83,2.17,2.17,3.5,0
/match/br/2721313142,-6504.0,-4.0,-1.0,red,0.17,4.5,5.5,1.2,1.8,4.5,0.43,5.33,3.2,1.43,-1
/match/br/2721308802,-45.0,3.0,2.0,blue,1.5,2.25,1.67,3.33,0.75,1.25,1.22,7.0,5.5,4.25,2
/match/br/2721310456,-1158.0,0.0,0.0,blue,1.33,0.75,5.0,1.75,2.0,1.67,1.0,4.0,1.75,5.5,0
/match/br/2721303502,-8559.0,-6.0,-2.0,red,0.33,3.33,1.0,14.0,0.38,10.0,3.0,1.33,8.0,3.0,-2
/match/br/2721296178,-10078.0,-5.0,-2.0,red,0.22,2.5,1.5,6.5,0.75,2.67,1.75,13.0,0.25,5.5,-2
/match/br/2721273988,4684.0,2.0,1.0,blue,8.0,0.5,10.0,0.43,7.5,0.6,1.67,2.5,6.5,5.0,0
/match/br/2721274665,7029.0,3.0,0.0,blue,1.25,1.33,4.5,1.5,6.0,2.0,3.67,1.67,7.0,0.83,0
/match/br/2721268329,21.0,-2.0,0.0,red,2.5,2.0,5.0,1.4,2.5,5.0,2.4,2.25,6.5,1.75,-2
/match/br/2721265266,-9084.0,-4.0,-2.0,red,0.25,3.0,1.0,11.0,1.0,1.0,2.5,7.0,3.0,2.67,-1
/match/br/2721258934,-9138.0,-3.0,-2.0,red,3.0,1.67,1.0,12.0,1.75,1.5,0.67,3.67,0.8,14.0,-1
/match/br/2721246071,-4020.0,-1.0,-2.0,red,0.67,1.5,1.5,3.0,1.33,3.5,2.4,2.25,3.67,1.33,1
/match/br/2721240542,-2643.0,-2.0,-3.0,blue,0.8,1.6,4.75,2.6,2.4,2.8,2.0,1.8,1.5,2.0,0
/match/br/2721233984,4460.0,3.0,0.0,blue,9.0,1.2,1.5,1.33,1.0,0.33,4.0,1.5,1.67,2.0,-1
/match/br/2721236323,-4708.0,-3.0,-2.0,red,1.0,4.0,1.5,3.5,4.0,1.5,0.6,0.75,2.0,8.0,-1
/match/br/2721235223,2869.0,2.0,-1.0,blue,1.14,1.67,14.0,0.83,7.0,0.62,3.5,3.0,3.5,2.33,2
/match/br/2721232637,-158.0,0.0,0.0,red,1.0,0.6,11.0,1.4,2.0,1.5,2.33,1.5,2.67,9.0,1
/match/br/2721228583,7196.0,3.0,0.0,red,2.33,3.0,2.33,4.33,1.17,2.0,2.5,1.67,2.0,5.0,2
/match/br/2721214930,-6782.0,-4.0,-1.0,red,1.25,5.0,2.67,2.67,2.0,2.5,0.8,8.0,5.0,8.0,-1
/match/br/2721216080,-4545.0,2.0,-3.0,red,0.6,1.33,1.8,6.0,2.33,3.33,0.64,6.33,1.0,5.33,0
/match/br/2721210712,5605.0,3.0,0.0,blue,4.0,1.5,2.5,1.2,1.67,3.0,7.0,6.0,1.75,2.33,0
/match/br/2721210552,825.0,1.0,0.0,red,1.67,0.75,2.67,3.5,0.6,3.33,1.0,2.0,5.5,1.6,0
/match/br/2721204214,4611.0,6.0,2.0,red,2.5,2.5,2.0,5.0,3.0,2.67,1.5,1.0,2.25,5.5,0
/match/br/2721195532,1778.0,1.0,-2.0,red,2.0,1.33,2.4,3.5,1.25,2.33,1.75,1.5,1.75,11.0,2
/match/br/2721189238,4056.0,0.0,1.0,blue,3.0,1.33,2.33,1.67,2.67,4.0,2.0,3.0,6.0,1.0,0
/match/br/2721185506,384.0,0.0,1.0,blue,2.75,4.67,5.0,1.67,3.25,1.33,1.5,1.2,3.0,7.0,2
/match/br/2721183483,-4216.0,-2.0,-1.0,blue,4.5,0.67,2.33,1.67,0.71,2.0,0.5,12.0,0.8,6.5,1
/match/br/2721181246,-1630.0,-2.0,-3.0,blue,1.0,2.75,2.33,10.0,1.67,3.0,1.0,2.67,3.33,1.0,2
/match/br/2721179037,-1537.0,-1.0,-2.0,blue,4.5,1.2,1.67,3.5,5.0,1.33,1.0,7.5,3.0,3.75,0
/match/br/2721171523,8250.0,5.0,1.0,blue,2.0,1.25,2.4,2.33,12.0,0.33,9.0,2.0,9.0,1.0,2
/match/br/2721169578,-9913.0,-4.0,-2.0,red,1.33,3.0,1.0,3.25,0.38,7.0,2.0,2.25,1.5,6.0,-2
/match/br/2721160022,-7625.0,-2.0,0.0,red,1.17,5.0,1.5,2.0,2.0,0.71,0.83,4.5,0.5,11.0,2
/match/br/2721154832,2724.0,-1.0,-2.0,red,6.0,0.0,1.0,6.0,0.0,5.0,1.33,2.0,3.5,7.0,-2
/match/br/2721155286,-3349.0,-2.0,2.0,blue,1.75,2.0,3.0,4.0,1.67,0.67,1.83,2.4,1.57,3.2,2
/match/br/2721153110,-5648.0,-3.0,-2.0,red,1.0,3.0,1.17,4.67,1.6,2.25,2.0,2.0,3.25,1.25,-1
/match/br/2721147290,2125.0,2.0,2.0,red,3.5,0.67,8.0,0.83,3.0,1.0,3.5,1.2,1.2,6.0,2
/match/br/2721146005,5761.0,1.0,-2.0,blue,5.0,1.0,4.67,2.25,3.33,1.0,1.2,2.2,3.0,4.0,-1
/match/br/2721132937,-3453.0,-1.0,-1.0,red,2.0,9.0,1.67,4.5,1.0,2.33,2.0,2.33,3.33,2.67,-2
/match/br/2721128578,5059.0,-1.0,0.0,blue,2.0,0.78,5.0,1.8,1.75,1.2,1.5,2.12,2.29,3.0,0
/match/br/2721124507,-4236.0,-2.0,-2.0,red,5.0,2.0,1.25,6.5,2.5,3.0,1.0,15.0,0.67,4.0,0
/match/br/2721121747,494.0,1.0,-1.0,blue,0.5,6.0,3.5,5.5,0.5,4.0,3.2,0.75,2.75,1.17,1
/match/br/2721127261,-3798.0,-2.0,-2.0,red,0.2,7.0,1.14,5.0,2.0,2.67,0.5,14.0,0.57,14.0,-2
/match/br/2721118254,-919.0,0.0,-1.0,red,1.2,3.33,1.83,2.33,16.0,3.5,1.5,1.33,3.5,1.17,-2
/match/br/2721108757,-3556.0,-2.0,-2.0,red,3.33,0.38,1.0,3.0,1.2,4.0,0.8,5.5,2.2,14.0,0
/match/br/2721108700,4281.0,0.0,0.0,blue,6.0,0.25,6.5,1.2,1.0,3.0,3.5,0.8,1.8,2.25,1
/match/br/2721108514,-196.0,0.0,-1.0,red,4.5,0.6,14.0,0.67,1.17,1.5,7.0,1.5,1.8,3.5,2
/match/br/2721108356,1702.0,0.0,-1.0,red,0.67,4.0,3.33,0.8,0.83,3.5,2.67,3.0,12.0,0.71,0
/match/br/2721104672,-3106.0,-3.0,1.0,red,0.8,3.5,1.25,13.0,7.0,3.0,1.67,4.5,1.67,4.5,-2
/match/br/2721107207,5771.0,2.0,0.0,blue,3.0,2.67,2.67,1.25,6.5,1.0,2.25,1.5,6.5,10.0,2
/match/br/2721107198,-2537.0,0.0,-2.0,blue,0.5,7.0,1.5,13.0,0.67,4.0,1.5,6.0,0.5,3.0,-1
/match/br/2721106171,1602.0,-1.0,0.0,blue,2.0,1.33,3.67,6.0,7.0,0.67,2.0,2.0,3.5,5.0,0
/match/br/2721103731,-5510.0,-1.0,1.0,blue,1.67,1.17,1.4,6.5,4.0,6.0,1.0,7.0,1.0,4.0,1
/match/br/2721097921,3320.0,3.0,-2.0,blue,9.0,0.0,4.0,12.0,1.33,4.0,3.0,0.83,1.5,1.14,0
/match/br/2721101331,930.0,-1.0,1.0,blue,1.5,0.8,7.0,3.5,1.5,1.4,1.0,3.0,2.33,10.0,0
/match/br/2721092919,-5342.0,-3.0,-2.0,red,1.67,2.25,2.5,2.5,0.5,5.0,0.67,9.0,1.17,23.0,0
/match/br/2721093872,-421.0,0.0,-1.0,red,11.0,0.6,1.17,3.0,1.5,2.2,2.67,5.0,1.4,4.0,1
/match/br/2721096162,4364.0,-1.0,2.0,blue,4.0,1.2,5.0,1.5,7.0,2.0,3.0,0.5,3.67,1.6,0
/match/br/2721094100,-7019.0,-3.0,-3.0,red,1.0,1.0,0.25,7.0,0.33,7.0,0.67,2.0,1.33,6.0,-1
/match/br/2721088019,56.0,-1.0,3.0,red,1.67,2.0,4.0,1.8,3.5,5.0,3.33,2.33,6.0,1.5,-1
/match/br/2721080969,-5449.0,-2.0,-2.0,red,1.0,5.0,0.57,11.0,3.0,0.5,0.67,2.33,0.5,9.0,-1
/match/br/2721083034,482.0,0.0,2.0,blue,1.67,1.67,3.67,3.0,4.0,1.0,1.5,1.67,4.0,9.0,-2
/match/br/2721077616,4411.0,2.0,3.0,blue,1.0,1.33,4.5,3.67,7.0,2.5,1.2,2.0,1.6,3.0,2
/match/br/2721072869,3530.0,2.0,2.0,red,0.5,2.0,3.0,2.33,4.0,1.0,7.0,0.5,5.0,2.5,0
/match/br/2721078427,-2876.0,0.0,-3.0,red,1.25,1.2,3.25,8.0,1.4,1.17,3.25,1.67,1.8,2.0,-2
/match/br/2721077382,1159.0,1.0,0.0,blue,1.5,1.0,4.5,4.0,1.33,1.67,4.0,1.6,7.5,0.38,2
/match/br/2721075525,-1305.0,-2.0,-1.0,red,1.0,2.33,2.6,2.5,11.0,1.0,1.5,2.5,2.2,3.67,-2
/match/br/2721075313,3121.0,1.0,2.0,red,1.75,0.75,9.0,1.17,1.25,3.5,2.0,2.0,4.0,4.33,2
/match/br/2721075058,-1192.0,-2.0,1.0,blue,1.67,1.6,2.67,1.83,2.25,4.0,0.67,4.0,4.67,3.33,0
/match/br/2721071648,4670.0,3.0,-2.0,red,1.33,1.6,4.5,3.5,4.0,3.5,1.67,0.8,2.0,7.0,2
/match/br/2721072052,-7432.0,-4.0,-2.0,red,0.75,7.0,2.0,6.0,2.25,1.8,0.71,5.0,0.6,4.5,0
/match/br/2721070585,361.0,-2.0,1.0,blue,0.4,3.5,2.0,2.0,2.75,1.0,5.5,1.0,6.5,1.75,-2
/match/br/2721067676,3382.0,-1.0,1.0,red,1.0,1.33,2.8,2.25,3.5,2.0,2.67,2.67,3.5,3.0,0
/match/br/2721064243,7550.0,5.0,-2.0,blue,7.0,1.0,1.67,1.43,4.33,2.0,2.67,1.4,3.25,2.75,2
/match/br/2721061857,-4547.0,-2.0,-3.0,red,1.8,1.0,0.67,4.5,1.33,2.0,1.5,6.0,1.33,8.0,-2
/match/br/2721059920,4431.0,-1.0,0.0,blue,2.0,1.0,14.0,1.2,2.5,0.75,3.75,1.0,9.0,1.67,-2
/match/br/2721065042,1840.0,0.0,3.0,blue,11.0,0.33,10.0,1.0,3.5,1.67,1.67,2.33,1.5,4.0,2
/match/br/2721057872,5619.0,3.0,3.0,blue,8.0,0.6,3.5,2.4,3.0,1.33,2.4,1.0,2.6,1.5,0
/match/br/2721053604,-1760.0,0.0,-1.0,red,1.5,1.0,2.0,3.0,2.0,1.0,1.0,8.0,0.4,7.0,1
/match/br/2721050707,1318.0,1.0,-1.0,blue,0.67,1.5,3.0,2.5,2.5,0.5,6.0,2.5,1.5,5.0,0
/match/br/2721052070,-4325.0,-5.0,2.0,red,1.25,2.67,7.0,12.0,2.0,1.0,1.67,4.33,3.0,1.57,-2
/match/br/2721045527,1807.0,2.0,1.0,red,5.5,1.67,4.5,3.5,3.33,1.5,7.0,4.0,7.0,0.8,-2
/match/br/2721040844,4409.0,2.0,1.0,blue,3.0,0.2,4.5,2.0,0.6,2.25,1.75,0.6,8.0,1.5,0
/match/br/2721045196,-3073.0,-1.0,-2.0,red,0.5,3.0,3.0,2.0,3.5,2.0,2.0,0.25,1.33,7.0,-2
/match/br/2721041160,-2376.0,0.0,-1.0,red,3.0,3.0,3.0,6.0,0.0,9.0,5.0,0.2,3.33,0.67,-1
/match/br/2721043096,7997.0,5.0,0.0,blue,5.0,2.5,2.0,1.6,1.33,1.0,0.0,2.5,1.0,6.0,2
/match/br/2721040057,4370.0,3.0,0.0,red,5.0,0.4,4.5,3.5,3.67,1.0,1.67,0.75,7.0,3.0,0
/match/br/2721029806,5763.0,4.0,1.0,blue,1.0,0.75,3.5,3.33,2.0,1.4,3.33,2.0,3.67,0.29,2
/match/br/2721031771,2704.0,3.0,2.0,blue,4.5,2.33,1.43,2.5,1.0,2.5,3.5,1.25,5.33,3.5,0
/match/br/2721022890,9093.0,4.0,0.0,red,2.5,0.75,5.0,1.25,2.6,0.44,4.67,1.67,6.5,4.0,2
/match/br/2721024129,828.0,1.0,-3.0,red,1.5,2.0,7.0,5.0,0.0,2.0,3.0,2.5,1.67,0.75,2
/match/br/2721025054,-3105.0,0.0,0.0,red,4.0,1.5,1.75,3.0,6.0,0.75,4.0,1.5,8.0,0.6,-1
/match/br/2721014980,-3069.0,-1.0,0.0,red,1.0,4.0,1.0,2.5,2.0,6.0,0.5,7.0,2.0,1.5,-1
/match/br/2721013635,3117.0,1.0,1.0,blue,3.5,0.29,2.5,1.25,1.25,7.0,1.0,14.0,1.0,6.5,0
/match/br/2721013588,3131.0,1.0,1.0,blue,2.0,0.5,11.0,0.8,5.0,2.0,1.5,1.6,4.5,9.0,0
/match/br/2721008815,-1460.0,-1.0,0.0,blue,4.5,0.75,3.67,1.0,3.0,1.0,0.67,1.25,5.0,2.5,0
/match/br/2721005736,2754.0,1.0,0.0,blue,2.0,1.67,1.2,5.0,3.67,3.0,4.0,2.5,3.33,1.0,2
/match/br/2721003722,-2449.0,-2.0,-3.0,red,1.33,1.0,3.67,10.0,1.2,1.0,1.14,7.5,1.6,2.2,-2
/match/br/2721003735,3175.0,1.0,1.0,red,3.5,0.5,9.0,1.0,1.8,1.5,6.5,1.0,7.0,1.4,0
/match/br/2721004167,6013.0,4.0,-1.0,red,1.5,1.0,7.0,1.5,3.5,3.0,4.0,1.25,9.0,2.5,0
/match/br/2720998878,9709.0,6.0,2.0,blue,1.0,1.0,6.0,1.4,6.0,1.5,5.0,0.86,4.33,1.0,0
/match/br/2720994766,-526.0,-1.0,1.0,blue,0.67,7.0,8.0,1.5,2.0,1.33,5.0,1.4,2.5,2.0,-1
/match/br/2720998109,-2759.0,-2.0,-3.0,red,4.0,2.0,3.0,4.5,1.0,2.25,1.43,1.0,3.25,1.2,-2
/match/br/2720987805,-1154.0,1.0,1.0,blue,1.0,0.83,1.33,7.0,5.0,3.0,6.0,4.0,1.0,2.0,-1
/match/br/2720991307,6520.0,4.0,3.0,blue,0.57,7.0,13.0,1.2,13.0,0.5,0.5,6.0,16.0,0.25,0
/match/br/2720969738,-3746.0,1.0,2.0,red,1.0,1.0,1.5,15.0,1.2,2.2,1.33,2.33,2.0,5.5,0
/match/br/2720965864,1812.0,-3.0,1.0,blue,0.5,1.33,2.33,4.0,3.5,0.25,3.33,1.0,10.0,1.0,2
/match/br/2720970161,-9070.0,-2.0,0.0,red,1.0,3.0,1.5,6.5,0.5,4.0,0.5,3.0,0.5,6.5,-2
/match/br/2720960822,-1004.0,-1.0,3.0,red,1.0,0.5,2.0,3.67,2.5,6.0,1.33,3.0,0.75,3.5,0
/match/br/2720956878,-3520.0,0.0,-2.0,red,3.0,0.8,3.5,5.5,0.8,2.33,0.67,1.6,2.33,12.0,0
/match/br/2720962090,3829.0,3.0,2.0,blue,0.5,4.0,7.0,4.0,2.5,0.2,4.0,2.33,4.5,4.0,1
/match/br/2720953772,-6562.0,-4.0,2.0,red,0.25,3.0,1.67,7.0,1.0,3.0,1.33,6.0,1.5,2.33,0
/match/br/2720958327,-8900.0,-6.0,-1.0,red,0.86,3.0,1.25,16.0,0.4,2.75,0.86,2.2,0.38,18.0,2
/match/br/2720951731,-2408.0,-2.0,1.0,blue,0.5,2.5,2.8,1.0,7.0,4.0,4.0,1.75,4.33,2.5,-2
/match/br/2720945779,4680.0,2.0,0.0,blue,2.5,3.5,11.0,0.43,0.75,3.5,7.0,0.5,9.0,1.0,2
/match/br/2720947507,6804.0,3.0,0.0,blue,2.0,1.0,2.33,1.75,2.33,3.0,1.0,1.8,3.5,2.67,2
/match/br/2720947477,-4250.0,-2.0,-2.0,blue,1.5,0.5,2.8,3.5,4.0,2.75,0.56,3.0,1.5,2.0,0
/match/br/2720935182,272.0,1.0,-1.0,blue,1.17,2.0,3.0,2.2,2.33,2.5,5.0,1.75,6.0,2.5,0
/match/br/2720927670,-3270.0,-4.0,0.0,blue,0.33,2.5,11.0,3.5,1.0,2.33,4.5,0.8,4.0,1.5,-1
/match/br/2720924226,-4990.0,-2.0,0.0,red,0.8,1.67,3.67,2.5,2.0,2.33,3.33,2.33,3.67,12.0,-2
/match/br/2720921257,-1058.0,0.0,0.0,red,1.4,3.33,1.71,2.0,1.67,12.0,1.0,4.0,3.75,1.5,2
/match/br/2720912816,-6467.0,-2.0,0.0,red,0.0,7.0,1.5,9.0,1.5,0.75,1.0,2.33,2.0,9.0,-2
/match/br/2720913147,-3102.0,-3.0,1.0,red,1.67,3.5,4.0,1.67,1.33,1.67,3.5,1.0,7.0,1.0,-2
/match/br/2720901489,-6615.0,-4.0,-2.0,red,2.0,2.5,1.33,6.5,4.0,2.5,0.56,3.75,3.0,4.0,0
/match/br/2720896243,6246.0,2.0,0.0,blue,2.0,1.33,5.5,3.67,1.6,1.8,0.5,3.33,1.8,2.0,0
/match/br/2720893709,-1753.0,-2.0,0.0,red,9.0,0.67,5.5,1.67,0.83,1.67,0.0,2.5,11.0,2.5,0
/match/br/2720886691,-7175.0,-4.0,-1.0,red,2.0,3.0,4.0,3.5,0.62,3.0,1.4,3.0,3.0,1.83,-2
/match/br/2720870509,-7964.0,-4.0,-1.0,blue,1.0,2.0,2.0,3.5,8.0,0.71,1.4,4.67,1.33,4.67,0
/match/br/2720864789,-4979.0,0.0,-2.0,red,0.5,15.0,1.4,4.0,1.0,2.0,1.75,3.5,1.0,2.33,0
/match/br/2720870079,7195.0,3.0,1.0,blue,1.17,3.0,3.5,1.0,14.0,0.5,7.0,0.4,3.33,2.5,0
/match/br/2720866372,886.0,1.0,0.0,blue,8.0,1.0,1.6,4.5,1.6,3.67,7.0,1.0,8.0,2.0,1
/match/br/2720859017,748.0,1.0,1.0,blue,1.25,2.5,0.57,15.0,3.0,0.25,2.5,2.0,3.0,2.33,2
/match/br/2720850022,-6541.0,-1.0,-2.0,red,0.0,7.0,0.5,13.0,0.8,3.0,2.5,2.5,5.0,4.5,-2
/match/br/2720840999,-4076.0,-2.0,-2.0,blue,1.0,0.71,1.25,6.0,2.33,2.33,0.6,9.0,0.5,6.5,0
/match/br/2720835293,-1885.0,1.0,0.0,red,0.5,5.0,2.0,2.0,0.8,3.5,2.67,1.75,2.25,9.0,2
/match/br/2720829949,-3094.0,-3.0,-1.0,blue,2.0,1.33,1.0,4.0,2.2,1.2,1.0,3.5,1.57,3.2,1
/match/br/2720822764,3761.0,1.0,2.0,blue,0.17,3.5,4.0,2.2,2.5,1.0,7.5,1.0,2.17,1.5,2
/match/br/2720817128,2465.0,0.0,0.0,blue,2.0,1.0,8.0,3.5,9.0,0.2,1.17,3.0,2.6,2.0,-1
/match/br/2720811279,-7753.0,-4.0,-2.0,red,1.8,3.0,1.4,2.5,1.5,5.0,1.14,4.67,1.75,1.0,0
/match/br/2720809230,-999.0,0.0,0.0,blue,0.6,1.2,2.0,10.0,2.5,4.0,1.4,4.0,9.0,3.0,2
/match/br/2720800172,-3159.0,-1.0,-2.0,red,1.0,2.33,1.4,8.0,1.33,2.0,4.5,3.5,4.0,2.67,-1
/match/br/2720796170,-7389.0,-3.0,-1.0,red,0.75,1.67,1.0,13.0,1.0,2.5,1.0,5.5,1.5,5.0,1
/match/br/2720788989,-3412.0,0.0,0.0,red,0.33,5.0,1.0,9.0,1.0,2.0,0.2,2.33,1.5,7.0,-1
/match/br/2720789177,7574.0,3.0,0.0,blue,8.0,0.25,2.83,2.0,0.86,3.33,3.8,1.29,4.4,1.86,0
/match/br/2720779786,6593.0,3.0,1.0,blue,0.75,1.2,3.0,1.0,2.4,1.5,15.0,2.5,2.5,1.75,0
/match/br/2720783069,8135.0,4.0,2.0,blue,5.0,0.25,2.5,1.8,15.0,0.43,2.0,2.25,3.0,0.86,2
/match/br/2720776771,2014.0,1.0,-1.0,red,2.5,3.0,2.2,2.0,1.33,3.5,5.67,0.86,8.0,1.6,0
/match/br/2720769942,-2064.0,1.0,1.0,red,2.67,1.12,1.6,3.0,2.5,3.5,1.5,1.43,1.4,4.5,0
/match/br/2720769402,-2062.0,0.0,2.0,red,1.0,1.75,3.0,6.5,1.0,1.5,2.0,2.0,2.67,2.67,-2
/match/br/2720752842,-5881.0,-2.0,2.0,red,0.0,5.0,1.2,1.5,2.33,2.67,3.67,3.0,4.5,0.75,-2
/match/br/2720749955,-10624.0,-5.0,-2.0,red,0.75,2.0,0.44,20.0,0.12,16.0,1.75,2.5,1.0,9.0,0
/match/br/2720740857,-1376.0,1.0,3.0,red,4.0,0.0,10.0,1.6,1.75,9.0,2.5,10.0,1.6,1.29,0
/match/br/2720734985,4075.0,2.0,2.0,blue,6.5,0.33,1.67,2.67,7.0,1.25,1.43,1.5,4.0,3.67,2
/match/br/2720739113,-879.0,0.0,-2.0,red,9.0,0.2,1.75,5.0,1.25,1.6,6.0,1.0,6.0,0.0,-2
/match/br/2720717572,-4584.0,-2.0,3.0,red,4.0,0.67,1.2,3.0,1.0,2.33,1.29,2.8,1.5,8.0,2
/match/br/2720715239,2959.0,3.0,-1.0,red,3.33,1.75,1.4,1.83,0.5,7.0,2.25,0.83,2.5,3.0,2
/match/br/2720716007,-2796.0,0.0,-2.0,red,2.0,2.0,1.75,7.0,1.25,1.75,0.83,2.2,3.33,1.4,-2
/match/br/2720703774,113.0,0.0,2.0,blue,5.0,5.0,1.6,3.0,1.67,1.33,1.33,2.33,3.0,2.0,0
/match/br/2720688984,-5850.0,-2.0,-2.0,red,1.6,1.0,1.6,7.5,1.0,1.5,1.67,7.0,1.29,15.0,0
/match/br/2720693366,3268.0,1.0,-3.0,blue,4.0,0.33,1.5,3.0,1.0,2.5,3.0,3.0,1.33,1.29,2
/match/br/2720687888,-507.0,-2.0,0.0,red,0.8,1.4,2.0,2.5,6.5,1.2,10.0,0.2,5.0,2.0,-2
/match/br/2720692138,874.0,0.0,-2.0,blue,2.25,1.0,3.33,1.8,5.0,7.0,2.5,2.0,2.67,5.0,1
/match/br/2720681303,525.0,0.0,3.0,red,2.0,6.0,2.0,1.33,1.2,4.0,0.8,2.75,1.0,13.0,2
/match/br/2720679454,7172.0,5.0,1.0,blue,2.0,1.33,2.75,2.33,4.0,0.67,3.67,0.8,9.0,0.67,1
/match/br/2720672777,2071.0,-2.0,-1.0,blue,6.0,0.5,1.8,4.5,1.6,2.33,2.67,2.5,8.0,2.5,2
/match/br/2720667983,-1892.0,0.0,-2.0,red,1.67,1.0,1.33,3.5,0.1,11.0,1.17,3.0,1.2,7.0,0
/match/br/2720669455,724.0,1.0,3.0,blue,0.75,5.0,1.6,3.33,3.0,2.25,4.0,1.0,9.0,0.67,-2
/match/br/2720667623,2780.0,4.0,-2.0,blue,1.0,9.0,3.5,2.5,4.5,1.25,0.8,1.25,1.5,5.5,2
/match/br/2720665522,-2282.0,0.0,0.0,red,1.33,4.5,2.33,2.33,2.33,1.4,2.0,0.5,1.33,4.0,1
/match/br/2720663828,-5596.0,-5.0,-2.0,red,1.0,2.0,1.0,7.5,0.5,8.0,1.8,4.25,3.33,5.0,0
/match/br/2720663724,4162.0,1.0,-2.0,red,1.4,1.75,5.0,1.6,0.2,1.75,6.5,1.33,5.0,4.0,0
/match/br/2720659667,-6124.0,-4.0,1.0,blue,0.5,6.0,0.6,12.0,1.0,3.0,1.33,2.5,1.25,6.0,-2
/match/br/2720656985,2846.0,3.0,0.0,red,2.67,1.0,2.67,1.0,1.67,2.5,1.5,2.5,1.8,15.0,2
/match/br/2720661413,-3172.0,-4.0,-2.0,red,1.6,0.5,2.2,1.38,3.33,1.8,1.43,4.5,2.14,2.33,-2
/match/br/2720656484,-2224.0,-1.0,-3.0,red,5.0,0.6,5.0,7.0,2.0,3.0,0.8,9.0,1.0,2.33,-2
/match/br/2720653744,3654.0,0.0,-3.0,blue,4.5,0.12,5.5,1.5,1.57,3.0,1.75,1.75,1.5,5.0,2
/match/br/2720653035,7337.0,4.0,3.0,red,1.4,1.0,4.0,0.75,2.0,3.5,1.0,7.0,1.33,10.0,2
/match/br/2720651267,-4330.0,-1.0,0.0,red,0.67,7.5,1.8,7.0,0.8,2.0,2.0,1.5,2.25,1.5,-2
/match/br/2720644820,9343.0,2.0,-1.0,blue,5.0,0.25,3.25,5.0,1.5,2.25,5.5,0.5,6.5,1.2,1
/match/br/2720651013,-5405.0,-2.0,-2.0,red,2.5,0.8,2.0,5.0,3.0,2.0,0.67,10.0,2.0,2.75,-1
/match/br/2720637282,-5724.0,-2.0,0.0,red,3.5,1.0,1.0,4.0,1.33,7.0,0.6,2.5,1.0,3.25,-2
/match/br/2720631592,6414.0,5.0,0.0,blue,2.5,0.83,2.75,2.0,4.0,1.2,2.6,1.43,2.6,2.17,2
/match/br/2720635107,1519.0,3.0,0.0,blue,1.0,4.0,1.4,11.0,1.5,3.0,1.83,1.0,2.33,5.0,0
/match/br/2720632371,4576.0,2.0,0.0,blue,1.0,1.67,2.0,1.2,9.0,0.6,5.0,2.67,4.0,2.67,0
/match/br/2720628757,-2874.0,-1.0,-2.0,red,2.33,0.67,0.2,2.5,0.67,13.0,1.0,2.0,1.67,2.5,-2
/match/br/2720631377,8373.0,3.0,2.0,blue,10.0,0.4,3.0,1.6,1.67,2.25,12.0,1.5,5.0,1.8,2
/match/br/2720623751,5830.0,1.0,2.0,blue,2.0,2.5,2.0,2.75,3.33,0.5,3.0,5.5,2.25,2.0,2
/match/br/2720625091,-10206.0,-5.0,-1.0,blue,1.67,1.4,1.11,5.0,0.6,14.0,1.17,3.5,3.33,5.0,-2
/match/br/2720624153,-4539.0,-2.0,2.0,red,0.0,2.0,2.75,3.5,1.4,1.0,1.71,2.33,4.33,2.6,-2
/match/br/2720620194,9953.0,3.0,-1.0,blue,2.0,0.5,10.0,1.75,8.0,1.0,3.25,1.6,4.0,1.4,2
/match/br/2720618344,-2964.0,-4.0,0.0,red,0.5,1.0,1.8,2.6,3.5,8.0,4.0,1.29,1.5,3.67,-2
/match/br/2720613906,-3279.0,2.0,-2.0,red,0.33,9.0,5.0,3.0,4.0,2.0,0.2,12.0,0.88,3.33,0
/match/br/2720616317,-2046.0,-2.0,0.0,blue,0.33,5.5,1.67,5.5,8.0,2.0,2.2,2.75,1.6,1.6,-2
/match/br/2720611920,385.0,-2.0,0.0,red,1.6,1.4,4.5,2.8,1.75,1.75,2.33,1.43,5.0,3.0,0
/match/br/2720616154,-930.0,-2.0,-2.0,red,0.5,3.33,3.75,0.88,4.5,1.2,1.33,1.6,6.5,5.5,2
/match/br/2720611526,3486.0,2.0,2.0,red,0.5,5.0,1.5,5.0,4.0,0.67,3.0,3.0,1.0,6.0,0
/match/br/2720611397,-5404.0,-1.0,-2.0,red,6.0,1.0,2.5,3.67,1.67,1.43,3.67,3.33,1.11,3.25,0
/match/br/2720609163,5786.0,3.0,1.0,blue,4.0,1.0,4.5,1.75,3.5,3.5,1.5,0.75,1.67,1.25,1
/match/br/2720601631,-4538.0,-1.0,-1.0,blue,1.0,3.0,2.0,6.5,1.0,1.67,1.4,3.0,3.33,2.2,1
/match/br/2720604129,-3859.0,-3.0,2.0,red,4.0,0.5,1.25,4.5,6.5,0.83,0.71,4.0,1.67,3.75,-2
/match/br/2720601348,-5190.0,-1.0,-1.0,red,1.6,0.6,1.0,3.17,0.67,17.0,2.75,0.57,1.83,11.0,-2
/match/br/2720596893,-11034.0,-2.0,1.0,red,0.29,11.0,0.8,6.5,0.4,13.0,1.75,3.0,1.25,2.0,-2
/match/br/2720595908,-4992.0,-1.0,-2.0,red,1.33,0.4,1.0,6.0,3.0,2.0,0.71,10.5,1.0,7.5,0
/match/br/2720593705,5945.0,2.0,-2.0,blue,6.0,0.4,2.0,4.5,6.0,1.0,1.67,1.67,2.0,8.0,2
/match/br/2720589896,-5816.0,-2.0,-1.0,red,1.4,10.0,0.67,7.0,4.5,1.0,1.0,3.33,2.5,4.33,-2
/match/br/2720586595,3600.0,0.0,0.0,red,2.25,0.29,5.0,1.75,8.0,0.6,2.0,2.75,2.0,3.67,1
/match/br/2720581974,297.0,-1.0,-2.0,blue,9.0,2.0,14.0,2.0,1.0,3.0,1.67,0.88,2.5,0.6,2
/match/br/2720581545,3617.0,5.0,-2.0,blue,1.2,1.25,3.67,3.0,10.0,2.0,2.4,6.5,3.33,1.67,2
/match/br/2720573264,-5415.0,-1.0,-2.0,red,2.5,1.25,1.67,13.0,0.17,9.0,0.67,5.0,0.6,5.0,-2
/match/br/2720571279,-5539.0,-1.0,0.0,red,0.33,4.0,7.0,1.0,4.0,1.0,0.6,9.0,1.67,2.67,-2
/match/br/2720565238,786.0,0.0,0.0,red,7.0,3.0,1.12,6.5,3.0,2.67,2.75,1.17,7.0,2.2,-1
/match/br/2720559661,3635.0,2.0,0.0,blue,4.0,1.0,11.0,4.0,0.8,1.0,3.5,2.0,2.67,2.0,2
/match/br/2720558759,4532.0,2.0,0.0,blue,1.67,2.5,4.0,3.25,1.0,5.5,4.67,1.29,2.6,1.5,0
/match/br/2720553487,6645.0,3.0,1.0,blue,4.0,0.33,3.0,2.4,2.0,1.0,1.5,4.0,1.2,3.67,1
/match/br/2720555184,2661.0,2.0,0.0,blue,4.0,2.5,11.0,6.5,6.0,0.86,1.0,2.4,1.0,1.5,2
/match/br/2720552245,2439.0,0.0,0.0,red,1.2,4.5,3.75,2.4,1.67,1.5,2.0,1.5,4.33,1.8,-1
/match/br/2720550615,-647.0,1.0,0.0,red,0.0,3.0,5.0,2.0,2.0,2.67,1.29,4.0,2.67,4.0,2
/match/br/2720544712,-2976.0,0.0,-2.0,red,1.6,6.0,4.0,5.0,1.25,2.25,2.25,1.5,3.33,1.8,0
/match/br/2720546279,7180.0,3.0,0.0,blue,2.67,1.0,7.0,2.0,1.0,2.0,8.0,0.0,9.0,1.0,2
/match/br/2720543300,-8977.0,-4.0,-3.0,red,1.25,2.0,0.71,7.5,0.8,11.0,0.8,2.25,3.0,13.0,0
/match/br/2720536498,-2925.0,-2.0,-2.0,red,1.0,0.5,3.0,2.67,1.0,7.0,0.75,2.5,2.0,7.5,2
/match/br/2720526379,-1154.0,-1.0,0.0,red,3.0,4.0,1.38,2.2,2.5,2.25,1.75,1.6,4.33,1.33,0
/match/br/2720523697,-896.0,0.0,0.0,red,1.33,1.67,3.75,6.0,2.0,4.0,4.0,1.4,1.83,2.33,2
/match/br/2720525343,5841.0,3.0,2.0,blue,2.0,1.67,2.0,3.5,4.0,2.0,2.0,1.6,14.0,0.86,0
/match/br/2720514978,-3040.0,-2.0,-3.0,red,0.25,3.5,1.75,10.0,2.5,2.0,0.4,3.0,0.67,6.0,-2
/match/br/2720514815,-897.0,0.0,-1.0,red,8.0,6.0,1.33,0.5,1.6,1.0,0.0,9.0,0.75,5.0,0
/match/br/2720511203,2534.0,1.0,-2.0,red,1.25,1.33,2.0,2.5,1.17,1.83,4.67,0.5,5.33,1.75,2
/match/br/2720498726,4410.0,2.0,2.0,blue,0.83,1.25,4.5,2.33,9.0,0.75,1.12,1.3,2.4,2.5,2
/match/br/2720491487,-1281.0,-2.0,-2.0,red,1.75,0.83,6.5,2.5,3.67,0.67,5.0,1.0,5.5,0.86,-2
/match/br/2720483792,3063.0,2.0,-2.0,blue,1.0,4.0,2.5,2.75,2.67,3.5,2.25,1.6,3.0,2.0,2
/match/br/2720483004,-383.0,2.0,1.0,blue,0.75,4.0,1.0,2.75,1.5,2.5,1.33,5.0,1.33,10.0,-1
/match/br/2720476736,-2561.0,-3.0,0.0,red,0.29,1.4,5.0,1.75,2.5,2.5,2.5,4.0,0.5,8.0,-1
/match/br/2720474519,-3876.0,-3.0,0.0,blue,2.0,1.0,1.0,5.0,1.67,4.0,5.0,1.67,5.0,6.0,-2
/match/br/2720461973,-1030.0,0.0,-1.0,red,6.0,1.0,8.0,9.0,0.0,3.0,0.75,7.0,0.4,5.0,0
/match/br/2720465043,2838.0,0.0,2.0,red,1.0,2.0,8.0,1.33,6.0,1.5,6.0,1.0,5.5,0.75,0
/match/br/2720459342,-1365.0,-1.0,0.0,red,0.8,2.5,3.0,6.5,1.0,4.67,7.0,2.5,1.0,4.33,-2
/match/br/2720454838,3996.0,0.0,2.0,blue,0.6,5.0,3.0,1.33,1.0,1.25,7.5,1.0,15.0,0.5,0
/match/br/2720455391,-3689.0,-3.0,-2.0,blue,0.5,4.0,1.33,3.5,4.0,3.0,1.33,1.33,3.67,4.0,0
/match/br/2720448475,3256.0,3.0,0.0,blue,3.5,0.25,4.5,2.67,1.67,1.0,2.75,2.0,5.5,3.0,2
/match/br/2720448217,-6883.0,0.0,-2.0,red,0.5,2.33,1.25,4.5,0.6,1.0,4.0,1.0,3.0,5.0,-1
/match/br/2720445402,1647.0,2.0,2.0,blue,0.83,2.0,1.6,4.0,3.5,4.5,5.0,4.5,2.67,3.0,-2
/match/br/2720437253,1896.0,-1.0,-2.0,red,2.67,7.5,2.6,3.67,1.5,2.33,2.0,1.2,2.0,1.67,0
/match/br/2720434204,6239.0,4.0,-2.0,blue,4.0,3.0,2.6,3.0,1.5,1.0,2.25,1.83,1.2,2.4,2
/match/br/2720430759,5011.0,1.0,3.0,blue,1.0,2.33,1.8,2.25,2.5,1.67,2.5,1.25,4.5,2.0,1
/match/br/2720431117,2336.0,1.0,0.0,red,0.25,3.0,6.0,2.33,5.0,1.25,1.14,2.8,2.6,3.5,0
/match/br/2720419938,3022.0,0.0,1.0,red,2.0,0.8,10.0,1.0,1.75,4.0,1.25,2.33,1.0,9.0,2
/match/br/2720417257,-4159.0,-4.0,-3.0,red,1.5,1.25,2.33,3.67,6.0,0.5,2.0,4.5,2.0,8.0,-2
/match/br/2720415301,-10670.0,-5.0,-2.0,red,0.86,5.67,2.5,3.0,1.0,3.33,0.71,13.0,1.0,3.5,0
/match/br/2720405540,-641.0,-2.0,-2.0,red,0.5,11.0,2.2,4.33,3.33,1.2,1.2,2.4,1.25,6.5,0
/match/br/2720399658,-2971.0,-3.0,2.0,blue,3.0,1.5,1.0,1.0,8.0,0.6,3.0,2.5,7.0,7.0,-2
/match/br/2720392011,-1463.0,-3.0,2.0,red,3.0,4.0,1.25,2.33,0.4,6.0,2.5,2.0,3.0,6.0,-2
/match/br/2720382105,-6448.0,-4.0,-2.0,red,3.0,2.5,0.3,2.67,0.33,5.33,2.33,5.5,1.75,6.0,-2
/match/br/2720376277,4089.0,3.0,1.0,blue,0.33,2.0,7.5,2.0,1.2,1.75,11.0,1.5,3.0,4.0,2
/match/br/2720365650,2247.0,-1.0,-1.0,blue,1.0,7.0,3.33,0.8,11.0,0.4,9.0,0.25,3.5,4.0,-2
/match/br/2720364881,-2403.0,0.0,2.0,red,1.5,3.0,2.33,5.0,2.0,0.8,5.0,0.5,5.0,0.25,-2
/match/br/2720367174,370.0,1.0,-3.0,blue,1.25,1.0,4.5,3.0,3.0,0.57,1.57,2.0,3.25,2.2,2
/match/br/2720364459,7687.0,5.0,-1.0,blue,10.0,1.2,5.33,2.0,1.25,2.0,2.0,2.67,2.0,2.0,2
/match/br/2720362253,10990.0,6.0,2.0,blue,6.5,0.56,7.5,1.5,2.0,1.0,12.0,0.6,4.0,0.6,0
/match/br/2720355966,-5754.0,-3.0,-3.0,red,2.0,1.0,4.5,2.0,2.33,1.33,2.0,2.5,1.67,1.0,-2
/match/br/2720356474,-1432.0,-1.0,-3.0,red,1.4,2.0,1.6,2.0,1.75,4.33,2.0,2.0,2.0,6.0,0
/match/br/2720356438,2254.0,-2.0,0.0,blue,2.8,2.2,1.71,0.78,2.5,1.8,13.0,1.67,3.25,2.25,1
/match/br/2720356148,3099.0,2.0,0.0,blue,0.86,1.14,3.67,4.0,7.0,1.0,3.5,2.0,2.0,2.0,0
/match/br/2720561324,-4562.0,-2.0,-2.0,red,2.5,0.0,8.0,7.0,2.0,0.5,0.5,3.0,5.0,0.33,2
/match/br/2720545871,-2189.0,-2.0,2.0,red,0.33,4.0,2.67,1.6,6.0,1.0,0.8,3.0,1.67,3.5,-2
/match/br/2720531073,-1064.0,0.0,-2.0,red,3.0,1.67,1.0,5.0,4.0,3.5,0.75,6.0,1.0,2.75,2
/match/br/2721474330,-5700.0,-1.0,1.0,red,0.0,6.0,2.0,4.5,1.33,3.0,1.67,1.5,2.5,1.67,-2
/match/br/2720349048,-597.0,-1.0,-1.0,red,2.0,1.5,8.0,10.0,0.25,2.0,3.0,1.2,0.6,4.0,2
/match/br/2720333423,-2550.0,1.0,-1.0,blue,4.0,1.0,2.4,4.67,2.0,4.33,2.17,2.4,3.25,2.0,0
/match/br/2720311738,-4605.0,-2.0,-2.0,red,1.33,1.25,1.8,0.86,2.0,2.67,0.5,3.0,2.0,3.0,0
/match/br/2720301800,-1074.0,0.0,2.0,blue,0.6,4.5,2.5,4.25,1.5,7.0,1.22,1.0,3.25,1.86,-1
/match/br/2720294876,-3605.0,-1.0,2.0,red,0.83,5.67,2.0,6.33,2.0,2.33,1.25,3.5,1.29,3.75,-2
/match/br/2720289914,-2376.0,-1.0,0.0,red,7.0,1.5,3.25,2.0,1.6,3.25,2.0,5.5,1.5,2.67,-2
/match/br/2720292322,-2957.0,-1.0,-2.0,red,3.0,9.0,3.5,3.0,0.5,2.0,1.4,1.67,4.5,3.0,0
/match/br/2720282369,4660.0,1.0,-2.0,blue,0.83,0.8,9.0,1.67,1.6,2.0,13.0,0.17,13.0,0.29,2
/match/br/2720272817,8374.0,2.0,3.0,blue,2.25,1.57,3.0,1.11,6.33,1.33,2.0,1.75,3.0,4.0,2
/match/br/2720270112,592.0,0.0,0.0,blue,1.0,1.33,4.5,1.0,8.0,0.5,1.0,2.0,1.0,2.0,1
/match/br/2720243842,-1628.0,-4.0,-2.0,red,2.5,1.4,1.29,4.75,1.25,3.25,3.33,3.33,1.0,3.75,0
/match/br/2720241137,-2648.0,-1.0,0.0,red,0.5,4.5,1.25,5.0,10.0,1.67,5.0,1.6,2.0,3.0,0
/match/br/2720229747,1483.0,0.0,-2.0,blue,3.5,0.25,3.5,1.5,1.0,3.0,1.75,2.0,2.33,2.5,2
/match/br/2720230547,462.0,0.0,0.0,blue,1.5,2.0,1.67,2.4,6.5,1.67,4.0,2.75,4.0,2.75,0
/match/br/2720205970,7337.0,0.0,2.0,blue,1.75,1.0,4.33,1.25,11.0,2.0,4.0,2.0,5.33,1.0,0
/match/br/2720205680,3783.0,1.0,1.0,blue,5.0,0.67,3.5,1.75,9.0,2.5,3.0,2.0,2.67,2.0,2
/match/br/2720160327,4627.0,3.0,0.0,blue,6.0,0.2,6.0,2.75,2.43,1.29,5.5,1.67,13.0,0.6,-2
/match/br/2720162027,-7083.0,-3.0,-2.0,red,3.5,4.0,1.0,3.0,0.67,1.4,2.75,2.33,6.0,4.0,-2
/match/br/2720145587,-114.0,-4.0,-1.0,red,1.0,4.0,1.67,6.5,2.33,0.75,2.0,2.75,1.67,6.5,-2
/match/br/2720140258,2650.0,1.0,0.0,blue,3.5,0.57,2.75,1.71,3.5,3.0,1.71,1.57,1.25,2.0,2
/match/br/2720105487,-4137.0,-4.0,2.0,blue,1.0,3.5,3.25,1.0,1.83,4.5,6.0,0.75,15.0,1.0,0
/match/br/2720099817,-3463.0,-2.0,-1.0,red,0.0,5.0,1.14,12.0,3.0,2.0,1.25,4.5,3.5,2.2,-2
/match/br/2720100473,1714.0,2.0,2.0,red,9.0,0.14,6.0,2.67,1.5,2.5,1.0,3.0,10.0,3.5,0
/match/br/2720089589,6927.0,4.0,-1.0,blue,3.0,1.5,2.5,0.25,6.0,1.0,1.0,1.0,1.0,3.0,2
/match/br/2720079627,-4073.0,-1.0,2.0,red,0.38,4.33,2.0,2.75,12.0,4.67,2.2,2.2,2.0,11.0,0
/match/br/2720076019,-3178.0,-3.0,1.0,blue,4.5,1.4,1.75,4.33,1.25,0.8,1.2,4.33,1.5,12.0,0
/match/br/2720069129,-9696.0,-4.0,-3.0,red,4.0,1.5,1.5,12.0,0.75,5.0,1.0,3.0,0.71,5.0,0
/match/br/2720063951,5790.0,3.0,-2.0,red,2.33,0.6,2.67,2.0,6.0,2.0,1.0,10.0,1.25,4.5,2
/match/br/2720063706,-9763.0,-3.0,-2.0,red,0.25,2.5,1.6,5.0,1.75,2.75,0.62,6.0,1.0,3.0,1
/match/br/2720062281,3190.0,1.0,-2.0,red,1.67,1.67,7.5,1.6,3.5,3.5,1.33,1.8,2.0,1.17,2
/match/br/2720050679,-3649.0,-3.0,0.0,red,2.0,2.25,2.0,5.5,2.75,7.0,3.25,2.83,3.0,2.8,0
/match/br/2720049179,-3572.0,-2.0,2.0,red,2.0,0.2,1.0,6.0,0.57,4.67,1.0,4.5,1.75,3.67,-2
/match/br/2720044977,883.0,2.0,1.0,red,12.0,0.83,2.4,1.5,0.86,4.33,3.5,2.33,7.5,2.5,0
/match/br/2720035444,7624.0,3.0,1.0,blue,4.0,0.33,5.5,1.8,14.0,0.8,2.0,3.67,2.6,2.67,2
/match/br/2720035212,-828.0,-1.0,-1.0,red,3.5,1.67,2.67,1.33,2.75,1.75,1.75,2.75,1.2,3.25,0
/match/br/2720025978,9647.0,4.0,0.0,blue,1.5,1.25,9.0,0.88,2.25,1.0,1.75,1.6,3.0,1.75,2
/match/br/2720026746,-4851.0,-3.0,0.0,blue,0.25,5.0,3.5,10.0,8.0,10.0,1.75,2.0,1.67,3.25,-2
/match/br/2720015304,8096.0,2.0,2.0,blue,3.0,1.67,6.5,2.25,16.0,0.67,2.5,2.0,9.0,0.8,0
/match/br/2720008259,5662.0,3.0,-2.0,blue,1.67,1.0,4.0,3.5,2.5,4.0,2.0,2.67,11.0,1.14,2
/match/br/2720005362,3107.0,1.0,1.0,blue,0.5,5.0,3.33,1.0,4.5,1.4,2.5,1.5,8.0,2.33,2
/match/br/2719950877,-2133.0,-1.0,0.0,red,1.75,1.0,5.5,2.0,4.5,4.5,2.0,3.33,1.8,2.67,0
/match/br/2719941862,-5507.0,-2.0,2.0,red,1.2,1.67,1.5,3.0,3.0,3.5,1.5,5.0,0.67,10.0,-2
/match/br/2719946064,-775.0,0.0,2.0,blue,6.0,1.0,6.0,1.67,1.2,1.67,3.0,2.0,5.0,1.2,0
/match/br/2719935475,-8609.0,-3.0,0.0,red,0.83,3.5,1.57,3.5,2.8,3.0,2.5,4.0,1.86,2.33,-2
/match/br/2719922579,-1627.0,1.0,-2.0,blue,1.67,2.25,1.6,2.0,2.75,1.75,4.0,4.0,4.0,2.0,2
/match/br/2719918215,-844.0,0.0,-2.0,blue,1.5,1.0,3.5,4.5,2.0,1.5,2.75,3.0,0.4,4.67,2
/match/br/2719909996,-5828.0,-3.0,-2.0,red,3.0,5.0,3.0,2.5,2.0,2.5,2.33,5.0,5.0,2.0,-2
/match/br/2719907653,1723.0,1.0,-2.0,blue,0.25,1.5,1.5,8.0,4.0,3.33,4.0,2.0,1.0,2.0,2
/match/br/2719900392,-7716.0,-7.0,-2.0,red,1.0,2.0,2.33,8.5,0.14,2.0,2.25,2.8,7.0,3.0,-2
/match/br/2719890629,6680.0,3.0,2.0,red,0.75,1.5,17.0,3.25,2.25,1.5,4.0,0.71,4.33,1.33,2
/match/br/2719873903,-259.0,-1.0,3.0,red,5.0,1.5,3.67,0.6,3.5,2.0,1.0,3.0,13.0,1.0,-2
/match/br/2719870970,7124.0,3.0,-1.0,blue,6.0,0.0,3.0,1.33,6.5,1.4,4.25,3.0,9.0,1.5,0
/match/br/2719865156,8647.0,4.0,1.0,blue,2.67,1.33,2.0,2.25,2.0,2.0,3.5,1.5,3.67,1.83,2
/match/br/2719850564,-4254.0,-2.0,-2.0,red,6.0,2.67,11.0,4.5,0.5,0.5,2.0,0.83,2.5,4.5,0
/match/br/2719833333,-3701.0,-2.0,0.0,red,0.38,4.33,2.4,14.0,3.33,11.0,1.75,0.8,2.67,0.57,-2
/match/br/2719828822,7686.0,4.0,1.0,blue,2.25,1.25,16.0,1.25,1.33,1.0,9.0,0.33,10.0,0.67,2
/match/br/2719804309,-1329.0,0.0,-2.0,red,2.0,4.0,4.5,3.0,1.0,2.0,2.67,3.0,1.6,2.75,2
/match/br/2719803118,8468.0,3.0,0.0,blue,9.0,0.0,3.25,1.33,2.33,1.33,2.0,3.0,8.5,0.7,2
/match/br/2719783036,-139.0,-1.0,-2.0,blue,2.0,0.5,2.75,3.5,11.0,0.43,2.0,2.0,1.25,4.5,2
/match/br/2719757552,2499.0,3.0,0.0,blue,0.6,3.5,3.0,1.4,4.0,6.0,3.0,9.0,1.4,4.0,2
/match/br/2719743898,3671.0,2.0,0.0,red,0.67,2.0,2.75,1.5,8.0,1.0,3.0,2.2,3.0,1.44,2
/match/br/2719740461,-2649.0,-3.0,2.0,red,4.0,1.67,3.0,1.67,0.67,4.0,7.0,1.33,2.33,2.0,-2
/match/br/2719741251,3206.0,1.0,1.0,red,1.0,1.0,3.33,1.43,2.5,1.33,2.0,2.0,3.0,1.4,2
/match/br/2719731954,13490.0,5.0,2.0,blue,5.0,0.0,11.0,0.75,6.0,0.75,5.5,0.4,6.0,0.67,2
/match/br/2719713192,3128.0,-1.0,-3.0,blue,4.5,0.67,1.83,2.0,3.75,2.0,8.0,1.5,13.0,2.33,-1
/match/br/2719705758,-11119.0,-4.0,-2.0,red,0.14,10.0,0.86,4.0,2.0,5.0,1.0,3.67,2.25,3.0,-2
/match/br/2719704103,-6577.0,-3.0,-2.0,red,1.67,8.0,0.6,10.0,1.33,1.33,2.0,4.5,2.0,10.0,-2
/match/br/2719694819,8701.0,4.0,2.0,blue,0.0,3.0,12.0,1.0,4.5,0.8,2.5,0.75,3.0,4.0,1
/match/br/2719690704,1137.0,2.0,-2.0,blue,2.25,0.56,1.67,3.33,1.17,2.5,2.0,1.44,3.75,4.25,2
/match/br/2719692590,5500.0,3.0,-2.0,blue,2.0,1.0,3.25,2.25,1.5,1.8,2.25,1.8,7.0,1.5,1
/match/br/2719683683,-9233.0,-7.0,-2.0,red,0.8,12.0,0.4,5.5,0.8,2.4,0.8,11.0,0.75,11.0,-2
/match/br/2719684001,6315.0,4.0,3.0,blue,3.33,0.5,12.0,1.8,1.0,2.5,4.0,0.75,3.0,1.0,2
/match/br/2719669701,5542.0,3.0,0.0,blue,2.5,0.67,2.33,2.33,4.0,1.25,4.5,3.0,10.0,1.5,0
/match/br/2719664119,-1066.0,1.0,-2.0,red,1.0,2.67,10.0,1.0,2.25,4.5,6.0,2.75,0.86,2.5,-2
/match/br/2719659059,-1078.0,0.0,-2.0,red,1.29,1.0,3.25,2.25,6.5,1.33,4.0,1.86,1.56,3.5,1
/match/br/2719645761,-10472.0,-4.0,-2.0,red,0.5,1.67,1.17,9.0,2.33,3.0,0.38,15.0,0.67,6.0,-2
/match/br/2719641697,-592.0,1.0,-2.0,red,0.33,4.0,2.5,6.0,0.67,3.5,1.25,3.5,1.67,4.5,1
/match/br/2719624881,7181.0,3.0,-1.0,blue,9.0,0.2,7.0,0.6,10.0,0.8,1.0,1.5,7.0,1.0,2
/match/br/2719627485,-4924.0,-2.0,-2.0,red,1.0,3.0,0.5,15.0,2.5,5.0,2.0,1.67,1.0,4.0,-2
/match/br/2719624662,-6322.0,0.0,-2.0,red,1.25,3.67,1.8,17.0,1.75,3.0,1.0,3.33,1.0,5.0,-2
/match/br/2719623400,846.0,0.0,-1.0,red,3.5,1.2,3.25,3.67,4.0,1.0,0.57,2.67,2.0,4.0,0
/match/br/2719618634,-6891.0,-3.0,-3.0,red,4.0,0.33,1.14,2.0,8.0,6.0,0.8,6.0,1.8,2.8,-2
/match/br/2719611856,4105.0,3.0,1.0,blue,3.5,0.5,5.0,0.4,8.0,1.0,5.0,1.0,5.0,4.0,2
/match/br/2719608326,-7617.0,-3.0,-2.0,red,0.5,4.0,4.0,3.0,1.0,1.75,0.4,8.0,1.0,13.0,-1
/match/br/2719605475,1921.0,2.0,2.0,blue,0.83,3.0,2.8,1.57,2.25,1.67,9.0,1.6,4.0,4.5,0
/match/br/2719586653,-1006.0,-1.0,2.0,blue,0.75,3.0,2.0,3.0,2.5,0.25,6.0,0.75,1.67,7.0,-2
/match/br/2719591164,-4567.0,-2.0,-1.0,red,2.75,3.0,1.25,2.17,2.5,1.0,9.0,2.0,2.0,1.4,0
/match/br/2719572936,3221.0,1.0,-2.0,blue,3.0,4.0,1.6,1.29,1.67,4.0,4.0,1.14,5.0,2.25,0
/match/br/2719569344,-3389.0,-2.0,-2.0,blue,1.25,3.0,2.0,3.0,3.33,4.0,2.0,3.5,1.0,2.25,0
/match/br/2719560305,-1938.0,-2.0,2.0,blue,1.0,3.5,2.0,2.67,1.0,5.0,1.75,1.33,1.4,4.0,0
/match/br/2719555488,-3398.0,0.0,-1.0,red,1.0,3.0,1.33,2.4,2.0,1.0,2.67,3.5,3.0,1.6,-1
/match/br/2719554271,1728.0,1.0,3.0,blue,2.5,2.0,2.5,2.2,3.0,3.33,3.0,1.4,3.0,3.5,0
/match/br/2719545714,-4109.0,0.0,-2.0,red,0.0,11.0,0.33,11.0,1.5,3.33,2.0,1.5,2.0,2.25,-2
/match/br/2719539494,-757.0,-1.0,-1.0,blue,1.2,1.8,2.33,4.5,0.67,4.0,2.67,0.86,2.67,8.0,-2
/match/br/2719535716,-133.0,-1.0,-1.0,blue,4.0,1.25,2.5,3.33,1.0,8.0,2.0,0.83,2.5,1.75,-2
/match/br/2719537114,-1083.0,0.0,0.0,red,3.0,2.5,2.67,1.5,9.0,1.0,4.5,2.0,1.75,0.75,2
/match/br/2719526983,-5725.0,-1.0,-2.0,blue,2.25,0.5,2.33,4.0,1.5,7.0,1.25,2.33,1.75,2.0,0
/match/br/2719519993,-843.0,-2.0,-2.0,red,1.0,1.83,2.17,0.86,3.5,1.57,2.33,3.33,1.88,7.0,-2
/match/br/2719515996,-88.0,-1.0,-3.0,red,1.5,3.0,1.6,3.0,4.33,3.67,1.17,3.67,1.0,5.0,0
/match/br/2719500948,-295.0,0.0,-3.0,red,4.0,2.33,2.86,2.6,4.0,2.83,3.0,2.4,2.57,1.25,0
/match/br/2719495565,6952.0,2.0,2.0,blue,5.0,0.88,4.5,0.6,3.5,1.0,7.0,0.5,16.0,2.0,0
/match/br/2719474726,-3803.0,-2.0,-2.0,red,0.6,3.0,2.25,10.0,10.0,1.5,8.0,0.67,2.0,1.5,-2
/match/br/2719469685,560.0,-1.0,2.0,blue,1.4,1.33,3.67,3.67,3.0,0.75,1.33,2.67,1.5,7.0,-2
/match/br/2719448676,-1466.0,0.0,0.0,blue,1.0,0.6,5.0,3.33,1.5,8.0,2.75,1.0,1.8,2.67,-2
/match/br/2719447614,-3251.0,-2.0,0.0,red,0.4,5.0,1.67,8.0,0.4,4.0,6.0,1.33,3.0,2.5,0
/match/br/2719443806,5207.0,1.0,2.0,blue,2.0,0.57,15.0,0.8,12.0,0.29,2.5,2.5,6.0,1.5,2
/match/br/2719427314,5929.0,1.0,1.0,blue,0.71,1.33,4.0,0.29,2.33,1.25,2.6,1.5,4.0,1.25,2
/match/br/2719392859,358.0,1.0,2.0,blue,0.33,6.0,7.0,6.0,6.0,0.4,1.25,3.0,6.0,3.0,2
/match/br/2719394042,-3394.0,0.0,-3.0,red,1.25,1.0,1.33,6.5,1.5,8.0,1.67,1.33,2.33,1.5,0
/match/br/2719366417,-4278.0,0.0,-1.0,red,2.0,9.0,2.2,1.5,1.0,5.0,6.5,1.8,0.4,8.0,0
/match/br/2719338455,1625.0,1.0,0.0,blue,7.0,0.4,1.2,3.0,3.0,0.33,1.5,12.0,1.0,13.0,0
/match/br/2719313251,-2059.0,-1.0,0.0,red,2.33,1.0,1.67,1.75,10.0,2.0,1.0,10.0,1.67,4.5,-1
/match/br/2719289558,-825.0,0.0,-1.0,blue,3.5,0.33,5.0,1.4,0.57,1.8,3.0,9.0,1.5,3.0,0
/match/br/2719285321,-5221.0,-1.0,0.0,red,0.25,3.0,4.0,5.0,1.0,3.5,1.75,2.5,2.0,4.0,0
/match/br/2719262563,-5342.0,-1.0,0.0,blue,3.0,1.0,2.75,1.83,7.0,1.0,0.75,3.75,0.8,6.5,0
/match/br/2719259149,968.0,2.0,0.0,blue,7.0,1.25,1.6,1.8,1.33,11.0,0.83,16.0,1.4,4.33,0
/match/br/2719254432,4830.0,3.0,2.0,blue,4.0,0.4,4.5,1.67,11.0,1.67,0.33,1.0,7.0,1.67,2
/match/br/2719252477,-1493.0,0.0,2.0,red,2.25,1.33,2.67,5.0,3.0,4.5,10.0,3.0,0.5,3.5,0
/match/br/2719240100,-4738.0,-2.0,2.0,red,0.5,5.5,3.4,2.5,3.33,0.5,1.43,2.4,2.5,3.5,-2
/match/br/2719234261,3348.0,3.0,2.0,red,0.83,6.0,3.67,3.0,3.67,0.88,4.0,0.75,10.0,1.67,0
/match/br/2719213892,1622.0,1.0,-3.0,red,2.0,4.0,1.4,12.0,0.2,6.0,0.5,4.0,1.25,5.5,2
/match/br/2719198211,-5241.0,-3.0,-3.0,red,0.0,5.0,2.0,2.5,1.33,6.0,5.0,2.5,5.0,0.67,-2
/match/br/2719190826,-2593.0,-2.0,-2.0,red,2.5,1.25,3.75,4.0,3.5,0.67,1.0,3.4,1.12,5.33,2
/match/br/2719185438,523.0,-2.0,-2.0,blue,2.0,1.33,10.0,2.0,1.75,4.0,2.0,2.0,2.67,3.0,2
/match/br/2719182526,2785.0,3.0,0.0,blue,1.67,1.0,6.0,1.88,2.4,1.43,1.0,1.86,2.6,3.75,1
/match/br/2719170472,-2472.0,0.0,-2.0,red,1.67,4.0,3.33,1.5,2.2,0.4,10.0,4.5,2.67,3.5,-1
/match/br/2719151171,5104.0,0.0,-2.0,blue,1.71,0.71,10.5,0.86,6.5,1.14,0.75,4.5,6.5,2.0,2
/match/br/2719149190,3107.0,3.0,0.0,red,2.0,2.0,2.0,1.5,10.5,1.71,2.6,1.0,4.33,1.6,2
/match/br/2719134973,-835.0,-3.0,-2.0,blue,5.5,0.14,8.5,2.75,2.0,0.62,0.6,3.0,2.0,9.0,2
/match/br/2719129962,5938.0,3.0,2.0,blue,1.0,6.0,2.0,2.67,4.0,0.67,4.75,0.43,5.67,0.88,-2
/match/br/2719016663,-1544.0,0.0,-1.0,red,0.5,2.67,1.75,2.0,3.67,1.6,3.5,2.75,3.2,2.75,2
/match/br/2718774099,-7236.0,-1.0,-2.0,red,0.5,4.5,0.0,12.0,0.8,15.0,0.2,8.0,2.0,0.5,0
/match/br/2718680970,3563.0,1.0,-3.0,blue,2.5,2.33,0.67,3.0,1.0,2.0,5.0,4.0,1.0,3.0,2
/match/br/2717843318,2964.0,1.0,-1.0,red,2.0,1.0,4.25,1.4,2.5,2.75,1.0,3.67,3.67,2.75,-2
/match/br/2717573715,-669.0,-2.0,0.0,blue,0.86,6.0,5.5,3.5,3.67,1.0,4.33,1.0,7.0,1.4,0
/match/br/2716625237,-10885.0,-4.0,-2.0,red,0.2,5.0,0.43,5.33,1.43,4.0,1.57,2.0,2.2,3.0,-2
/match/br/2716375887,-454.0,0.0,0.0,red,1.33,0.33,1.0,11.0,4.0,2.0,2.0,4.0,4.0,1.2,-1
/match/br/2716274842,-7037.0,-4.0,0.0,red,0.5,3.5,1.33,7.0,0.0,11.0,1.33,5.0,0.25,11.0,1
/match/br/2716214578,-7117.0,-3.0,1.0,red,1.67,4.0,0.67,10.0,1.33,8.0,2.0,1.0,4.5,4.0,0
/match/br/2716194446,-7313.0,-3.0,-1.0,red,5.0,2.33,0.43,3.5,0.67,6.5,3.0,3.67,0.17,15.0,1
/match/br/2714897461,-10354.0,-5.0,-2.0,red,0.86,1.5,0.67,16.0,2.0,9.0,0.43,14.0,0.29,14.0,0
/match/eune/3359534060,-471.0,0.0,-2.0,red,3.67,0.43,7.0,3.0,2.5,2.5,2.67,2.33,4.5,1.75,1
/match/eune/3359543483,823.0,0.0,-2.0,red,1.25,6.0,3.33,3.33,3.0,2.25,1.83,2.2,1.0,1.86,0
/match/eune/3359530592,-7764.0,-3.0,0.0,red,1.5,1.0,0.67,8.0,0.0,6.0,0.5,5.0,0.4,8.0,0
/match/eune/3359534077,1992.0,0.0,1.0,blue,1.0,1.0,1.5,2.67,1.0,5.0,8.0,1.5,8.0,1.67,2
/match/eune/3359530321,3852.0,1.0,1.0,red,0.4,4.0,2.5,2.25,3.0,0.83,3.0,2.0,12.0,2.0,0
/match/eune/3359521811,9103.0,3.0,2.0,blue,13.0,0.11,9.0,1.4,7.0,3.0,2.5,7.0,1.4,2.0,2
/match/eune/3359507357,-1977.0,-1.0,0.0,red,1.25,3.67,4.0,2.6,3.25,3.33,2.25,1.75,4.0,1.29,0
/match/eune/3359503483,4189.0,2.0,0.0,red,1.5,0.75,2.2,1.83,2.5,1.8,2.67,1.0,7.5,3.67,2
/match/eune/3359503183,-125.0,1.0,1.0,blue,5.0,1.67,3.25,2.0,4.0,7.0,5.0,1.5,3.33,1.25,0
/match/eune/3359490811,320.0,-2.0,-1.0,blue,2.25,0.67,2.0,2.0,0.8,3.5,0.0,5.0,1.0,7.0,0
/match/eune/3359483044,4501.0,2.0,0.0,blue,6.0,0.17,6.5,3.5,1.5,1.0,2.0,1.6,4.5,1.67,-2
/match/eune/3359487644,-5396.0,-4.0,-2.0,red,4.0,0.5,10.0,2.0,0.5,3.0,0.2,3.0,7.0,1.67,2
/match/eune/3359483188,2767.0,1.0,1.0,red,4.0,0.75,3.0,1.4,7.0,3.0,1.33,2.17,1.67,5.5,0
/match/eune/3359480201,-3577.0,-1.0,0.0,red,1.0,0.33,1.25,1.33,2.67,1.0,1.25,4.67,2.67,14.0,2
/match/eune/3359477392,-2995.0,0.0,-2.0,blue,2.75,1.2,0.75,11.0,0.67,2.0,0.8,1.6,0.6,4.0,0
/match/eune/3359474492,2732.0,1.0,0.0,blue,0.0,5.0,1.75,1.0,3.0,2.0,7.0,2.0,4.0,1.5,0
/match/eune/3359468475,8335.0,2.0,3.0,blue,11.0,1.5,6.0,1.14,3.67,2.25,3.75,0.83,4.0,0.83,2
/match/eune/3359472133,4054.0,3.0,3.0,blue,1.25,1.6,9.0,3.5,2.67,0.71,2.0,4.0,1.75,3.0,-2
/match/eune/3359459877,777.0,0.0,-3.0,red,1.75,1.0,1.33,6.5,1.5,1.0,2.0,2.4,1.0,4.0,1
/match/eune/3359453245,-7913.0,-2.0,-2.0,red,1.0,0.5,0.33,9.0,0.0,1.0,0.2,6.0,1.0,6.0,-2
/match/eune/3359444973,-5943.0,-3.0,-3.0,red,1.67,1.0,5.0,3.0,3.5,1.0,1.0,2.25,2.5,4.0,0
/match/eune/3359451269,1525.0,0.0,2.0,blue,3.5,1.25,3.25,3.0,2.2,2.0,4.0,1.0,14.0,3.5,-2
/match/eune/3359447354,3242.0,2.0,-2.0,blue,2.33,0.86,4.0,9.0,0.5,4.0,2.67,0.8,1.75,2.0,0
/match/eune/3359450084,-3224.0,-2.0,2.0,red,3.5,0.75,10.0,6.5,1.0,1.14,2.5,1.67,2.17,5.5,-2
/match/eune/3359442379,-1108.0,-1.0,0.0,blue,0.6,1.0,1.6,1.75,7.0,0.6,8.0,1.5,8.0,6.0,-2
/match/eune/3359414841,7860.0,4.0,2.0,blue,6.0,0.5,1.5,0.8,4.5,3.5,2.33,1.0,7.0,2.5,0
/match/eune/3359414181,3275.0,1.0,0.0,blue,3.33,1.4,1.4,1.4,2.4,1.0,3.75,1.75,8.0,1.14,0
/match/eune/3359403587,7076.0,4.0,-2.0,blue,0.83,1.0,5.33,3.0,5.5,0.2,4.33,1.29,2.5,2.2,2
/match/eune/3359393012,1394.0,1.0,-2.0,red,5.5,1.33,1.2,2.0,3.5,1.4,1.33,0.8,5.0,2.33,0
/match/eune/3359397724,3083.0,3.0,-2.0,red,3.0,0.75,19.0,1.67,10.0,0.17,1.67,2.25,2.0,2.75,2
/match/eune/3359373914,-7242.0,-2.0,-2.0,red,1.43,2.0,1.43,3.2,2.5,0.5,0.75,3.5,0.2,13.0,0
/match/eune/3359373541,2014.0,1.0,0.0,red,5.0,0.33,8.0,3.0,1.67,1.33,2.5,0.67,6.0,0.75,0
/match/eune/3359373143,2153.0,2.0,-1.0,blue,2.25,0.62,1.17,2.0,1.67,1.5,2.67,1.67,5.0,3.0,0
/match/eune/3359369156,5512.0,3.0,1.0,blue,0.0,4.0,2.0,1.0,6.0,1.67,7.0,0.75,7.5,1.0,-2
/match/eune/3359354788,-2616.0,-4.0,1.0,blue,2.6,1.67,2.57,1.71,2.67,3.0,1.67,1.0,2.83,2.0,0
/match/eune/3359350977,-4526.0,-1.0,0.0,red,0.17,5.0,2.33,2.67,2.5,6.0,3.0,1.67,2.0,2.33,-2
/match/eune/3359340064,1269.0,0.0,3.0,red,0.83,3.0,3.0,2.33,2.0,3.0,2.67,1.0,8.0,3.5,0
/match/eune/3359337769,-4210.0,-1.0,0.0,red,0.67,5.0,2.67,8.0,0.5,5.0,4.0,1.75,2.0,1.4,-2
/match/eune/3359343464,3715.0,2.0,0.0,red,3.0,0.12,2.5,1.57,2.33,6.0,4.0,1.5,7.5,11.0,0
/match/eune/3359332359,1678.0,0.0,-2.0,blue,2.5,2.0,4.0,1.8,7.5,0.25,1.5,2.33,3.33,2.0,2
/match/eune/3359322208,-2375.0,-1.0,-3.0,red,1.0,5.0,0.67,4.0,1.0,4.0,2.0,0.5,5.0,5.0,-2
/match/eune/3359320341,-4951.0,-1.0,-2.0,red,1.0,1.0,2.0,2.67,9.0,0.75,1.5,4.0,1.67,2.33,2
/match/eune/3359307777,-695.0,2.0,-2.0,red,2.0,7.0,0.8,4.5,1.25,4.5,6.0,1.67,2.33,2.25,2
/match/eune/3359313258,1647.0,2.0,1.0,red,2.5,1.0,4.0,2.0,1.5,3.0,2.0,4.0,0.5,4.0,2
/match/eune/3359303234,-10044.0,-3.0,-2.0,red,0.43,10.0,1.0,5.5,1.0,6.5,3.0,2.0,1.75,3.0,-2
/match/eune/3359298366,99.0,2.0,-1.0,red,1.2,1.0,1.5,4.5,2.0,3.0,1.0,4.0,2.0,3.5,1
/match/eune/3359295595,-160.0,-1.0,0.0,red,0.67,1.67,3.25,1.0,0.67,5.0,4.0,0.0,4.0,3.5,0
/match/eune/3359300216,1797.0,-1.0,1.0,blue,2.5,1.6,2.0,0.67,0.5,5.5,4.0,8.0,2.67,1.75,0
/match/eune/3359299109,7196.0,2.0,0.0,blue,0.8,2.33,3.0,3.33,2.67,1.67,4.0,1.5,10.0,0.75,0
/match/eune/3359289364,1527.0,3.0,-1.0,blue,0.5,2.0,2.0,14.0,2.67,7.0,2.5,1.8,1.6,3.0,2
/match/eune/3359291145,-820.0,-1.0,-1.0,blue,0.75,9.0,9.0,7.0,3.0,0.2,5.0,0.0,1.75,2.0,-2
/match/eune/3359286150,8032.0,5.0,2.0,blue,7.0,0.5,11.0,1.0,5.0,2.0,3.5,0.4,5.0,0.33,2
/match/eune/3359280424,3409.0,0.0,0.0,blue,10.0,0.86,3.0,2.0,1.2,3.0,1.5,2.67,5.0,1.2,1
/match/eune/3359265977,3903.0,0.0,0.0,blue,3.0,0.25,7.0,5.0,2.0,1.5,1.0,1.0,4.0,1.0,-1
/match/eune/3359266733,-4287.0,-2.0,1.0,blue,0.2,4.0,1.4,6.0,2.4,1.0,1.5,2.75,6.0,1.2,-1
/match/eune/3359269523,1876.0,0.0,2.0,red,0.33,5.0,5.5,1.6,0.83,1.67,2.67,1.67,5.5,2.67,1
/match/eune/3359272135,5845.0,4.0,3.0,blue,1.25,1.25,2.5,1.67,4.0,2.67,3.67,0.5,12.0,0.71,0
/match/eune/3359256845,2937.0,1.0,2.0,blue,1.5,1.67,2.67,2.67,6.0,1.6,1.67,2.0,2.0,2.33,1
/match/eune/3359250854,-4649.0,-2.0,0.0,red,1.0,13.0,3.75,9.0,1.5,1.29,1.5,2.67,1.86,2.14,-1
/match/eune/3359244053,-516.0,2.0,0.0,red,0.22,5.5,10.0,1.67,1.5,1.17,2.0,2.33,3.33,2.0,1
/match/eune/3359240553,-3693.0,-1.0,0.0,blue,1.4,1.67,4.67,2.5,1.75,2.75,2.0,1.0,2.33,4.5,0
/match/eune/3359239294,2742.0,-1.0,2.0,blue,1.0,2.33,6.0,1.75,11.0,0.29,1.33,3.0,5.5,2.0,2
/match/eune/3359238376,-2823.0,1.0,-2.0,red,0.8,1.2,6.5,10.0,1.4,1.75,1.2,1.17,2.0,3.0,1
/match/eune/3359226897,4726.0,2.0,0.0,blue,6.0,1.0,4.0,2.0,12.0,0.43,2.4,2.0,6.5,1.0,1
/match/eune/3359219790,-6463.0,-1.0,0.0,red,2.0,0.75,1.0,4.0,1.6,2.2,0.25,15.0,0.57,15.0,0
/match/eune/3359222259,-5336.0,1.0,1.0,red,0.25,3.0,2.33,4.5,1.0,8.0,2.0,4.5,3.0,1.33,-1
/match/eune/3359209623,5810.0,1.0,0.0,blue,17.0,0.8,0.67,2.0,6.5,0.2,9.5,0.33,4.0,0.67,-1
/match/eune/3359208453,160.0,-1.0,1.0,blue,6.0,3.5,1.67,0.33,0.6,2.67,2.33,3.5,2.0,2.67,0
/match/eune/3359211113,-2556.0,2.0,-1.0,red,1.0,1.75,3.5,1.14,1.75,2.67,3.0,4.33,2.5,5.0,-2
/match/eune/3359199430,326.0,2.0,-2.0,red,1.5,1.0,5.0,4.5,3.0,1.0,1.6,1.29,1.4,4.5,0
/match/eune/3359188756,-1441.0,1.0,-3.0,red,2.0,1.0,1.5,2.5,0.75,8.0,1.33,3.5,2.0,4.0,2
/match/eune/3359182981,8126.0,3.0,2.0,blue,1.0,1.33,4.0,1.0,7.0,1.5,1.25,2.0,9.0,0.75,2
/match/eune/3359191312,-733.0,0.0,1.0,blue,0.5,4.0,1.6,6.0,2.0,1.0,1.2,2.25,1.0,4.5,-2
/match/eune/3359188254,-1974.0,0.0,-1.0,red,1.0,1.75,2.67,2.0,1.33,2.0,1.0,2.5,2.5,8.0,-1
/match/eune/3359188097,-4189.0,-2.0,2.0,red,0.67,8.0,1.57,2.17,3.25,2.0,2.75,1.75,1.67,5.5,0
/match/eune/3359181513,3295.0,3.0,2.0,blue,1.67,2.6,2.75,2.8,1.33,2.25,1.5,0.5,1.44,3.5,0
/match/eune/3359178321,245.0,0.0,2.0,blue,0.33,3.5,14.0,1.33,3.0,0.2,3.0,0.67,4.33,3.0,0
/match/eune/3359166931,-6637.0,-3.0,-1.0,red,0.6,2.67,0.5,16.0,0.4,7.0,0.4,9.0,1.0,16.0,-2
/match/eune/3359171576,2651.0,1.0,-2.0,red,4.0,0.0,2.33,3.33,0.71,1.5,2.0,5.0,1.33,3.0,2
/match/eune/3359169449,-734.0,-2.0,-2.0,red,1.5,2.0,0.5,2.0,2.0,1.33,2.67,5.0,3.6,1.5,0
/match/eune/3359162933,1220.0,0.0,-2.0,red,0.5,4.0,2.5,3.33,1.5,2.0,5.67,1.0,4.5,2.75,-2
/match/eune/3359161881,-5164.0,-1.0,0.0,red,0.5,1.25,2.25,6.5,1.17,2.0,0.67,3.0,0.8,3.67,1
/match/eune/3359164280,-4546.0,-3.0,-2.0,red,2.0,1.67,2.0,5.5,1.0,1.0,1.0,4.5,1.0,5.5,2
/match/eune/3359159552,6588.0,0.0,1.0,blue,5.5,0.8,4.33,0.5,4.67,1.5,2.0,1.33,1.83,1.5,0
/match/eune/3359158455,-935.0,0.0,2.0,blue,0.5,2.0,3.0,5.0,1.0,4.0,2.0,2.0,1.0,1.67,2
/match/eune/3359153549,245.0,2.0,2.0,blue,1.67,1.8,2.0,4.25,0.71,9.0,0.5,6.0,1.0,9.0,1
/match/eune/3359139986,-7500.0,-4.0,-2.0,red,1.6,2.0,1.0,14.0,2.5,1.0,0.88,11.5,0.56,7.0,-1
/match/eune/3359151209,3906.0,2.0,-1.0,blue,5.0,1.0,1.2,6.0,1.33,3.0,3.25,2.2,1.6,2.0,2
/match/eune/3359146335,5261.0,2.0,2.0,blue,4.0,0.62,12.0,2.0,2.5,0.6,2.33,2.0,2.33,7.0,0
/match/eune/3359136972,-1297.0,0.0,0.0,red,0.5,3.0,2.14,1.83,4.67,1.33,3.0,1.8,13.0,2.0,0
/match/eune/3359140511,-1092.0,-1.0,-1.0,red,2.5,0.75,1.0,16.0,0.6,3.5,1.5,9.0,0.6,3.67,-2
/match/eune/3359138337,-788.0,0.0,0.0,blue,0.67,3.0,12.0,1.0,6.0,0.0,2.67,4.33,1.43,2.2,1
/match/eune/3359134717,-3237.0,-2.0,-1.0,blue,3.0,1.0,2.25,3.0,1.4,2.75,0.9,3.25,1.33,5.33,-2
/match/eune/3359139283,2052.0,-1.0,-1.0,blue,1.5,4.0,9.0,2.5,1.0,1.0,1.33,1.67,3.75,2.75,-2
/match/eune/3359134125,-1279.0,-1.0,-3.0,red,0.75,1.5,0.0,1.5,4.0,2.67,5.0,2.5,1.8,1.5,-2
/match/eune/3359135111,950.0,3.0,2.0,blue,0.43,2.5,3.67,4.5,1.0,1.25,6.5,1.25,7.0,1.0,0
/match/eune/3359121944,-1302.0,-2.0,-2.0,red,2.0,1.33,5.0,2.0,2.67,1.0,0.25,5.5,0.75,11.0,-1
/match/eune/3359114985,-7078.0,-3.0,-1.0,red,1.2,0.5,1.5,3.33,0.67,2.0,2.0,3.0,6.0,4.5,-2
/match/eune/3359114046,-560.0,-1.0,-1.0,red,1.5,1.5,7.0,5.0,0.5,5.0,3.0,2.0,4.0,3.0,0
/match/eune/3359122349,8351.0,4.0,0.0,blue,6.0,0.0,12.0,1.33,1.8,1.43,1.5,1.2,3.67,2.67,0
/match/eune/3359116094,-988.0,1.0,2.0,red,0.62,4.5,2.5,1.6,4.5,1.33,1.67,1.5,11.0,2.67,-2
/match/eune/3359102059,-7842.0,-4.0,-2.0,red,1.0,1.5,1.6,5.0,4.0,1.25,0.75,4.5,1.2,7.0,-2
/match/eune/3359107406,-9405.0,-4.0,-2.0,red,0.5,3.5,1.12,8.0,1.33,2.4,1.17,17.0,1.0,5.0,0
/match/eune/3359098686,4951.0,2.0,0.0,blue,7.0,1.0,11.0,1.75,0.67,4.0,4.0,0.4,3.5,2.0,0
/match/eune/3359097347,3876.0,1.0,2.0,red,12.0,1.33,4.0,1.5,5.0,0.33,4.0,1.0,7.0,0.33,0
/match/eune/3359091204,3426.0,2.0,2.0,blue,1.5,0.5,3.0,2.5,2.0,0.86,6.0,1.0,2.5,4.0,2
/match/eune/3359082813,6777.0,3.0,0.0,blue,0.33,2.0,3.5,1.2,4.0,0.75,12.0,0.4,14.0,0.25,0
/match/eune/3359081601,-4316.0,0.0,-2.0,red,1.0,4.0,0.62,8.5,0.83,5.33,1.86,0.83,3.0,2.83,-2
/match/eune/3359080253,-4132.0,-3.0,0.0,red,1.5,4.0,8.0,1.0,4.0,0.67,6.0,1.0,5.0,0.5,-2
/match/eune/3359078311,5121.0,4.0,1.0,blue,6.0,1.33,2.0,0.67,6.0,1.75,5.5,1.33,3.0,0.5,0
/match/eune/3359069966,1161.0,2.0,-1.0,blue,1.0,1.0,2.0,3.5,2.0,1.0,3.0,4.0,1.0,1.33,0
/match/eune/3359066959,-2743.0,-5.0,1.0,red,0.75,3.5,1.6,3.33,0.8,12.0,1.75,2.2,1.14,5.0,-2
/match/eune/3359063630,-5346.0,1.0,-1.0,red,1.5,2.5,2.0,11.0,1.75,2.33,1.67,1.17,1.4,3.75,-2
/match/eune/3359066176,-3827.0,-2.0,-2.0,red,2.0,3.0,1.0,5.0,0.43,13.0,0.71,3.33,4.5,6.0,0
/match/eune/3359053921,-951.0,-1.0,-1.0,red,1.0,4.5,2.67,1.0,6.0,0.67,0.67,4.67,2.0,3.5,-2
/match/eune/3359049905,-2366.0,-2.0,-2.0,red,0.0,3.0,2.5,2.5,0.5,3.0,1.25,1.0,1.5,8.0,-2
/match/eune/3359055403,-1970.0,-2.0,1.0,red,1.2,2.33,2.5,2.67,9.0,11.0,1.33,0.33,4.0,1.5,0
/match/eune/3359047981,4918.0,1.0,3.0,blue,1.67,1.0,11.0,2.5,2.5,6.0,3.5,0.5,4.5,0.75,0
/match/eune/3359043954,-1226.0,0.0,2.0,red,0.88,3.25,3.0,1.62,4.33,6.5,3.33,2.0,5.0,2.25,0
/match/eune/3359050078,-6045.0,-3.0,-3.0,blue,0.83,1.75,1.83,6.0,0.8,2.2,1.0,5.0,0.71,5.67,0
/match/eune/3359040327,3712.0,3.0,0.0,blue,4.0,0.5,6.0,2.0,2.5,0.38,0.33,4.0,2.6,4.67,0
/match/eune/3359030320,-1333.0,-2.0,-2.0,blue,0.5,1.5,9.0,2.33,3.0,5.0,0.33,3.5,1.25,2.67,-2
/match/eune/3359025423,-7211.0,-4.0,-3.0,red,7.0,1.0,1.25,3.0,0.6,9.0,2.0,2.67,2.33,2.25,-2
/match/eune/3359026078,3621.0,-2.0,0.0,blue,1.0,3.0,15.0,1.67,11.0,0.29,1.67,1.0,8.5,1.75,-1
/match/eune/3359015722,3378.0,-1.0,2.0,red,0.5,2.0,10.0,0.5,5.0,1.0,7.0,0.0,7.0,0.75,2
/match/eune/3359014183,184.0,2.0,1.0,blue,0.75,1.25,2.0,3.5,1.0,2.25,1.75,4.25,3.5,2.5,0
/match/eune/3359010330,-3068.0,0.0,-2.0,red,1.14,2.0,1.0,4.67,0.8,6.0,1.0,6.0,1.67,5.0,1
/match/eune/3359003532,-2569.0,-2.0,0.0,blue,2.0,2.0,2.5,4.0,0.38,7.0,4.0,3.0,1.25,8.0,-2
/match/eune/3358988989,2575.0,1.0,2.0,blue,5.0,0.25,11.0,0.78,2.4,0.83,2.0,7.0,1.67,3.5,0
/match/eune/3358993755,-8353.0,-4.0,-2.0,red,0.5,3.67,1.17,3.67,3.0,8.0,0.5,2.6,3.0,5.0,0
/match/eune/3358983041,-6004.0,-3.0,-1.0,red,2.33,0.8,1.33,6.0,2.0,2.67,0.89,6.0,1.12,6.33,-2
/match/eune/3358982722,-7555.0,-2.0,-3.0,red,1.0,8.0,1.67,4.0,1.33,7.0,0.86,1.5,1.5,8.0,-2
/match/eune/3358983571,2131.0,1.0,1.0,blue,3.5,2.33,2.67,2.67,3.0,2.67,1.33,5.5,1.25,10.0,2
/match/eune/3358979781,-1809.0,0.0,-1.0,red,2.8,4.0,1.57,6.5,1.25,1.71,3.0,1.0,1.75,2.0,1
/match/eune/3358970043,3942.0,2.0,3.0,blue,5.0,1.0,2.33,1.0,8.0,6.0,1.0,1.25,8.0,2.0,-1
/match/eune/3358974321,3370.0,2.0,0.0,blue,3.0,1.8,6.5,1.25,0.4,2.0,2.75,1.6,2.0,3.67,-1
/match/eune/3358967837,-5222.0,-2.0,-2.0,red,1.0,6.0,3.4,2.0,2.83,1.86,1.62,1.71,1.36,4.0,0
/match/eune/3358975190,5772.0,1.0,0.0,blue,1.33,4.0,8.5,0.86,2.5,1.17,3.33,0.75,3.0,9.0,-1
/match/eune/3358964064,-4106.0,-3.0,-2.0,red,2.33,0.25,2.8,21.0,2.75,2.67,2.0,2.75,2.4,3.0,-2
/match/eune/3358961690,5823.0,0.0,-1.0,blue,12.0,1.25,1.67,1.25,5.67,3.33,16.0,0.88,10.5,0.62,-1
/match/eune/3358955822,-8117.0,-6.0,-2.0,red,0.67,5.0,3.5,4.0,1.33,1.67,3.5,5.0,1.25,2.0,-1
/match/eune/3358958551,-10368.0,-4.0,0.0,red,1.6,3.5,1.0,3.0,1.25,3.2,2.33,3.5,2.0,5.0,-2
/match/eune/3358959358,11264.0,3.0,0.0,blue,5.0,0.5,12.0,0.71,2.0,0.8,2.67,1.44,1.57,4.0,2
/match/eune/3358954403,1329.0,1.0,-1.0,red,1.0,1.0,2.0,1.6,0.67,3.0,1.5,1.67,1.5,6.0,2
/match/eune/3358951429,2209.0,0.0,1.0,blue,6.0,0.17,1.43,1.2,1.67,3.75,6.0,3.5,2.75,1.2,2
/match/eune/3358949259,132.0,1.0,-3.0,red,7.0,0.17,3.0,3.0,1.0,4.0,1.0,4.0,4.0,3.5,2
/match/eune/3358944565,4078.0,-1.0,2.0,blue,1.0,2.0,11.0,1.5,1.0,1.0,0.5,1.0,4.0,0.0,-1
/match/eune/3358943536,2533.0,2.0,-2.0,red,0.5,1.0,2.0,8.0,1.33,3.5,0.75,4.0,4.0,1.0,1
/match/eune/3358939492,-4141.0,-3.0,1.0,red,1.25,1.5,1.8,4.67,0.8,6.5,1.6,1.25,2.0,1.2,0
/match/eune/3358933830,-3677.0,-2.0,-3.0,red,1.5,1.0,3.0,2.25,2.2,2.5,1.33,1.67,4.0,2.67,0
/match/eune/3358935398,5489.0,4.0,2.0,blue,1.75,7.0,4.0,2.25,0.67,1.0,7.0,1.0,3.0,1.17,2
/match/eune/3358923886,-3873.0,-2.0,1.0,red,3.33,1.0,1.33,3.0,2.5,4.0,1.2,2.75,1.2,5.0,-1
/match/eune/3358931365,-201.0,-1.0,2.0,blue,2.33,2.2,1.75,1.5,1.5,4.0,1.2,2.67,2.33,3.0,2
/match/eune/3358916012,-7800.0,-4.0,0.0,red,8.0,0.8,0.6,2.67,0.67,2.0,0.83,4.5,3.0,4.0,0
/match/eune/3358916914,-12782.0,-4.0,-2.0,red,1.25,2.0,0.14,2.33,1.2,5.5,0.5,15.0,0.6,7.5,-2
/match/eune/3358915953,-1333.0,3.0,-2.0,red,2.0,2.5,2.0,1.5,0.4,12.0,1.33,2.5,1.0,4.5,2
/match/eune/3358920269,-17.0,-1.0,2.0,blue,2.0,2.0,5.0,1.0,8.0,0.4,2.0,1.0,0.33,5.0,-2
/match/eune/3358912744,-2199.0,2.0,1.0,blue,1.29,4.0,1.29,1.17,0.0,10.0,2.0,6.0,0.5,3.0,1
/match/eune/3358914575,937.0,1.0,-2.0,blue,4.0,0.88,3.2,3.25,1.29,1.5,2.0,2.75,2.0,2.6,-2
/match/eune/3358913290,5084.0,2.0,1.0,blue,2.0,1.2,2.4,4.33,1.75,0.83,6.5,0.33,6.5,1.8,0
/match/eune/3358901029,3337.0,2.0,1.0,blue,1.67,0.8,3.67,2.67,3.0,0.14,8.0,2.0,4.0,3.5,2
/match/eune/3358901817,4197.0,1.0,0.0,blue,0.33,10.0,1.33,2.0,4.25,0.83,8.5,1.29,1.5,1.86,-1
/match/eune/3358892600,5821.0,4.0,0.0,blue,5.0,0.75,5.0,1.2,6.0,1.25,3.0,1.5,4.5,1.2,-2
/match/eune/3358899159,-3982.0,-2.0,-1.0,red,1.0,0.8,6.0,7.0,1.0,0.0,0.4,4.5,0.8,5.5,1
/match/eune/3358876639,-1921.0,0.0,-3.0,red,1.0,5.5,4.0,4.33,1.4,1.86,2.0,1.0,1.29,6.0,0
/match/eune/3358867932,7199.0,1.0,3.0,blue,4.5,0.5,6.0,0.17,6.0,0.6,3.5,1.25,2.0,2.67,2
/match/eune/3358874482,2445.0,1.0,0.0,red,1.5,2.0,1.83,3.0,2.0,1.0,7.0,1.67,8.0,1.8,0
/match/eune/3358869505,-1194.0,-2.0,-1.0,red,1.33,3.0,2.5,1.8,5.0,1.67,1.43,2.2,1.25,6.0,-1
/match/eune/3358857047,-3205.0,-2.0,-2.0,red,0.5,1.0,1.25,4.0,2.25,1.0,2.25,2.75,1.57,1.57,2
/match/eune/3358839031,-1654.0,3.0,-3.0,red,3.5,0.6,1.33,10.0,1.2,1.0,0.67,2.75,0.67,8.0,-1
/match/eune/3358839859,-3831.0,-3.0,1.0,red,1.0,5.0,4.0,1.0,1.0,2.25,1.8,1.4,2.33,2.67,-1
/match/eune/3358831963,-2554.0,0.0,0.0,blue,9.0,2.75,1.0,9.0,1.0,0.75,0.5,3.67,2.67,6.0,0
/match/eune/3358838413,1610.0,-2.0,2.0,blue,3.0,0.4,4.67,2.5,4.5,1.33,4.5,1.5,3.0,2.0,0
/match/eune/3358838299,-2030.0,0.0,2.0,red,0.4,5.0,5.0,5.5,5.0,3.0,2.5,1.33,3.0,1.5,-2
/match/eune/3358824453,-4479.0,0.0,-2.0,red,0.8,0.5,1.4,6.5,1.5,3.5,0.8,4.5,3.0,4.0,-2
/match/eune/3358820450,-390.0,-1.0,0.0,blue,0.83,0.8,4.67,3.33,1.6,1.5,1.75,3.33,4.5,1.4,2
/match/eune/3358825074,-1022.0,1.0,-1.0,red,2.0,0.0,2.5,2.17,3.0,2.0,1.0,3.2,1.43,4.67,2
/match/eune/3358819413,-5979.0,-2.0,-2.0,red,0.8,1.75,1.5,3.0,0.67,4.0,1.33,0.75,1.5,6.0,-2
/match/eune/3358797830,-2607.0,-1.0,-1.0,red,1.5,0.67,1.6,6.0,4.0,1.5,1.33,2.5,1.17,3.33,2
/match/eune/3358792827,-756.0,1.0,-3.0,red,1.0,0.5,4.33,4.0,2.2,1.8,1.0,1.75,2.0,3.33,2
/match/eune/3358792338,2608.0,1.0,2.0,blue,2.0,6.0,7.0,4.0,1.6,0.75,1.33,1.67,4.0,2.0,0
/match/eune/3358785006,-6834.0,-4.0,-2.0,red,0.33,4.0,1.75,6.0,1.0,13.0,1.5,5.0,0.57,5.0,-2
/match/eune/3358786841,-7382.0,-1.0,-1.0,blue,0.0,12.0,1.29,9.0,1.2,9.0,1.57,4.0,1.33,2.8,0
/match/eune/3358789296,197.0,1.0,1.0,blue,1.5,1.5,2.75,3.5,8.0,1.0,2.0,2.4,1.29,5.5,0
/match/eune/3358783347,2084.0,1.0,0.0,red,1.67,1.33,4.0,4.5,10.0,1.5,9.0,1.67,1.6,1.2,-2
/match/eune/3358779494,-5895.0,-3.0,-3.0,blue,1.0,4.0,2.75,1.33,0.86,3.33,1.25,5.5,1.33,7.0,-2
/match/eune/3358772572,-4633.0,-1.0,-3.0,blue,0.67,8.0,1.2,2.33,1.0,3.33,2.0,7.0,0.67,4.33,-2
/match/eune/3358771476,3657.0,0.0,2.0,blue,5.0,0.4,2.0,2.5,4.0,1.0,3.0,2.0,1.0,4.0,-1
/match/eune/3358772453,-8297.0,-5.0,-2.0,red,0.83,3.33,1.25,8.0,1.0,1.25,8.0,2.25,6.5,1.5,-2
/match/eune/3358742576,-3084.0,0.0,0.0,red,1.33,9.0,1.5,4.0,1.75,1.4,3.0,3.0,3.0,4.0,-2
/match/eune/3358732786,12600.0,5.0,2.0,blue,2.67,0.75,4.5,0.57,4.33,0.67,6.0,0.33,7.0,1.0,1
/match/eune/3358726897,1076.0,1.0,2.0,red,9.0,1.0,7.0,0.8,8.5,0.25,15.0,0.43,1.0,3.0,0
/match/eune/3358733324,10557.0,4.0,1.0,blue,2.0,0.57,9.0,0.8,4.0,0.8,3.25,0.75,14.0,1.67,0
/match/eune/3358731195,6636.0,4.0,0.0,blue,1.67,1.0,8.0,1.67,3.0,0.57,4.0,0.75,12.0,0.75,-2
/match/eune/3358721032,590.0,-1.0,3.0,blue,1.5,2.0,12.0,1.8,2.67,1.25,2.0,1.8,1.5,1.2,2
/match/eune/3358718620,8826.0,4.0,1.0,blue,0.75,1.33,16.0,0.71,2.0,3.0,2.6,1.0,14.0,1.17,-2
/match/eune/3358708857,-6733.0,-1.0,-3.0,red,1.0,2.0,2.67,3.33,0.83,4.5,5.0,4.5,1.0,10.0,-2
/match/eune/3358706925,-1154.0,-2.0,-1.0,red,0.0,1.0,2.0,5.0,0.75,3.33,1.25,2.5,2.5,4.0,0
/match/eune/3358705823,92.0,1.0,0.0,blue,1.14,2.0,2.0,3.0,3.5,0.33,1.5,3.67,1.8,2.2,0
/match/eune/3358695242,-2039.0,-2.0,-3.0,red,0.67,2.67,1.5,8.0,0.78,2.75,7.0,1.33,7.0,3.0,-1
/match/eune/3358689499,4942.0,2.0,1.0,blue,2.0,4.5,1.2,3.0,2.33,4.0,3.0,3.25,2.75,1.33,2
/match/eune/3358685721,-4650.0,1.0,0.0,red,1.8,3.33,1.25,2.33,1.0,5.0,1.5,3.33,2.0,2.2,1
/match/eune/3358687150,-5742.0,-3.0,-1.0,red,5.0,0.5,0.33,4.0,0.67,7.0,1.5,2.33,8.0,3.0,0
/match/eune/3358678804,6420.0,2.0,2.0,blue,9.0,2.67,7.0,1.14,1.0,3.0,10.0,1.25,2.17,1.5,2
/match/eune/3358684138,-5360.0,-3.0,1.0,red,4.0,0.2,2.67,3.33,0.88,14.0,0.8,2.67,2.0,3.67,1
/match/eune/3358670919,-3973.0,0.0,-2.0,red,0.0,4.0,0.0,6.0,0.0,1.0,0.0,3.0,0.0,2.0,2
/match/eune/3358660962,3777.0,3.0,-2.0,red,0.89,3.0,3.0,2.0,2.5,1.29,2.5,3.0,1.8,1.14,2
/match/eune/3358664632,8166.0,3.0,0.0,blue,7.0,0.2,2.0,0.83,12.0,0.67,2.67,1.75,13.0,0.6,2
/match/eune/3358660169,5860.0,2.0,0.0,blue,3.0,0.29,2.33,1.6,4.5,1.5,3.33,1.25,3.0,1.5,2
/match/eune/3358658426,7228.0,4.0,-1.0,red,6.0,1.4,4.33,1.4,7.0,1.2,0.2,6.0,1.75,2.0,1
/match/eune/3358640007,4129.0,-2.0,0.0,blue,11.0,0.0,7.0,1.75,1.67,1.2,0.75,3.33,1.0,5.5,2
/match/eune/3358643786,-10339.0,-8.0,-1.0,red,2.33,2.67,9.0,8.0,0.71,15.0,0.33,1.5,1.5,1.5,-2
/match/eune/3358626751,-7099.0,-2.0,-3.0,blue,1.4,1.8,1.29,11.0,1.5,2.25,0.75,3.75,0.86,8.0,-2
/match/eune/3358634250,827.0,1.0,-2.0,red,1.25,1.75,1.33,1.8,8.0,6.0,2.0,0.62,3.33,4.33,2
/match/eune/3358618728,781.0,1.0,-2.0,red,0.67,9.0,1.5,7.0,1.4,2.0,3.33,1.6,1.67,2.17,2
/match/eune/3358616940,6043.0,3.0,3.0,blue,1.75,1.67,10.0,0.75,6.0,1.25,8.0,1.33,2.0,3.0,0
/match/eune/3358620527,-1182.0,1.0,1.0,red,0.5,2.5,2.0,6.0,1.0,1.5,1.33,2.0,4.0,5.0,-1
/match/eune/3358614755,-1722.0,1.0,2.0,red,0.5,3.0,1.5,6.0,0.67,10.0,3.33,0.43,2.0,3.67,0
/match/eune/3358621310,8377.0,3.0,0.0,blue,1.2,4.0,5.0,0.78,10.0,0.17,3.33,1.75,3.0,1.0,2
/match/eune/3358623183,4388.0,4.0,1.0,blue,1.0,1.71,6.5,2.0,2.25,0.6,6.0,0.6,6.5,1.67,2
/match/eune/3358612615,984.0,0.0,2.0,blue,1.0,2.33,3.0,3.0,3.0,1.0,4.0,1.25,1.33,2.0,0
/match/eune/3358606027,-1129.0,2.0,-1.0,blue,3.0,1.5,1.67,14.0,0.6,8.0,2.5,1.25,2.5,1.83,2
/match/eune/3358609779,-7955.0,-3.0,-2.0,red,2.8,1.0,2.0,1.5,2.0,9.0,1.5,6.5,0.43,6.5,-1
/match/eune/3358614252,3975.0,2.0,1.0,blue,0.0,6.0,2.0,3.25,3.67,0.67,1.0,2.67,2.5,3.0,2
/match/eune/3358604773,-5287.0,-2.0,0.0,red,1.67,0.6,2.5,6.5,1.2,1.5,0.5,21.0,0.4,18.0,0
/match/eune/3358613213,-7817.0,-2.0,-1.0,red,1.25,4.0,2.67,3.67,5.33,1.5,1.71,3.33,2.8,3.4,0
/match/eune/3358602903,-2480.0,0.0,-2.0,blue,1.0,2.33,3.67,1.33,3.0,1.14,1.5,1.75,1.5,7.0,-2
/match/eune/3358593922,-6099.0,-3.0,0.0,red,1.75,10.0,1.8,7.0,0.4,2.67,0.83,6.0,4.0,3.4,2
/match/eune/3358595309,1674.0,0.0,-1.0,red,1.2,1.0,13.0,3.33,4.5,0.5,2.0,1.67,2.75,3.25,-2
/match/eune/3358590440,-3628.0,-2.0,-1.0,red,1.6,1.25,1.4,3.75,7.5,5.0,1.83,1.5,2.0,2.2,-2
/match/eune/3358583789,1140.0,-1.0,-2.0,blue,5.0,0.5,4.0,3.5,1.4,3.0,2.0,6.0,1.4,3.5,2
/match/eune/3358582465,-1692.0,-3.0,-1.0,blue,0.67,5.0,7.0,8.0,1.25,0.0,3.0,2.5,0.0,1.33,1
/match/eune/3358584449,2333.0,1.0,1.0,blue,0.33,1.5,4.0,3.0,0.67,1.25,10.0,0.33,11.0,0.5,-1
/match/eune/3358586210,-3792.0,-2.0,-2.0,red,2.5,1.33,2.0,3.5,0.71,2.33,4.0,5.0,1.2,4.5,0
/match/eune/3358577579,-5614.0,-1.0,-2.0,red,5.0,0.5,2.0,2.33,0.5,6.0,1.67,5.0,2.5,3.5,1
/match/eune/3358572865,3250.0,3.0,0.0,blue,1.0,1.25,3.67,6.0,1.5,2.67,10.0,1.0,2.5,1.17,2
/match/eune/3358570843,-4263.0,-1.0,-1.0,red,1.0,2.0,2.25,5.5,1.25,4.0,1.6,1.6,2.67,4.33,0
/match/eune/3358580168,-10038.0,-3.0,-2.0,red,2.0,0.8,0.83,13.0,0.4,12.0,0.0,7.0,0.14,22.0,0
/match/eune/3358575246,1670.0,0.0,0.0,blue,0.0,1.0,3.67,1.5,2.0,2.67,3.0,0.33,4.0,2.0,-2
/match/eune/3358559211,1072.0,4.0,2.0,blue,0.83,1.17,5.5,2.0,1.0,11.0,4.5,0.75,3.0,2.2,0
/match/eune/3358547837,-4292.0,-1.0,0.0,red,0.14,5.0,0.71,6.5,0.5,2.33,1.67,5.0,6.0,10.0,-2
/match/eune/3358560114,-7077.0,-5.0,-1.0,blue,0.43,4.0,1.0,10.0,2.33,2.2,1.75,3.0,1.4,2.75,-2
/match/eune/3358553570,1011.0,3.0,0.0,red,3.5,2.0,3.67,1.75,2.67,1.6,1.12,1.12,4.5,4.0,2
/match/eune/3358553496,12422.0,9.0,2.0,blue,3.25,1.0,4.33,1.6,5.0,1.25,7.0,0.43,7.0,1.4,2
/match/eune/3358542919,4532.0,1.0,1.0,blue,2.0,10.0,12.0,1.33,3.5,1.6,1.0,2.2,7.0,1.83,0
/match/eune/3358547209,4234.0,1.0,3.0,blue,1.5,0.5,2.25,4.0,2.33,2.75,1.67,1.4,1.75,5.0,2
/match/eune/3358537428,-2983.0,-1.0,-2.0,red,1.0,1.0,7.0,5.0,0.6,1.25,1.25,2.0,5.0,7.0,-2
/match/eune/3358537220,2914.0,0.0,2.0,blue,2.5,2.0,1.67,3.5,6.0,0.67,2.0,1.4,5.0,2.0,-1
/match/eune/3358533160,4467.0,1.0,0.0,blue,4.5,0.5,1.67,1.6,3.5,4.0,3.0,2.75,2.0,1.5,0
/match/eune/3358531360,-2116.0,0.0,-2.0,red,2.0,0.5,2.0,2.0,0.8,3.5,0.67,1.5,3.0,4.0,1
/match/eune/3358505973,430.0,0.0,-2.0,red,5.5,0.5,0.9,2.0,1.0,3.5,3.67,2.5,2.2,3.0,-2
/match/eune/3358508459,-6619.0,-2.0,2.0,red,0.5,2.5,0.5,7.0,1.5,8.0,1.6,4.0,4.0,3.67,0
/match/eune/3358506134,3374.0,4.0,-1.0,red,0.8,3.0,1.75,2.0,2.0,2.0,1.0,6.0,2.0,1.67,-1
/match/eune/3358499487,-6164.0,-1.0,-2.0,red,0.6,2.67,1.25,5.0,0.67,5.0,3.0,4.0,1.5,3.0,2
/match/eune/3358497649,302.0,-3.0,-3.0,red,3.0,0.5,7.0,1.75,1.4,0.86,5.5,3.0,7.5,2.25,0
/match/eune/3358490581,-4672.0,-2.0,-1.0,blue,1.75,1.4,1.33,12.0,1.4,4.0,1.29,8.5,1.17,2.17,2
/match/eune/3358486420,6796.0,2.0,2.0,blue,1.5,1.0,14.0,1.0,2.0,1.0,2.67,0.6,3.0,8.0,0
/match/eune/3358474690,-112.0,1.0,0.0,red,1.75,1.75,2.2,2.0,2.33,0.57,4.0,1.0,11.0,2.2,-2
/match/eune/3358467036,3901.0,4.0,-1.0,blue,10.0,0.0,3.33,2.2,2.0,0.83,1.33,4.33,1.57,7.0,2
/match/eune/3358466544,-525.0,1.0,0.0,red,0.0,3.0,2.0,11.0,1.5,4.0,4.5,1.5,4.0,2.0,1
/match/eune/3358454920,-6568.0,-5.0,0.0,red,1.0,3.0,2.75,3.67,1.0,2.25,2.2,2.0,3.33,1.6,0
/match/eune/3358453540,-5933.0,-2.0,-2.0,red,0.83,1.5,7.0,6.0,0.83,2.0,0.25,10.0,0.67,15.0,2
/match/eune/3358449195,1911.0,1.0,0.0,blue,2.0,0.6,7.0,4.0,1.0,3.0,3.0,0.67,11.0,1.67,0
/match/eune/3358431719,5996.0,3.0,0.0,blue,5.0,3.0,5.5,1.0,3.0,1.67,8.0,1.0,4.67,0.75,2
/match/eune/3358422964,7379.0,2.0,3.0,blue,1.0,3.0,6.0,1.29,6.5,1.5,3.2,1.33,3.0,2.33,0
/match/eune/3358410040,5433.0,2.0,0.0,blue,3.0,0.6,5.5,1.75,11.0,1.0,2.0,5.0,1.6,1.0,2
/match/eune/3358415363,3988.0,2.0,-3.0,blue,5.0,1.0,8.0,1.0,5.0,2.0,1.0,7.0,0.5,9.0,2
/match/eune/3358416324,-5844.0,-2.0,1.0,red,1.0,2.0,3.0,7.0,0.25,2.0,0.5,4.0,0.71,14.0,0
/match/eune/3358402993,-10747.0,-4.0,-2.0,red,1.2,1.75,1.4,4.5,1.0,3.5,0.5,6.0,0.83,16.0,-1
/match/eune/3358407201,-6989.0,-4.0,-3.0,red,5.0,0.5,0.5,3.0,0.25,5.0,1.0,5.0,2.0,6.0,-2
/match/eune/3358394946,-1739.0,-2.0,-2.0,red,2.0,1.0,4.5,5.0,1.2,2.5,2.33,4.5,3.0,1.0,1
/match/eune/3358391938,5690.0,1.0,-2.0,blue,8.0,0.2,5.5,0.14,12.0,0.75,3.5,4.0,7.0,2.0,2
/match/eune/3358384918,6730.0,5.0,2.0,blue,1.0,1.67,10.0,3.5,3.0,0.67,1.2,1.75,3.0,2.67,2
/match/eune/3358388278,-5804.0,0.0,1.0,red,0.5,2.0,0.25,5.5,0.5,7.0,0.75,2.5,1.25,8.0,-1
/match/eune/3358380625,2066.0,2.0,0.0,blue,4.33,0.71,11.0,3.33,1.2,2.0,2.33,1.33,3.25,1.6,0
/match/eune/3358381079,-688.0,1.0,-1.0,red,3.33,1.5,4.0,2.17,2.2,3.75,1.0,3.0,3.0,2.0,0
/match/eune/3358365716,5360.0,4.0,1.0,blue,0.75,2.75,3.0,0.88,4.5,2.5,1.71,1.0,5.67,2.2,2
/match/eune/3358370431,134.0,0.0,0.0,red,2.25,0.67,10.0,3.0,3.33,1.6,0.86,2.33,0.88,5.5,2
/match/eune/3358360959,2480.0,2.0,0.0,blue,0.8,1.33,3.0,1.0,10.0,0.4,3.25,1.67,11.0,0.86,0
/match/eune/3358360438,7067.0,2.0,-2.0,blue,10.0,0.5,6.0,0.67,1.25,0.8,3.5,1.25,3.0,3.0,0
/match/eune/3358353925,4484.0,2.0,1.0,blue,1.6,1.4,1.5,3.8,0.2,5.0,3.0,1.43,2.8,3.75,2
/match/eune/3358341918,-7500.0,-4.0,-2.0,blue,2.5,3.5,2.5,1.5,2.33,2.0,0.4,5.0,1.75,2.0,0
/match/eune/3358343728,-897.0,0.0,-2.0,red,0.67,4.0,1.6,2.0,6.0,2.0,0.83,2.33,1.5,2.33,-1
/match/eune/3358340242,1760.0,-1.0,-2.0,blue,1.0,4.5,9.0,2.0,1.0,3.5,3.0,1.67,1.0,1.75,2
/match/eune/3358317559,848.0,2.0,2.0,blue,1.0,5.0,3.5,4.0,2.75,0.2,0.71,4.5,2.0,3.67,0
/match/eune/3358308809,5604.0,1.0,1.0,blue,12.0,0.25,9.0,1.0,2.33,0.75,2.33,1.5,5.0,1.67,1
/match/eune/3358298831,-1732.0,-2.0,-2.0,red,2.0,1.0,1.75,3.33,1.67,3.0,0.8,3.0,1.0,4.0,1
/match/eune/3358300615,2935.0,2.0,-1.0,red,1.0,0.5,6.0,7.0,0.83,1.75,3.25,1.0,1.83,3.67,2
/match/eune/3358303072,-978.0,1.0,-2.0,red,1.25,1.67,1.8,10.0,1.67,2.33,1.17,1.33,3.5,3.67,1
/match/eune/3358281798,6193.0,5.0,2.0,blue,1.75,1.0,4.33,3.5,2.2,2.2,1.25,2.75,2.0,2.0,1
/match/eune/3358287368,3636.0,0.0,2.0,blue,2.0,1.0,9.0,1.0,4.0,0.5,2.33,0.83,3.5,1.0,1
/match/eune/3358275747,2278.0,0.0,-1.0,blue,1.25,1.2,4.0,5.0,4.0,1.33,1.5,4.0,2.25,2.5,2
/match/eune/3358275720,3716.0,3.0,1.0,blue,15.0,0.0,7.0,0.71,3.0,2.67,3.2,2.2,4.0,1.83,0
/match/eune/3358254957,5645.0,3.0,-1.0,blue,3.0,1.0,2.5,1.8,10.0,3.5,5.5,2.0,1.29,2.25,2
/match/eune/3358254789,3877.0,3.0,2.0,red,1.0,5.0,1.0,3.0,9.0,2.0,2.4,1.25,3.67,1.67,0
/match/eune/3358257400,-2806.0,0.0,-2.0,red,5.0,0.33,4.0,4.5,0.5,2.0,0.0,6.0,0.5,7.0,2
/match/eune/3358247041,6788.0,2.0,0.0,blue,3.5,1.0,3.0,1.67,3.5,0.83,2.0,1.8,3.5,1.33,1
/match/eune/3358247810,-4613.0,-3.0,-2.0,red,0.38,2.67,5.33,2.0,2.0,2.8,2.0,4.33,1.75,3.75,2
/match/eune/3358250594,-6245.0,-2.0,0.0,red,0.0,7.0,2.25,1.33,4.0,2.0,8.0,1.33,3.0,1.5,-2
/match/eune/3358232447,-5453.0,-2.0,0.0,red,1.25,1.14,2.0,2.83,1.0,6.67,1.71,14.0,0.88,9.5,-2
/match/eune/3358218399,-1006.0,1.0,2.0,red,0.22,3.33,2.0,4.0,3.5,1.0,5.5,2.67,2.0,1.83,-1
/match/eune/3358206833,-7495.0,-2.0,-2.0,red,1.67,1.33,0.67,3.67,1.4,10.0,0.67,3.75,1.0,15.0,0
/match/eune/3358204219,-7295.0,-2.0,-3.0,red,2.5,3.0,2.2,2.25,4.0,2.67,0.67,6.0,1.0,1.67,0
/match/eune/3358202132,-7910.0,-2.0,0.0,red,0.2,4.0,1.17,4.33,1.5,12.0,0.67,4.67,1.2,9.0,2
/match/eune/3358192555,2837.0,0.0,-2.0,blue,3.5,1.0,2.0,2.25,4.25,2.0,3.5,1.0,2.0,2.5,0
/match/eune/3358196255,-6269.0,-2.0,-2.0,red,1.33,3.0,1.0,3.67,1.67,3.0,0.8,2.25,1.25,7.0,-2
/match/eune/3358170931,2462.0,2.0,-1.0,red,2.0,1.0,10.0,1.33,1.75,0.67,1.5,11.0,4.0,12.0,2
/match/eune/3358173310,3892.0,1.0,0.0,red,14.0,0.38,4.5,1.6,0.8,1.5,3.0,2.33,4.0,4.0,1
/match/eune/3358169110,635.0,3.0,0.0,red,3.5,0.8,1.75,3.33,0.86,14.0,1.75,5.0,1.75,3.0,2
/match/eune/3358156025,1085.0,2.0,0.0,red,0.6,1.33,7.0,4.0,4.0,1.0,1.5,1.0,1.67,3.5,-2
/match/eune/3358164364,-2068.0,0.0,0.0,red,2.0,1.43,0.6,0.83,14.0,3.0,1.17,4.0,1.83,2.14,0
/match/eune/3358155931,-5979.0,-2.0,1.0,red,0.8,3.0,1.33,10.0,2.0,3.25,1.25,3.33,1.17,8.5,-1
/match/eune/3358158300,-517.0,-1.0,-2.0,blue,1.5,0.67,2.0,1.5,2.0,2.0,8.0,2.5,2.0,2.33,-2
/match/eune/3358156249,-12609.0,-6.0,-1.0,red,0.6,8.0,1.62,4.5,1.8,2.6,1.33,5.33,1.29,2.8,-2
/match/eune/3358140865,3050.0,0.0,1.0,red,2.67,1.0,10.0,1.38,3.25,2.0,3.67,1.5,3.33,2.14,0
/match/eune/3358140683,5488.0,3.0,0.0,blue,3.5,0.67,3.5,1.0,10.0,2.0,1.5,1.0,9.0,1.67,2
/match/eune/3358142310,-4201.0,0.0,-3.0,red,1.43,1.67,1.5,11.0,0.4,2.67,0.14,15.0,0.83,5.0,0
/match/eune/3358140312,4448.0,4.0,-1.0,blue,2.0,1.25,1.67,3.0,4.0,0.86,2.0,6.5,5.0,4.33,0
/match/eune/3358129375,-3638.0,-1.0,0.0,blue,1.0,1.83,3.25,4.25,2.0,1.4,1.25,4.0,0.75,16.0,0
/match/eune/3358128337,2321.0,0.0,2.0,blue,2.0,0.5,0.67,1.75,2.5,6.0,2.0,2.0,1.33,5.0,0
/match/eune/3358115822,5805.0,1.0,2.0,blue,3.0,1.25,13.0,1.33,2.0,3.0,2.75,1.25,6.5,2.0,2
/match/eune/3358103502,1418.0,1.0,0.0,blue,1.0,1.6,3.0,1.6,3.25,6.5,3.0,1.2,15.0,1.5,2
/match/eune/3358101496,6795.0,4.0,2.0,blue,1.0,3.5,3.0,1.33,2.5,5.0,0.0,2.0,3.5,2.33,2
/match/eune/3358081631,3530.0,3.0,0.0,blue,11.0,0.6,2.25,2.5,3.25,1.17,3.67,4.5,2.4,4.33,2
/match/eune/3358077115,6983.0,3.0,3.0,blue,2.67,1.33,10.0,1.17,12.0,0.6,3.33,1.25,6.5,3.5,2
/match/eune/3358057181,10980.0,5.0,2.0,blue,2.0,1.0,8.5,0.75,14.0,1.33,11.0,0.62,2.0,0.67,0
/match/eune/3358040617,-5947.0,-2.0,0.0,red,4.0,3.0,0.6,5.5,0.33,11.0,0.83,1.6,0.8,11.0,0
/match/eune/3358037122,468.0,0.0,-2.0,blue,0.25,4.0,13.0,2.0,6.0,0.0,1.75,1.0,3.0,1.5,1
/match/eune/3358033265,2929.0,3.0,1.0,blue,1.75,2.75,5.5,2.5,1.17,6.0,5.5,1.75,3.25,1.4,-1
/match/eune/3358024840,3427.0,2.0,2.0,blue,1.4,1.25,7.0,2.0,3.0,3.5,1.4,1.8,1.75,1.8,1
/match/eune/3358513070,2038.0,0.0,0.0,blue,0.67,0.67,5.5,2.0,1.0,1.5,5.5,0.4,8.0,2.0,2
/match/eune/3358482369,3039.0,0.0,1.0,blue,4.0,0.0,6.0,3.67,2.5,0.67,2.0,0.8,1.75,3.5,1
/match/eune/3358472507,2918.0,1.0,1.0,blue,1.4,0.88,5.0,2.71,1.22,3.5,2.0,0.67,1.29,3.0,0
/match/eune/3358460538,-1441.0,0.0,0.0,red,0.67,5.0,2.5,2.0,1.2,5.5,1.17,3.25,2.25,2.0,-2
/match/eune/3358439173,-2736.0,-2.0,-2.0,red,1.0,0.67,3.0,2.4,2.25,3.33,1.0,1.25,1.0,4.0,2
/match/eune/3358428286,782.0,0.0,-2.0,red,8.0,0.2,1.75,1.8,0.17,11.0,2.33,1.25,1.0,3.5,2
/match/eune/3358403744,-381.0,0.0,0.0,red,3.0,1.0,1.33,2.0,2.0,3.5,4.0,0.6,3.67,1.5,0
/match/eune/3357973037,6369.0,2.0,-1.0,blue,3.0,1.0,9.0,3.33,1.75,1.83,3.6,0.71,2.67,1.0,0
/match/eune/3357920121,858.0,0.0,0.0,red,0.0,8.0,2.5,4.5,5.0,1.0,2.0,2.5,2.0,0.67,0
/match/eune/3357903006,-2900.0,0.0,0.0,red,1.0,1.5,1.4,5.5,1.4,1.43,10.0,0.33,1.8,5.0,0
/match/eune/3357897027,1396.0,-1.0,0.0,blue,2.5,0.6,0.6,3.0,2.8,1.0,1.33,3.0,3.25,2.2,-2
/match/eune/3357884658,1789.0,-2.0,-1.0,red,2.5,8.0,5.33,2.5,1.0,1.0,2.0,1.14,3.5,2.2,1
/match/eune/3357885173,3073.0,-2.0,3.0,blue,7.0,0.6,4.33,1.75,6.5,0.57,11.0,1.0,4.0,2.33,2
/match/eune/3357661081,-815.0,0.0,-1.0,red,1.33,1.75,3.33,3.0,5.0,1.2,5.0,3.0,2.0,4.5,2
/match/eune/3357445262,2516.0,2.0,-1.0,blue,3.0,3.0,3.5,1.71,1.33,2.75,2.75,1.6,4.0,1.8,1
/match/eune/3357370055,7210.0,2.0,1.0,blue,3.0,0.75,6.5,1.4,2.4,1.0,9.0,1.67,2.5,1.2,2
/match/eune/3357358013,1158.0,0.0,0.0,blue,1.25,1.6,3.0,3.0,9.0,0.75,2.0,2.5,2.67,0.5,-1
/match/eune/3357346806,783.0,1.0,0.0,blue,1.0,1.5,4.0,3.67,1.25,11.0,1.4,3.5,2.33,1.5,2
/match/eune/3357343831,2638.0,1.0,-1.0,red,0.75,3.67,6.5,0.83,5.0,2.75,4.0,1.2,4.25,1.33,0
/match/eune/3357275693,-1150.0,-2.0,2.0,blue,1.0,1.67,2.17,3.33,2.0,2.67,3.0,1.5,5.0,1.29,-1
/match/eune/3357264467,1290.0,0.0,0.0,red,3.5,0.6,2.0,1.75,2.0,4.0,2.2,1.33,2.5,2.67,0
/match/eune/3357200838,-601.0,-4.0,0.0,red,1.0,8.0,3.0,6.0,3.33,0.62,4.0,3.5,2.0,2.67,-2
/match/eune/3357197573,4713.0,0.0,2.0,blue,0.5,1.33,2.75,3.5,3.33,2.2,3.0,0.75,3.25,1.4,-2
/match/eune/3357180461,2456.0,3.0,-2.0,blue,9.0,0.2,2.33,2.0,8.0,2.5,1.67,2.67,1.17,3.67,0
/match/eune/3356785367,4605.0,2.0,2.0,blue,1.25,1.0,6.5,2.25,0.67,1.8,3.33,2.75,3.5,2.4,2
/match/eune/3356764123,3419.0,1.0,0.0,blue,9.0,1.0,2.5,1.75,3.5,2.0,3.0,3.0,3.0,4.5,2
/match/eune/3356753449,1531.0,1.0,0.0,red,5.0,0.25,5.5,0.5,1.0,6.0,2.5,1.33,7.0,2.5,0
/match/eune/3356728051,-2266.0,-2.0,-2.0,blue,4.0,3.0,8.0,2.5,5.5,0.5,3.67,3.0,3.5,1.8,2
/match/eune/3356718722,4525.0,2.0,2.0,blue,0.57,8.0,3.2,3.75,2.5,1.75,5.5,0.71,3.75,1.17,2
/match/eune/3356680976,5663.0,2.0,0.0,red,2.0,0.0,3.5,2.5,1.29,1.8,2.25,2.75,2.6,1.5,2
/match/eune/3356682683,-2162.0,0.0,-2.0,red,3.5,7.0,1.75,6.5,1.8,2.4,0.75,12.0,6.0,2.0,2
/match/eune/3356663533,-2678.0,2.0,1.0,red,1.0,0.75,1.5,3.5,1.67,4.5,0.33,6.0,0.5,4.0,-2
/match/eune/3356592557,-6681.0,-3.0,0.0,blue,0.43,2.33,1.67,9.0,2.0,4.0,2.0,8.0,2.0,0.8,0
/match/eune/3356574534,-6117.0,-3.0,0.0,red,0.2,5.0,1.0,9.0,2.33,6.5,2.0,0.75,2.0,1.5,-2
/match/eune/3356570635,-1674.0,1.0,3.0,blue,1.33,1.33,2.5,3.33,1.33,11.0,1.17,2.0,2.25,1.83,-1
/match/eune/3356508966,-5545.0,-2.0,-2.0,red,2.25,2.0,1.57,1.75,0.89,5.33,0.71,6.33,3.0,19.0,-1
/match/eune/3356417125,-996.0,1.0,-2.0,blue,0.75,2.5,0.75,10.0,1.0,2.5,1.33,2.5,1.5,11.0,0
/match/eune/3356397065,-4167.0,-3.0,-2.0,red,0.0,4.0,2.0,1.5,0.75,8.0,6.0,1.0,2.5,3.0,-2
/match/eune/3356362838,-12669.0,-3.0,-1.0,red,1.0,1.2,2.0,5.0,0.67,8.0,0.0,12.0,0.0,10.0,1
/match/eune/3356345975,6734.0,3.0,0.0,blue,2.0,1.0,6.0,1.0,2.0,2.0,3.0,1.5,3.0,3.0,2
/match/eune/3356335944,-8277.0,-3.0,0.0,red,2.5,2.0,1.25,6.0,1.2,8.0,2.67,2.67,2.25,1.83,-2
/match/eune/3356327963,-4731.0,-2.0,-1.0,blue,2.0,5.0,1.33,8.0,1.0,6.5,1.25,1.8,1.4,4.33,0
/match/eune/3356301246,5152.0,2.0,2.0,blue,1.0,1.0,12.0,0.6,5.0,1.4,3.0,1.33,2.0,1.0,1
/match/eune/3356290673,3903.0,1.0,2.0,blue,3.5,5.0,1.4,9.0,1.67,1.38,5.0,2.0,3.33,2.0,2
/match/eune/3356281780,7387.0,2.0,2.0,blue,2.75,0.62,2.5,2.25,5.5,0.8,5.5,2.0,6.0,1.12,0
/match/eune/3356259529,-1900.0,-1.0,0.0,red,0.33,8.0,2.0,2.67,1.5,2.0,1.75,1.25,3.5,3.0,-2
/match/eune/3356239044,10695.0,5.0,3.0,blue,5.0,1.67,1.83,1.71,5.0,1.0,5.0,1.25,2.5,2.0,2
/match/eune/3356228064,2141.0,0.0,-1.0,blue,1.5,2.0,2.75,8.0,6.0,0.33,2.6,1.2,4.0,1.75,-2
/match/eune/3356217754,877.0,1.0,3.0,blue,1.17,4.5,2.75,5.5,4.0,2.67,2.33,1.4,4.5,1.33,0
/match/eune/3356206700,-7623.0,-3.0,-2.0,red,1.75,3.0,1.43,5.67,0.29,7.0,1.12,2.4,3.0,2.67,1
/match/eune/3356191822,-4715.0,-1.0,0.0,red,0.67,2.0,3.0,4.0,4.0,1.0,1.4,3.0,2.0,3.67,0
/match/eune/3356180214,-1518.0,-2.0,-1.0,blue,2.0,1.0,3.25,1.33,3.0,1.0,1.25,3.5,1.71,4.67,0
/match/eune/3356140521,-639.0,-3.0,-3.0,red,1.8,4.33,2.6,3.25,3.0,3.33,0.83,4.67,3.5,2.33,2
/match/eune/3356131565,878.0,-1.0,0.0,blue,1.5,2.0,4.67,3.67,1.5,1.75,2.83,1.71,3.6,1.86,-2
/match/eune/3356126120,5618.0,1.0,2.0,blue,5.5,1.67,6.0,1.4,5.0,1.2,10.0,0.5,4.33,1.14,2
/match/eune/3356111692,4151.0,1.0,0.0,blue,6.0,0.86,5.5,1.8,2.0,2.0,1.4,4.33,1.8,3.5,2
/match/eune/3356110264,2930.0,1.0,3.0,blue,2.0,0.5,6.0,0.25,2.0,2.5,1.0,2.0,9.0,0.67,2
/match/eune/3356090592,-3247.0,0.0,-2.0,red,0.67,2.0,1.75,6.0,0.67,5.0,2.5,1.5,1.0,3.0,0
/match/eune/3356083680,-4001.0,-2.0,0.0,red,0.43,8.0,6.0,3.33,2.2,1.67,5.0,1.0,3.0,0.88,-2
/match/eune/3356069796,-4347.0,0.0,-1.0,red,2.0,10.0,1.0,10.0,0.71,5.0,1.5,5.0,1.0,1.0,-2
/match/eune/3356044545,969.0,-2.0,-1.0,red,1.5,1.67,3.0,2.75,3.0,12.0,1.0,2.5,3.0,3.5,2
/match/eune/3356036429,4037.0,1.0,-2.0,red,3.0,0.67,2.6,2.5,1.0,1.2,5.0,0.89,7.5,2.33,0
/match/eune/3356021674,4716.0,-1.0,0.0,blue,6.0,0.4,8.0,0.57,8.0,0.71,6.33,0.8,5.67,1.0,0
/match/eune/3355961837,-1387.0,2.0,3.0,blue,2.0,1.4,2.0,2.67,4.0,2.0,1.33,5.0,1.67,7.0,0
/match/eune/3355921749,-648.0,-3.0,-2.0,red,3.0,1.75,6.5,3.33,1.0,3.5,6.33,1.4,4.67,1.0,-2
/match/eune/3355927318,5607.0,3.0,1.0,blue,0.2,11.0,2.25,5.5,0.4,1.0,4.25,0.29,13.0,1.33,2
/match/eune/3355840737,-285.0,2.0,-1.0,red,1.4,0.6,4.0,2.17,0.8,9.0,1.8,2.25,2.0,3.5,1
/match/eune/3355821707,-9335.0,-2.0,-1.0,red,0.0,7.0,3.33,3.67,3.67,3.0,1.0,1.43,1.83,3.5,-2
/match/eune/3355814363,-2461.0,-3.0,-1.0,blue,2.67,2.0,2.67,5.0,1.0,2.5,4.0,1.0,2.0,2.5,0
/match/eune/3355801322,-1094.0,-2.0,0.0,red,2.0,1.0,6.5,1.5,1.75,1.8,2.5,0.33,2.0,6.0,0
/match/eune/3355747999,-734.0,1.0,1.0,red,0.6,4.0,2.2,2.2,7.0,2.5,2.67,2.67,1.25,2.5,0
/match/eune/3355742881,-1827.0,0.0,0.0,blue,2.5,1.25,1.6,4.33,3.0,1.0,1.6,1.6,1.67,7.0,-2
/match/eune/3355640973,3336.0,0.0,0.0,blue,3.0,3.0,1.29,2.5,0.8,1.8,11.0,0.5,11.0,2.67,0
/match/eune/3355621104,5401.0,2.0,2.0,blue,3.5,1.67,5.0,1.75,0.75,5.0,5.0,4.0,1.67,0.78,2
/match/eune/3355610223,1395.0,-1.0,2.0,blue,3.0,1.5,3.33,2.6,2.8,0.83,0.86,10.0,1.5,2.5,1
/match/eune/3355603791,150.0,-1.0,1.0,blue,0.2,3.5,5.5,1.0,2.0,2.5,3.0,6.0,2.0,7.0,0
/match/eune/3355593057,-5963.0,-1.0,-2.0,red,0.88,5.33,3.0,0.8,2.0,3.67,2.5,14.0,1.25,3.0,-2
/match/eune/3355514946,8526.0,3.0,3.0,blue,1.0,0.75,2.5,7.0,1.8,3.5,11.0,0.25,5.5,1.5,2
/match/eune/3355510305,864.0,2.0,1.0,blue,1.4,2.25,3.25,1.5,4.33,3.0,1.6,2.6,5.67,1.29,-1
/match/eune/3355499724,1864.0,3.0,2.0,blue,0.17,8.0,11.0,5.5,0.8,2.0,3.0,0.38,4.0,1.5,0
/match/eune/3355484853,-1295.0,0.0,-3.0,red,0.67,7.0,6.0,3.5,1.33,4.0,0.43,5.0,2.5,4.0,-2
/match/eune/3355492526,1165.0,-1.0,-2.0,blue,1.0,2.0,1.67,11.0,1.5,4.0,0.67,2.0,2.0,14.0,-1
/match/eune/3355450263,2916.0,3.0,0.0,red,5.0,3.5,3.0,1.14,2.67,4.0,1.4,2.5,3.0,2.5,2
/match/euw/6380802680,-5813.0,-3.0,0.0,red,4.0,1.33,1.6,12.0,2.0,1.4,0.36,6.67,0.83,6.0,2
/match/euw/6380791880,-1679.0,1.0,1.0,red,0.6,1.67,9.0,8.0,9.0,0.67,4.0,2.0,1.5,2.5,-2
/match/euw/6380784390,1772.0,5.0,-2.0,blue,3.33,0.67,3.0,5.0,2.67,0.57,0.5,7.0,2.0,2.0,2
/match/euw/6380789018,-1107.0,-1.0,-1.0,red,2.0,3.67,1.67,4.0,2.0,2.0,3.5,1.22,5.0,6.0,-2
/match/euw/6380789891,-10150.0,-4.0,-2.0,red,2.33,1.33,1.0,2.5,2.5,5.0,0.14,7.0,1.5,11.0,-2
/match/euw/6380783042,100.0,0.0,1.0,blue,4.0,1.0,5.0,0.75,3.0,2.5,3.5,3.0,2.0,1.75,2
/match/euw/6380778881,-11012.0,-4.0,-2.0,red,0.5,10.0,1.6,8.0,2.25,4.5,1.67,8.0,2.25,1.43,-2
/match/euw/6380776258,-3649.0,-3.0,0.0,red,3.0,1.0,12.0,1.4,7.5,0.67,0.5,2.33,3.5,2.0,0
/match/euw/6380772245,-3303.0,0.0,0.0,red,1.5,2.0,0.67,3.67,4.0,4.0,0.75,5.5,0.33,5.0,-2
/match/euw/6380767134,2958.0,2.0,1.0,blue,1.75,1.33,4.0,1.25,4.0,1.2,1.0,2.5,6.0,5.0,0
/match/euw/6380769023,6076.0,2.0,-1.0,blue,6.0,1.0,5.5,1.0,5.5,1.5,2.5,0.8,2.25,1.2,2
/match/euw/6380765203,-4602.0,-1.0,-1.0,red,1.6,1.8,4.0,1.4,1.0,1.67,1.4,6.0,0.75,11.0,2
/match/euw/6380764161,2616.0,0.0,0.0,blue,1.17,1.75,8.0,2.33,7.0,3.0,4.0,0.8,2.33,1.33,0
/match/euw/6380764657,-2614.0,1.0,-2.0,red,1.0,1.33,1.67,3.25,1.75,9.0,0.33,4.0,0.67,8.5,2
/match/euw/6380757382,7595.0,3.0,2.0,blue,5.5,0.14,6.5,2.25,6.5,1.0,4.5,1.25,3.0,1.29,2
/match/euw/6380752259,1969.0,1.0,0.0,blue,1.6,1.4,2.0,2.33,2.5,2.6,2.67,2.0,2.25,4.5,2
/match/euw/6380761574,-3037.0,1.0,1.0,red,2.33,4.0,1.29,3.0,1.17,2.5,1.5,2.5,2.5,3.25,0
/match/euw/6380749207,-2598.0,0.0,2.0,red,1.5,3.0,1.67,4.67,1.33,2.33,1.25,4.0,2.25,2.5,-2
/match/euw/6380741098,3761.0,3.0,-3.0,blue,1.0,2.0,6.5,3.67,6.0,1.0,1.75,1.67,5.0,2.33,2
/match/euw/6380738919,9575.0,3.0,1.0,blue,2.0,0.2,14.0,0.57,2.25,2.33,11.0,0.33,7.0,1.25,0
/match/euw/6380739687,-7958.0,-6.0,0.0,red,4.0,7.0,1.25,3.5,0.5,6.0,1.25,4.0,2.0,2.33,-2
/match/euw/6380737672,2025.0,-1.0,-1.0,blue,2.5,0.5,3.67,2.6,1.29,2.0,1.4,3.33,1.25,3.25,-2
/match/euw/6380728429,-3994.0,-1.0,-2.0,red,3.0,1.0,1.43,9.5,2.0,3.5,1.33,2.67,1.12,5.0,-2
/match/euw/6380724336,1377.0,1.0,-3.0,red,2.0,1.67,5.0,2.0,5.0,0.33,3.33,1.5,3.67,1.2,0
/match/euw/6380727149,-6449.0,0.0,0.0,red,1.8,0.83,5.0,13.0,1.2,12.0,1.0,4.0,0.57,2.25,-2
/match/euw/6380728946,2778.0,4.0,0.0,blue,0.8,2.5,4.0,1.4,1.5,2.0,2.0,0.67,3.5,8.0,2
/match/euw/6380732715,3900.0,0.0,0.0,red,2.0,1.4,2.0,2.0,4.33,1.0,2.83,0.75,9.5,1.17,2
/match/euw/6380725866,-2567.0,0.0,0.0,red,0.71,1.33,1.5,3.2,1.71,5.67,3.0,6.0,2.67,3.75,0
/match/euw/6380721914,-3540.0,-5.0,1.0,red,1.5,1.4,3.0,4.0,1.6,2.67,1.6,1.2,5.0,2.33,-2
/match/euw/6380716219,4220.0,0.0,0.0,blue,4.0,0.5,4.0,2.0,2.0,1.17,1.4,3.5,1.67,8.0,2
/match/euw/6380710235,-4807.0,-2.0,2.0,red,1.33,5.0,2.0,5.0,1.0,0.71,0.5,5.0,0.5,6.0,-2
/match/euw/6380710762,-7236.0,-3.0,-2.0,red,1.33,1.4,0.6,2.8,2.67,6.0,0.6,3.5,3.0,6.0,0
/match/euw/6380707969,-323.0,1.0,0.0,red,5.0,0.25,3.0,5.0,0.67,2.0,9.0,1.2,2.67,2.0,0
/match/euw/6380698160,-1155.0,1.0,-1.0,blue,1.0,1.0,1.67,3.0,8.0,0.5,1.5,5.0,3.0,1.8,-2
/match/euw/6380691452,5341.0,2.0,0.0,blue,3.0,2.25,1.22,2.33,1.2,1.5,4.33,1.75,4.67,2.5,0
/match/euw/6380691135,-1025.0,0.0,-1.0,red,1.25,1.0,6.0,7.0,1.5,1.0,0.71,4.0,2.67,5.0,2
/match/euw/6380690133,5751.0,3.0,-2.0,blue,3.0,2.67,1.33,2.0,7.0,1.43,2.0,5.0,2.67,1.0,2
/match/euw/6380680300,1847.0,4.0,-2.0,red,1.5,4.5,1.5,4.5,0.5,4.0,1.67,2.6,2.0,3.75,2
/match/euw/6380669219,-255.0,0.0,0.0,red,1.67,0.71,12.0,0.4,3.67,8.0,1.5,6.0,1.0,5.25,2
/match/euw/6380662383,1282.0,2.0,-2.0,red,8.0,0.0,4.0,2.25,1.8,0.8,5.0,2.0,5.0,3.0,0
/match/euw/6380659420,-4657.0,-1.0,0.0,red,0.25,4.0,1.67,2.5,6.0,2.0,0.5,7.0,1.0,6.0,-2
/match/euw/6380658433,-4238.0,-1.0,0.0,red,4.0,1.5,2.6,4.75,1.11,3.4,1.14,3.0,1.5,3.75,0
/match/euw/6380655066,-6845.0,-2.0,-2.0,red,0.2,8.0,0.67,3.67,0.33,9.0,2.0,1.67,1.25,1.33,-2
/match/euw/6380662664,-2608.0,0.0,0.0,red,4.0,1.5,2.17,2.0,4.0,5.5,5.0,2.17,1.78,2.17,-2
/match/euw/6380656643,-2261.0,-1.0,3.0,blue,1.0,2.0,4.5,2.67,1.2,4.0,3.33,0.8,14.0,1.17,-2
/match/euw/6380641167,-698.0,0.0,2.0,red,0.5,5.0,4.0,4.33,1.43,2.75,2.4,1.2,4.33,2.2,-2
/match/euw/6380643913,1028.0,0.0,0.0,blue,5.0,1.5,2.0,16.0,5.67,1.0,2.0,1.29,1.57,1.43,2
/match/euw/6380643868,-4144.0,-1.0,-1.0,red,0.0,14.0,1.25,17.0,0.6,1.67,4.0,0.75,1.6,3.33,2
/match/euw/6380646683,10324.0,3.0,-2.0,blue,8.0,0.4,4.5,1.25,1.67,0.5,3.0,3.5,5.0,3.0,2
/match/euw/6380642662,-2642.0,0.0,0.0,red,0.33,5.0,2.0,2.0,1.0,1.67,3.0,1.2,2.5,2.5,0
/match/euw/6380627029,6610.0,3.0,1.0,blue,3.0,0.0,5.5,2.5,6.0,1.33,1.0,3.33,4.0,2.4,2
/match/euw/6380628922,3152.0,2.0,-2.0,red,1.5,2.33,1.5,12.0,0.5,1.33,4.0,0.0,7.0,1.67,2
/match/euw/6380629530,1498.0,-2.0,1.0,red,5.0,0.25,4.0,1.5,2.33,1.0,2.0,9.0,1.17,10.0,-2
/match/euw/6380616303,-4456.0,-2.0,1.0,blue,0.67,8.0,1.0,1.0,3.0,5.0,2.0,1.67,4.0,1.0,0
/match/euw/6380617589,5390.0,3.0,-2.0,blue,0.0,3.0,5.5,2.0,1.75,7.0,1.67,1.1,3.5,3.67,2
/match/euw/6380606299,-1430.0,-4.0,2.0,red,6.0,1.0,7.0,1.0,1.67,3.0,5.0,0.0,6.0,0.33,-2
/match/euw/6380611486,7021.0,0.0,0.0,red,8.0,1.67,9.0,1.6,7.0,0.6,4.0,1.33,3.75,1.14,2
/match/euw/6380603241,-8499.0,-2.0,2.0,red,0.2,13.0,0.62,7.5,2.75,1.2,1.33,2.0,1.67,5.5,-2
/match/euw/6380596389,-2367.0,0.0,0.0,red,0.0,8.0,3.0,8.0,0.67,2.0,2.0,3.33,1.0,3.0,-1
/match/euw/6380600007,7010.0,3.0,2.0,blue,0.0,7.0,4.33,1.5,9.0,1.5,5.0,1.0,4.25,1.0,2
/match/euw/6380604590,7382.0,4.0,2.0,blue,1.8,1.33,6.5,4.0,1.33,1.33,5.5,2.0,3.67,2.75,1
/match/euw/6380598678,-7257.0,-4.0,2.0,red,6.0,1.33,4.0,1.6,1.6,4.5,0.86,5.5,1.33,2.75,-2
/match/euw/6380585296,-6256.0,-1.0,-2.0,red,1.5,1.67,0.86,4.4,9.0,5.0,1.2,4.0,0.78,22.0,2
/match/euw/6380595570,-741.0,1.0,0.0,red,3.0,0.0,4.5,1.5,1.5,2.0,2.0,6.0,2.5,9.0,2
/match/euw/6380584782,-6381.0,-2.0,2.0,red,1.33,1.0,2.2,4.0,12.0,0.86,1.29,3.75,1.5,4.5,-1
/match/euw/6380580181,-2112.0,0.0,-2.0,blue,1.5,0.67,0.5,15.0,3.5,1.0,0.5,5.5,0.4,8.0,-2
/match/euw/6380584460,-2232.0,0.0,1.0,red,1.0,1.0,2.75,18.0,1.14,3.4,3.25,1.5,2.0,3.5,-1
/match/euw/6380571192,-150.0,0.0,0.0,red,1.4,1.5,4.0,2.25,2.0,3.33,2.0,0.75,2.33,3.33,0
/match/euw/6380571493,4719.0,1.0,-2.0,blue,1.0,1.0,1.8,7.0,2.0,1.17,2.25,1.57,3.5,3.0,0
/match/euw/6380569572,-2195.0,0.0,-1.0,red,1.5,0.86,3.67,3.5,1.8,6.5,2.0,2.33,2.8,8.5,2
/match/euw/6380561052,-3180.0,-2.0,-1.0,red,1.5,1.0,10.0,2.25,3.5,1.5,1.0,2.33,1.2,10.0,-2
/match/euw/6380550392,-7322.0,-3.0,-1.0,blue,0.8,3.0,3.2,3.25,1.43,3.67,2.25,4.0,3.75,1.0,-2
/match/euw/6380554888,-3269.0,-1.0,0.0,blue,2.0,2.5,1.4,3.67,0.75,7.0,0.8,2.2,1.17,3.25,2
/match/euw/6380551188,-2055.0,-2.0,1.0,red,0.4,7.0,8.0,4.5,2.5,0.67,4.0,1.0,3.67,1.5,-2
/match/euw/6380545159,-5078.0,-4.0,-1.0,red,2.33,0.33,2.33,5.0,1.0,12.0,2.0,1.0,4.5,3.67,0
/match/euw/6380536413,5194.0,4.0,2.0,blue,1.2,3.5,1.67,2.33,3.0,2.0,3.0,4.0,1.5,6.0,2
/match/euw/6380529342,707.0,1.0,0.0,red,3.0,0.67,3.0,6.0,5.0,6.0,1.0,3.0,0.75,9.0,2
/match/euw/6380535509,7901.0,2.0,1.0,blue,3.0,0.25,10.0,6.0,2.67,1.25,8.0,0.5,5.0,1.33,2
/match/euw/6380531513,2952.0,0.0,2.0,blue,1.25,1.0,5.5,1.17,10.0,2.0,17.0,0.83,3.0,0.67,-2
/match/euw/6380522092,-2833.0,-3.0,-1.0,blue,0.5,3.5,3.0,2.5,6.0,2.5,3.33,1.4,2.67,1.5,-2
/match/euw/6380519148,3889.0,2.0,2.0,blue,3.0,2.0,2.75,5.0,2.75,0.62,7.0,0.67,11.0,1.2,2
/match/euw/6380515147,-5469.0,-1.0,-3.0,red,6.0,0.0,1.44,2.4,1.2,4.67,2.0,2.75,3.33,12.0,-2
/match/euw/6380516691,-911.0,-1.0,-2.0,red,1.0,1.0,1.67,6.0,0.5,1.5,1.5,2.67,1.67,1.67,2
/match/euw/6380507205,3391.0,-2.0,-3.0,red,2.6,2.25,5.33,1.0,6.0,0.8,2.0,5.5,2.5,0.67,-2
/match/euw/6380509029,-5087.0,-2.0,-2.0,red,1.5,5.0,1.75,1.5,1.0,5.0,2.0,3.0,1.75,1.4,0
/match/euw/6380507901,-5009.0,-3.0,3.0,red,5.0,0.0,2.5,3.0,1.25,4.5,2.0,3.0,3.0,1.4,0
/match/euw/6380510671,-123.0,-1.0,2.0,blue,1.0,1.17,4.0,6.0,8.0,1.6,1.25,1.25,1.14,11.0,2
/match/euw/6380503816,3221.0,4.0,-2.0,red,8.0,4.0,4.5,4.33,0.83,2.5,1.43,2.4,2.33,1.38,2
/match/euw/6380500846,7684.0,3.0,0.0,blue,0.29,2.0,5.33,1.29,6.0,4.0,3.75,1.17,9.0,1.33,2
/match/euw/6380499758,8025.0,2.0,2.0,blue,0.5,1.0,4.0,1.0,3.5,0.75,3.0,0.86,3.0,2.0,0
/match/euw/6380492315,5799.0,2.0,2.0,red,4.0,2.0,4.33,0.83,1.8,2.5,2.33,2.0,2.6,1.67,2
/match/euw/6380490182,3844.0,1.0,2.0,blue,0.4,2.5,9.0,1.75,2.0,1.33,3.5,5.0,9.0,1.67,2
/match/euw/6380491859,2311.0,-1.0,2.0,blue,3.5,1.0,7.0,1.8,6.0,1.0,1.0,2.33,2.5,1.5,-2
/match/euw/6380477243,-5242.0,-3.0,0.0,red,0.67,1.5,2.5,2.67,1.67,3.5,0.5,13.0,0.5,14.0,-2
/match/euw/6380479697,-2216.0,-1.0,-3.0,red,1.2,2.0,11.0,3.0,10.0,2.0,2.0,1.29,2.83,2.0,2
/match/euw/6380469422,-11938.0,-6.0,-1.0,red,0.33,15.0,2.0,2.5,1.4,1.0,2.2,6.0,1.5,1.8,-2
/match/euw/6380471901,-3762.0,-1.0,-1.0,red,2.0,0.6,1.0,5.0,0.88,6.5,1.2,2.0,1.75,2.75,2
/match/euw/6380470657,1634.0,3.0,0.0,red,4.5,1.33,5.0,3.33,1.0,2.25,2.0,2.25,1.4,1.57,2
/match/euw/6380468543,-6679.0,0.0,0.0,red,2.0,1.17,1.5,5.5,0.86,8.0,1.29,1.67,1.38,11.5,1
/match/euw/6380451294,9649.0,4.0,1.0,blue,8.0,0.43,8.0,1.83,4.0,1.25,2.4,1.5,4.67,1.8,2
/match/euw/6380447187,-790.0,-2.0,0.0,blue,0.0,5.0,3.67,1.67,3.25,1.8,2.6,0.86,3.0,1.75,-2
/match/euw/6380455541,3208.0,2.0,1.0,blue,2.67,3.33,4.25,2.6,2.0,3.0,6.5,1.33,4.4,1.08,2
/match/euw/6380451787,-2099.0,2.0,2.0,blue,6.0,1.5,2.33,19.0,0.8,2.67,0.4,6.0,0.38,14.0,0
/match/euw/6380442270,-870.0,2.0,-2.0,red,1.0,3.0,2.0,2.75,6.0,0.5,1.33,9.0,1.0,3.33,0
/match/euw/6380435404,1584.0,0.0,-1.0,blue,8.0,0.0,4.33,5.0,0.67,2.33,3.33,2.5,1.5,3.67,-2
/match/euw/6380440181,7327.0,3.0,-1.0,blue,1.0,3.0,3.0,1.6,2.67,0.6,4.75,2.4,3.4,1.43,1
/match/euw/6380434173,-3698.0,0.0,0.0,red,2.5,0.43,3.0,2.67,1.8,7.0,0.67,3.67,1.75,2.75,1
/match/euw/6380431170,-915.0,-1.0,-2.0,blue,0.83,2.0,6.0,3.0,2.0,2.5,1.14,3.75,0.75,3.5,2
/match/euw/6380432463,-3697.0,1.0,0.0,red,0.44,5.0,3.67,3.25,1.25,3.0,3.67,2.33,2.75,0.17,2
/match/euw/6380431568,-9001.0,-4.0,-1.0,red,1.33,2.67,3.33,4.33,1.33,1.0,2.5,2.67,1.8,1.5,1
/match/euw/6380421315,-2906.0,-2.0,0.0,red,0.75,1.0,5.5,11.0,3.0,2.0,0.5,1.33,3.0,5.5,-2
/match/euw/6380421879,-5017.0,-2.0,-3.0,red,5.0,4.0,4.5,4.0,2.33,2.0,0.62,6.0,1.33,5.0,2
/match/euw/6380419886,2299.0,3.0,0.0,red,2.5,2.0,3.0,2.8,1.5,2.33,1.0,4.33,2.25,14.0,2
/match/euw/6380424548,2304.0,-2.0,0.0,blue,5.0,1.0,6.0,0.25,3.0,2.0,1.0,1.0,5.5,0.75,-1
/match/euw/6380418597,1803.0,0.0,2.0,blue,2.0,0.0,2.0,4.0,0.75,3.5,1.5,5.0,4.0,7.0,0
/match/euw/6380404357,146.0,1.0,3.0,blue,11.0,0.33,3.0,0.67,4.0,1.33,4.5,4.0,8.0,0.83,1
/match/euw/6380403377,7660.0,2.0,1.0,blue,3.33,0.83,1.2,2.25,11.0,1.33,4.5,0.8,10.0,1.25,2
/match/euw/6380411593,20.0,0.0,-2.0,blue,3.0,0.2,2.5,13.0,1.67,9.0,1.4,1.0,1.83,2.6,0
/match/euw/6380397304,2933.0,3.0,0.0,blue,2.0,0.75,3.33,2.0,8.0,1.5,2.0,1.5,12.0,2.25,2
/match/euw/6380398876,874.0,-1.0,-1.0,red,2.0,1.75,2.4,2.0,3.0,0.75,6.0,0.33,10.0,2.5,-1
/match/euw/6380388221,-2872.0,-4.0,-2.0,blue,1.4,1.17,1.11,2.5,4.0,4.0,2.67,3.0,5.0,2.0,-1
/match/euw/6380389145,1979.0,1.0,2.0,blue,1.5,4.0,2.67,1.4,0.67,5.0,6.0,0.67,1.33,1.8,2
/match/euw/6380385350,118.0,1.0,3.0,blue,0.75,5.0,3.0,1.33,8.0,1.33,1.25,5.0,1.2,12.0,0
/match/euw/6380370435,392.0,0.0,0.0,blue,3.67,0.88,2.25,4.5,1.0,2.0,2.67,3.0,1.5,2.67,1
/match/euw/6380377685,-3141.0,-3.0,-2.0,red,3.5,3.0,1.8,1.86,3.67,9.0,0.5,5.5,2.25,6.5,-2
/match/euw/6380370213,-3570.0,-3.0,1.0,red,0.6,6.5,2.4,2.0,1.33,2.75,2.0,7.0,1.75,9.0,0
/match/euw/6380376457,234.0,1.0,0.0,red,1.0,0.4,5.0,3.25,2.67,3.33,2.14,1.12,2.43,1.11,0
/match/euw/6380372584,-127.0,-1.0,0.0,blue,0.29,1.2,2.67,3.0,3.33,3.67,2.33,6.0,6.5,0.86,0
/match/euw/6380364219,640.0,3.0,-2.0,red,3.0,1.25,1.25,9.0,1.0,7.0,0.4,6.0,1.33,7.0,0
/match/euw/6380362936,4781.0,2.0,2.0,blue,1.4,1.75,2.67,3.33,9.0,2.0,2.6,0.5,7.0,1.25,2
/match/euw/6380367571,-1921.0,-1.0,0.0,blue,1.0,2.5,2.5,4.0,1.0,2.33,6.0,1.0,3.0,4.0,0
/match/euw/6380360486,9012.0,4.0,0.0,red,3.0,0.2,8.0,0.17,12.0,1.0,2.0,2.5,5.0,6.0,2
/match/euw/6380344130,3428.0,6.0,0.0,blue,2.5,1.0,6.5,0.4,6.0,1.4,1.0,8.0,4.5,1.67,2
/match/euw/6380336243,-8498.0,-3.0,-2.0,red,0.8,2.5,1.4,7.0,1.0,7.0,2.0,1.33,2.0,1.8,-2
/match/euw/6380330329,-2156.0,-4.0,0.0,red,0.43,12.0,4.0,1.17,1.8,4.5,2.67,1.75,16.0,1.14,-2
/match/euw/6380340652,6134.0,2.0,-1.0,blue,3.5,0.67,10.0,1.33,1.5,1.33,7.0,1.0,3.5,1.5,2
/match/euw/6380337474,6427.0,3.0,0.0,blue,1.25,1.25,7.5,1.33,3.67,1.67,1.8,1.67,15.0,1.0,2
/match/euw/6380330003,-3862.0,-1.0,-2.0,red,3.0,0.22,2.0,11.0,0.5,9.0,0.5,4.67,0.67,15.0,0
/match/euw/6380331502,3076.0,2.0,-1.0,blue,1.14,1.83,3.67,1.5,7.0,2.5,2.33,6.0,3.67,1.0,2
