gold_difference,team_win,herald_difference,dragon_difference,turret_difference,kda_difference_top,kda_difference_jungle,kda_difference_mid,kda_difference_ad,kda_difference_sp
847.0,1,0,-1.0,0.0,-0.33000000000000007,-3.3,-2.17,1.67,10.33
4357.0,1,2,1.0,-1.0,0.0,0.7,3.0,2.0,0.0
4054.0,1,2,1.0,-1.0,-1.0,5.0,-3.0,9.0,9.8
7030.0,1,2,1.0,-2.0,1.0,1.0,4.67,4.0,2.1
4806.0,1,2,1.0,-1.0,3.0,6.0,0.16999999999999993,4.0,6.75
975.0,1,2,-1.0,1.0,1.0,0.5,2.5,0.33000000000000007,3.33
5534.0,0,2,0.0,0.0,1.0,5.29,9.0,3.75,3.0
2508.0,1,2,-1.0,1.0,8.83,8.0,4.5,-0.08000000000000007,-4.0
-810.0,1,0,1.0,0.0,-1.0,-2.5,-4.0,-2.0,-3.5
4394.0,1,1,0.0,-1.0,2.5,4.5,2.0,1.67,7.25
726.0,1,0,2.0,1.0,-4.0,4.5,3.0,1.0,1.0
4767.0,0,2,-2.0,0.0,-3.25,7.25,2.67,4.5,6.5
-2132.0,1,0,-1.0,0.0,2.0,4.67,0.0,-7.5,-3.0
396.0,0,2,1.0,0.0,-0.83,2.17,-2.5,6.75,8.67
-653.0,1,0,2.0,-1.0,-1.5,-5.0,1.0,-1.0,-7.0
-4908.0,0,-1,1.0,1.0,-2.0,-4.0,2.0,-1.5,-4.0
3151.0,0,2,0.0,0.0,0.0,4.67,4.0,2.9,-0.8399999999999999
8489.0,1,2,-1.0,-1.0,1.0,5.0,4.33,9.75,7.5
2454.0,1,0,-2.0,-1.0,2.0,11.0,0.75,1.5,1.33
6530.0,1,2,-1.0,-2.0,-1.5,2.0,3.25,1.0,1.0
4201.0,1,0,-1.0,-2.0,1.0,8.67,0.0,8.75,7.5
4120.0,1,0,1.0,-2.0,3.0,0.32999999999999996,0.0,-1.0,0.5
5847.0,1,0,-1.0,-1.0,4.5,5.0,3.0,0.5,1.5
3857.0,1,0,0.0,0.0,2.0,5.0,2.0,5.0,9.4
-4785.0,0,0,2.0,1.0,4.5,-0.5,-2.0,-4.0,-2.0
-2150.0,0,-1,1.0,1.0,0.0,-1.0,-3.0,-3.0,-3.0
-2214.0,0,-2,2.0,1.0,-1.0,0.0,3.0,-1.5,1.0
1992.0,1,2,-1.0,-1.0,6.0,4.0,-6.0,3.67,1.17
-63.0,0,0,-1.0,0.0,1.0,5.0,1.0,8.25,3.25
4973.0,0,0,0.0,-1.0,5.75,4.0,1.83,1.83,3.0
4079.0,1,2,-1.0,-1.0,2.1,-2.0,5.75,0.0,2.0
6950.0,1,2,2.0,-1.0,1.33,5.0,-2.5,2.0,6.75
-14538.0,0,-2,1.0,3.0,-5.56,-8.67,-12.0,-3.75,-14.25
-8033.0,0,-1,1.0,2.0,-5.4,-5.8,-4.9,-2.0,-3.5
-2371.0,0,-1,2.0,0.0,1.9,-9.5,-5.0,-1.2,-10.0
-990.0,1,-2,2.0,2.0,-5.8,0.0,2.0,0.0,1.0
7217.0,1,-2,-1.0,-1.0,4.0,8.0,3.0,0.6699999999999999,0.08000000000000007
2356.0,1,0,0.0,0.0,-0.33000000000000007,7.33,1.33,-1.0,-2.0
-1194.0,0,1,1.0,0.0,-4.75,-1.0,1.5,0.0,0.0
-5276.0,0,2,1.0,0.0,1.25,-9.25,-7.33,-6.0,-6.5
1746.0,1,-2,-1.0,0.0,0.0,4.0,1.17,7.67,3.75
-122.0,0,2,0.0,0.0,-3.33,-1.0,-2.25,2.0,-7.33
-2064.0,1,0,0.0,0.0,1.5,-2.0,1.0,0.0,-1.67
-3673.0,1,0,1.0,1.0,-2.25,0.0,-6.67,-2.75,8.33
-4742.0,0,-2,1.0,0.0,-1.0,-3.0,1.0,-1.0,-2.0
-5053.0,0,0,-1.0,1.0,0.75,-5.25,-6.0,-13.2,-5.0
-1727.0,0,-1,0.0,0.0,0.75,-6.67,-2.33,-3.0,-6.0
7187.0,1,2,-2.0,-1.0,1.0,7.0,-0.8300000000000001,6.0,5.75
9184.0,1,1,-1.0,-1.0,1.25,2.05,5.0,6.0,12.38
1987.0,0,0,-2.0,0.0,0.0,1.17,-2.0,-1.5,2.5
-4475.0,0,-2,1.0,2.0,3.25,-6.33,-5.33,-1.0,-2.83
2737.0,0,2,0.0,0.0,1.25,3.5,0.25,4.0,10.0
1297.0,0,0,2.0,0.0,-0.5800000000000001,-3.5,-3.0,2.5,1.0
2179.0,0,2,0.0,0.0,1.25,-2.67,0.0,-2.0,-1.0
2246.0,1,-2,0.0,0.0,0.0,8.0,0.0,0.5,5.0
1426.0,1,-2,0.0,0.0,3.0,7.0,2.6,7.0,6.0
-20.0,0,2,1.0,0.0,-0.25,0.5,8.0,-1.67,-5.5
4202.0,1,1,-1.0,0.0,1.6,2.0,-3.0,8.67,7.0
5166.0,1,2,2.0,-1.0,3.0,-1.0,3.0,0.9999999999999999,4.33
7929.0,1,2,2.0,-1.0,0.33999999999999986,2.4,6.5,0.8300000000000001,6.5
4729.0,1,1,1.0,-3.0,0.5,5.0,1.0,-3.0,-1.0
4831.0,1,-1,-2.0,0.0,5.0,7.0,-0.5,1.17,2.17
13167.0,1,2,-1.0,-2.0,3.67,8.0,14.0,11.86,10.8
12477.0,1,-1,-2.0,-1.0,14.33,2.67,15.71,2.17,5.29
-3018.0,0,-2,0.0,0.0,0.0,-8.67,-3.1,-3.67,-3.0
310.0,1,-2,-1.0,1.0,-1.67,1.33,2.0,6.0,10.67
-8129.0,0,-2,0.0,0.0,4.0,-7.0,-6.67,-5.0,-9.25
-4630.0,1,0,1.0,1.0,3.0,-0.57,3.75,-4.67,-6.5
4775.0,1,2,0.0,-1.0,-1.0,2.5,2.0,2.0,4.0
-4176.0,1,0,-1.0,3.0,-1.0,-1.5,0.0,-0.75,-2.47
3183.0,1,2,-2.0,0.0,4.6,1.0,6.0,1.0,3.0
-514.0,0,2,1.0,0.0,-4.0,-2.75,-1.0,2.0,-0.16999999999999993
425.0,0,-1,-1.0,0.0,2.5,-0.8300000000000001,-2.34,-0.5,1.0
-4977.0,0,0,0.0,1.0,-11.0,-1.0,4.0,2.5,3.0
-1813.0,0,0,1.0,0.0,1.67,-1.0,-2.0,0.0,1.0
7633.0,1,2,-2.0,-1.0,3.0,6.0,4.5,12.0,5.6
-3659.0,0,-2,0.0,1.0,0.7300000000000001,-7.0,1.67,-2.33,-0.5
-8773.0,0,-1,-2.0,1.0,-4.75,-4.33,-1.0,-3.67,-4.5
6694.0,1,2,-1.0,0.0,-1.0,8.6,4.0,2.0,5.5
5773.0,1,2,-2.0,-1.0,7.0,8.4,6.67,1.0,3.0
2007.0,1,2,-1.0,-1.0,0.0,-4.0,1.5,1.0,-2.0
2420.0,1,2,-1.0,0.0,3.33,5.67,-1.25,0.5,-3.5
2631.0,1,1,2.0,-1.0,2.0,0.0,1.0,0.0,1.0
2125.0,1,2,1.0,0.0,1.58,1.17,2.67,-1.0,1.0
9301.0,1,2,-1.0,-1.0,0.0,10.4,0.0,12.0,5.7
-67.0,1,2,0.0,0.0,0.83,-2.33,0.6000000000000001,0.0,-1.92
2170.0,1,0,-1.0,-1.0,-1.0,2.33,3.5,3.5,6.33
-3440.0,0,2,0.0,-1.0,-1.6,-2.5,-4.0,-3.25,-4.67
-6928.0,0,0,2.0,1.0,-1.6600000000000001,-5.0,-5.0,2.67,-1.5
-1003.0,0,-2,2.0,1.0,0.0,-0.5,6.67,4.5,-4.25
6083.0,1,0,-2.0,-1.0,0.5,7.75,4.75,2.5,2.34
2168.0,0,0,2.0,0.0,6.0,-1.5,-1.0,0.0,4.25
-2387.0,0,-2,-1.0,0.0,-4.0,-1.0,-2.0,5.0,0.5
5759.0,1,0,0.0,-1.0,-0.5,10.4,3.67,2.5,6.0
8479.0,1,2,-2.0,-2.0,5.0,5.67,1.5,7.75,5.5
1519.0,0,0,1.0,0.0,-2.0,-2.0,0.0,-1.0,-1.67
4847.0,1,2,-2.0,-1.0,3.67,2.67,0.0,1.0,2.0
178.0,1,0,-1.0,1.0,4.75,0.33000000000000007,-4.33,2.5,1.0
4508.0,1,-1,-1.0,-1.0,0.0,1.6600000000000001,7.67,7.0,2.75
-714.0,0,2,1.0,0.0,2.67,2.75,-4.5,0.0,-3.0
6448.0,1,1,1.0,-1.0,3.75,8.0,6.0,1.33,-2.0
-1523.0,1,1,-1.0,1.0,-2.0,0.40000000000000013,5.5,0.5,0.75
-4587.0,0,-2,2.0,2.0,-9.89,-1.0,-3.8,-1.0,-2.5
-4202.0,0,-2,-2.0,-1.0,-6.67,-1.3,-3.17,0.0,-5.17
6183.0,0,2,-1.0,-1.0,0.0,5.5,2.5,0.0,1.33
-1473.0,1,0,-2.0,1.0,-7.83,-1.0,3.0,3.75,6.25
-7617.0,0,0,0.0,2.0,2.5,-1.33,-5.33,-7.0,-2.0
4264.0,1,2,1.0,-1.0,-1.0,1.0,-1.0,-1.0,0.0
2893.0,1,2,0.0,0.0,0.6699999999999999,4.5,10.0,3.0,4.0
-4431.0,0,1,1.0,1.0,-0.9999999999999999,-2.5,-0.08000000000000007,-3.0,-4.0
-4449.0,0,-2,2.0,1.0,-0.83,2.0,-5.2,0.6699999999999999,0.16999999999999993
-3492.0,0,2,1.0,1.0,2.33,0.0,-4.75,-7.5,1.0
1834.0,1,2,-1.0,-1.0,0.83,0.8300000000000001,-3.5,1.0,1.5
-3019.0,0,-2,2.0,1.0,0.0,0.5,0.0,1.5,0.0
2221.0,1,0,-1.0,0.0,-1.0,2.67,0.0,2.5,3.0
960.0,1,1,2.0,0.0,-0.5,1.0,-3.5,0.0,0.6699999999999999
-2012.0,0,2,1.0,0.0,-0.75,-12.5,-1.33,-2.75,-2.0
-1809.0,1,1,-1.0,0.0,-1.0,-5.5,-4.0,0.0,2.0
-2224.0,0,-2,0.0,1.0,-2.67,-4.5,-5.5,4.33,0.0
1025.0,1,0,-1.0,-1.0,-1.0,-1.3399999999999999,0.8,1.0,-6.67
8605.0,1,2,-1.0,-2.0,8.67,3.33,7.5,4.0,4.25
4831.0,1,2,1.0,-1.0,3.5,-3.5,0.0,0.0,-1.0
7158.0,1,1,1.0,0.0,3.75,1.5,3.0,4.75,6.5
7046.0,1,0,-1.0,-2.0,2.17,3.5,2.8,8.0,1.67
-7707.0,0,-2,2.0,2.0,-5.0,-2.25,-9.0,-2.33,-2.29
-4713.0,0,-1,1.0,0.0,-5.0,-5.0,-0.83,-1.0,-1.0
-5560.0,0,0,1.0,0.0,-1.0,-2.5,-5.0,-3.0,0.0
-2581.0,0,2,2.0,-1.0,4.0,4.0,0.5,-3.2,-2.5
-1637.0,0,0,1.0,-1.0,-0.5,-5.67,-5.33,-4.33,1.0
-3481.0,1,-2,-1.0,0.0,-1.0,-6.0,0.33000000000000007,1.0,1.0
1402.0,1,2,0.0,0.0,-2.0,-0.08000000000000007,-3.0,8.0,0.9199999999999999
663.0,1,0,-2.0,0.0,-4.0,0.8300000000000001,2.67,2.0,2.0
1343.0,1,2,-1.0,0.0,1.5,1.0,2.0,4.5,5.0
2427.0,1,2,0.0,-1.0,2.5,2.0,-5.0,2.0,-2.0
-1457.0,1,0,1.0,1.0,2.0,-7.0,-4.67,-0.5,1.17
8010.0,1,2,-2.0,-2.0,-1.0,3.0,5.0,2.17,4.0
4822.0,1,2,-2.0,-1.0,-1.0,0.16999999999999993,2.0,2.0,2.5
6797.0,1,-1,-2.0,-1.0,0.6699999999999999,5.67,2.5,4.0,6.0
10715.0,1,1,-1.0,-2.0,1.5,5.5,2.33,6.0,7.75
-6865.0,0,-1,0.0,1.0,-4.0,-4.5,-1.0,-0.08000000000000007,-5.33
3979.0,1,1,0.0,-1.0,-1.0,-2.5,0.6699999999999999,7.0,2.75
-7160.0,0,0,1.0,1.0,-6.0,-2.0,-1.0,-10.8,-6.33
264.0,1,-1,-1.0,0.0,0.0,-2.67,3.67,0.0,-1.0
3167.0,1,2,0.0,-1.0,0.5,6.2,-0.6699999999999999,6.0,1.75
3819.0,0,0,1.0,-1.0,5.67,9.0,5.33,-3.33,0.0
-2259.0,0,0,0.0,1.0,1.5,-2.5,-0.6699999999999999,0.0,-1.0
5758.0,1,0,1.0,-1.0,-3.5,0.5,-2.5,7.6,4.0
-11884.0,0,1,2.0,2.0,-4.0,-5.0,-2.0,-11.62,-4.5
6039.0,1,2,-1.0,-1.0,4.0,2.33,1.75,0.33000000000000007,4.25
1224.0,1,0,-1.0,0.0,3.75,-4.0,0.0,0.5,-3.0
-12295.0,0,-2,0.0,2.0,-3.4,-3.75,-2.96,-2.75,-11.11
-205.0,1,0,1.0,0.0,2.5,5.0,-2.0,5.0,2.5
-1739.0,1,-2,2.0,0.0,-2.0,-4.0,1.0,2.25,-0.5
3614.0,0,2,-2.0,-1.0,-5.0,2.0,0.0,3.33,4.67
1590.0,0,0,1.0,-1.0,-2.5,-4.33,4.5,-0.25,1.75
-247.0,1,-2,1.0,1.0,-4.67,-0.33000000000000007,-1.0,3.5,-2.0
-7649.0,0,-2,1.0,3.0,-3.6,-11.5,-7.0,0.16000000000000014,-1.0
4137.0,1,-1,1.0,0.0,-2.0,7.5,1.0,-1.5,3.33
-1658.0,1,-2,0.0,0.0,-4.0,-5.0,-1.0,4.0,1.5
-5857.0,0,-2,1.0,1.0,-2.0,-4.0,-4.0,-8.8,-1.0
-3210.0,0,-2,-1.0,1.0,-5.25,-1.5,-1.0,-3.0,-2.0
4255.0,1,2,1.0,0.0,1.0,5.0,0.0,0.33000000000000007,7.4
-3554.0,0,-2,-1.0,1.0,-6.67,-1.0,-4.5,-1.0,0.0
319.0,1,0,0.0,0.0,-2.6,1.17,2.5,0.8,1.33
182.0,0,0,1.0,0.0,5.0,3.0,1.0,2.0,1.0
-499.0,0,-2,1.0,0.0,-7.0,0.25,0.0,3.67,10.8
8122.0,1,2,-2.0,-2.0,0.3999999999999999,5.57,4.75,1.5,14.6
6929.0,1,2,-1.0,-1.0,2.29,0.5,3.33,0.0,0.25
-137.0,1,0,2.0,0.0,3.75,2.5,-3.5,0.0,1.0
-5587.0,0,-1,0.0,0.0,-1.0,-2.17,-7.67,-1.0,-5.5
-897.0,1,2,1.0,1.0,7.33,4.25,-2.67,-5.33,2.67
1212.0,1,0,-2.0,1.0,1.5,9.0,3.0,-0.6699999999999999,-3.67
5221.0,1,2,0.0,-1.0,5.0,2.67,1.0,9.75,1.83
-633.0,1,0,0.0,-1.0,-4.21,-1.5,1.0,-2.0,-2.0
4787.0,1,2,-2.0,-1.0,-0.6699999999999999,3.0,3.5,3.5,1.5
2944.0,0,0,0.0,0.0,0.0,3.0,0.5,-1.73,-2.5
-10367.0,0,-2,0.0,3.0,-4.0,-5.0,-5.0,-2.0,-6.0
-3309.0,0,-2,2.0,1.0,0.0,-8.8,-6.6,4.0,-0.33000000000000007
-2900.0,1,2,0.0,1.0,-0.33000000000000007,-3.8,3.4699999999999998,-14.0,-1.0
-6176.0,0,-1,2.0,2.0,-6.0,-11.0,-3.0,0.25,0.19999999999999996
6953.0,1,1,1.0,-1.0,5.0,8.33,3.67,0.6699999999999999,1.17
4476.0,1,0,1.0,-1.0,4.88,4.5,-4.0,1.0,0.0
-7425.0,0,-2,0.0,1.0,-4.0,-5.0,-1.75,-3.0,-8.0
-2229.0,0,0,1.0,0.0,-5.0,4.0,-2.0,2.0,-4.75
8544.0,1,2,0.0,-1.0,2.17,1.0,-0.33,3.33,1.0
-5231.0,0,-1,1.0,3.0,0.75,0.0,1.0,-2.68,-13.5
-5531.0,0,0,-1.0,1.0,-2.34,-2.67,-10.2,0.47,-4.4
1981.0,1,-1,1.0,-1.0,10.0,0.16999999999999993,-6.5,1.0,1.0
-12402.0,0,-2,1.0,3.0,-4.0,-11.8,-7.0,-5.4,-6.07
530.0,0,2,0.0,0.0,3.5,-0.16999999999999993,1.5,1.5,0.5
-4051.0,0,1,0.0,1.0,0.5,-3.0,-0.33000000000000007,0.0,-2.0
-1967.0,1,-1,1.0,0.0,0.0,-5.25,3.0,2.67,1.0
3322.0,1,-2,-1.0,0.0,-2.0,-1.0,2.5,3.0,4.7
-3871.0,0,-1,1.0,0.0,2.0,-3.3,-0.5,-5.5,-3.25
1956.0,1,0,-2.0,-1.0,0.5,2.0,-1.5,5.0,7.0
-304.0,0,2,2.0,0.0,-1.0,2.0,1.0,0.0,-1.5
-3679.0,0,1,1.0,1.0,-1.0,-3.0,1.5,-3.0,2.0
-1700.0,0,-1,2.0,0.0,0.0,0.0,-2.0,-2.67,-3.0
5304.0,1,-1,0.0,0.0,-3.75,6.6,9.0,0.33000000000000007,6.0
-8993.0,0,-2,0.0,1.0,-3.33,-1.83,-2.33,0.5800000000000001,-4.0
-6591.0,0,-1,2.0,1.0,-1.0,-4.25,-5.5,-4.0,-3.0
629.0,1,2,-2.0,0.0,-1.33,-7.0,1.0,-7.5,-8.67
-3346.0,0,-2,1.0,0.0,-4.0,-3.75,-1.0,-4.0,-5.0
-2189.0,0,-2,2.0,0.0,-3.5,-3.0,1.67,-0.5,-3.0
-870.0,1,0,-2.0,0.0,1.33,-7.8,7.5,-0.8300000000000001,-5.33
-3535.0,0,0,1.0,0.0,-6.67,-2.05,2.5,-0.33999999999999986,-2.0
5085.0,1,0,-1.0,-1.0,1.5,4.0,3.0,3.25,3.9
1779.0,1,2,2.0,-1.0,4.0,3.0,0.5,-8.5,-3.8
2188.0,1,2,1.0,-1.0,1.5,2.33,4.5,0.5,-1.0
16082.0,1,2,-1.0,-2.0,14.67,9.0,12.71,7.33,1.4
4463.0,1,2,1.0,-2.0,-3.0,6.75,3.5,5.0,5.3
-209.0,0,0,2.0,0.0,0.0,4.0,2.0,-3.75,5.0
963.0,1,0,1.0,0.0,1.33,-3.5,1.0,1.0,3.0
-6643.0,0,-2,2.0,1.0,-3.0,-6.0,-1.0,-3.17,-2.25
3299.0,1,2,-1.0,0.0,0.0,2.0,-1.0,0.5,5.0
3386.0,1,2,-1.0,-1.0,0.0,3.0,6.75,2.67,7.67
-3944.0,0,0,0.0,0.0,-3.5,-6.0,-4.0,-3.25,-4.0
7140.0,1,2,-1.0,-3.0,1.33,0.75,-3.0,3.0,2.25
-11026.0,0,-2,1.0,1.0,-1.25,-1.5,-5.38,-12.71,-0.8799999999999999
3541.0,1,0,-1.0,-1.0,5.8,3.6,1.0,-0.33000000000000007,1.0
8575.0,1,1,-2.0,-2.0,-4.0,5.67,4.3,1.7999999999999998,5.38
2591.0,1,2,1.0,0.0,4.5,7.5,1.33,1.0,1.0
-2692.0,0,-2,-1.0,1.0,-4.0,-5.0,-0.57,4.33,3.5
2785.0,1,1,0.0,0.0,2.0,5.75,3.67,-3.67,-1.67
-742.0,1,-2,-1.0,0.0,-2.0,-5.0,-3.0,0.0,-0.25
4381.0,1,2,-2.0,-2.0,2.5,6.0,0.5,-0.5,7.75
9334.0,1,2,-2.0,-4.0,4.0,5.75,3.6,0.5,3.17
13432.0,1,1,0.0,-2.0,1.6,11.0,8.5,12.33,12.8
-5336.0,0,-2,1.0,1.0,1.5,-0.9,1.83,1.5,-3.25
-4258.0,0,-2,1.0,0.0,-5.5,-3.0,-8.0,2.0,1.25
-4541.0,0,0,1.0,0.0,-4.0,0.9199999999999999,-1.17,-2.0,-3.0
-240.0,1,0,1.0,1.0,-1.33,-0.6699999999999999,-3.5,-1.8,1.0
-3871.0,0,0,1.0,0.0,-3.0,-6.0,-5.5,-3.33,-2.83
-627.0,1,2,-2.0,0.0,-0.25,-6.0,-5.0,-5.0,0.33000000000000007
605.0,1,2,-1.0,-1.0,2.1,1.33,2.0,5.5,-2.0
-6425.0,0,-2,1.0,2.0,-6.0,-3.0,-5.5,-6.0,-3.0
-2328.0,0,0,1.0,1.0,2.5,-0.16999999999999993,-2.1,-2.43,-8.25
-3244.0,0,0,1.0,2.0,0.0,-4.33,-1.83,0.0,6.0
-2752.0,0,-2,2.0,1.0,3.5,-3.5,1.0,-6.67,-2.0
5053.0,1,0,-1.0,-1.0,-0.5800000000000001,6.67,-1.5,5.67,5.0
8483.0,1,2,-1.0,-3.0,6.0,9.0,4.33,0.51,0.25
240.0,1,2,1.0,-1.0,-0.9199999999999999,3.67,2.67,-1.15,-3.0
4393.0,1,2,1.0,-1.0,1.0,-1.0,4.5,-0.16999999999999993,-3.2
-503.0,1,-2,-1.0,1.0,-3.0,2.6,9.0,-3.3,-1.83
-2268.0,1,-2,2.0,0.0,4.5,-1.5,5.0,-4.0,-3.0
-1003.0,0,1,1.0,0.0,-4.0,-3.5,3.0,4.5,6.5
-9697.0,0,-2,2.0,0.0,-2.0,-9.5,-3.67,-1.67,-6.0
4841.0,1,0,-2.0,-1.0,-1.0,5.33,-0.75,5.67,8.0
-528.0,0,2,-1.0,0.0,-1.0699999999999998,0.32999999999999996,5.67,-0.33000000000000007,-1.0
-8991.0,0,1,1.0,3.0,-6.33,0.6699999999999999,-0.25,-5.75,-2.17
6328.0,1,2,-2.0,0.0,5.6,11.0,8.0,7.5,3.67
-745.0,1,1,1.0,0.0,-5.0,-7.0,1.0,-2.17,-4.67
767.0,1,0,1.0,0.0,-0.8699999999999999,-6.5,2.67,0.6699999999999999,-6.0
-4835.0,0,2,1.0,1.0,0.0,-7.25,-0.5,-1.42,-8.14
849.0,1,0,-2.0,0.0,1.0,3.25,-3.0,4.67,2.5
1551.0,1,2,0.0,-1.0,0.0,4.0,-0.83,-0.5,0.5
8668.0,1,2,-2.0,-4.0,-2.5,11.2,10.5,0.75,3.25
-3301.0,0,0,-1.0,1.0,0.0,-1.5,-2.5,0.33000000000000007,0.8300000000000001
-7351.0,0,-2,1.0,1.0,-1.25,-2.25,-3.83,-3.8,-10.0
8618.0,1,2,-1.0,-3.0,1.2,9.5,2.5,7.5,5.6
-5452.0,0,-2,0.0,1.0,-1.5,1.0,-1.0,-4.0,-1.5
1898.0,1,2,1.0,-1.0,4.8,1.0,-2.0,1.5,-1.5
-2003.0,0,-2,-1.0,-1.0,-5.0,-4.0,-1.33,4.0,3.67
-4130.0,0,0,1.0,0.0,-3.5,-7.33,-0.5,-0.5,-2.5
-694.0,1,0,-1.0,0.0,-2.67,-2.0,3.33,1.0,2.5
-4914.0,0,0,1.0,0.0,-5.0,-0.83,-3.0,-6.0,2.5
1680.0,1,-2,-1.0,0.0,-0.5,3.0,5.0,-4.33,-4.0
11823.0,1,1,-2.0,-3.0,2.0,4.62,1.0,2.13,3.6
-5776.0,0,-2,1.0,1.0,0.5,-9.71,-7.33,-8.25,-0.6699999999999999
-6715.0,0,0,1.0,1.0,2.0,-3.0,-0.5,-2.5,-7.0
10181.0,1,0,-1.0,-3.0,2.0,8.0,1.0,2.23,11.33
-778.0,0,-2,1.0,1.0,-0.33000000000000007,1.0,7.0,-0.16999999999999993,-1.5
-4483.0,0,-2,-1.0,0.0,-1.5,-1.58,-1.0,-1.67,-0.41999999999999993
-1296.0,1,1,1.0,0.0,3.17,-3.33,-7.5,-1.0,0.06999999999999984
2881.0,1,0,-2.0,-1.0,-1.0,9.6,4.75,2.0,0.0
4430.0,1,2,1.0,-1.0,-2.0,1.83,0.33000000000000007,-0.6699999999999999,3.33
-5761.0,0,-2,-2.0,1.0,-1.33,-11.5,-2.5,-3.0,-6.0
-9097.0,0,-2,1.0,2.0,3.33,-3.0,-2.0,-4.43,-11.6
-924.0,1,0,1.0,1.0,-3.75,6.2,1.0,2.83,4.0
-4307.0,0,-2,0.0,0.0,-2.0,-1.0,-2.0,-1.0,-4.75
6283.0,1,2,1.0,-1.0,0.0,0.5,0.0,-1.33,3.67
1611.0,1,-2,-1.0,1.0,5.5,0.8999999999999999,-0.6000000000000001,-7.0,-2.75
-2631.0,0,0,2.0,1.0,-0.83,-4.17,-0.6699999999999999,-7.2,-0.6600000000000001
1521.0,1,2,-2.0,0.0,2.0,-0.5,2.67,-1.6,2.8
7650.0,1,0,-2.0,-3.0,0.16999999999999993,2.67,5.33,5.2,10.75
-2132.0,0,0,1.0,-1.0,-0.6699999999999999,-3.75,-2.5,-0.33000000000000007,-1.75
-12969.0,0,-1,1.0,3.0,-4.34,-11.33,-8.0,-3.5,-13.8
3404.0,1,2,-2.0,-1.0,-1.33,1.75,-1.0,-1.0,4.5
-2458.0,0,-2,1.0,0.0,-1.5,0.0,-0.1499999999999999,-3.33,-7.33
2403.0,1,0,0.0,0.0,3.6,2.0,-1.0,-1.0,-5.75
9129.0,1,2,-2.0,-2.0,2.75,9.0,7.5,3.7,4.33
-2679.0,1,0,-2.0,2.0,0.83,1.0,2.0,-1.25,0.5
-786.0,0,-2,0.0,0.0,1.0,5.33,-1.0,0.8300000000000001,7.67
3988.0,1,0,0.0,0.0,-1.0,5.0,3.0,10.33,8.8
-1359.0,0,0,-2.0,0.0,-2.17,1.42,2.0,-1.0,-0.33000000000000007
-2657.0,0,0,1.0,0.0,2.3,0.0,-6.0,-3.07,-2.0
4691.0,1,2,1.0,0.0,0.6699999999999999,11.0,6.8,1.0,8.0
-7253.0,0,-2,2.0,2.0,-4.0,-2.5,-6.0,-1.0,-2.33
6179.0,1,0,0.0,-1.0,0.0,6.6,1.33,1.0,3.0
-5552.0,0,-1,2.0,1.0,0.0,-8.0,-1.33,-1.75,-1.0
191.0,1,-2,-1.0,0.0,1.0,-0.6699999999999999,1.5,-4.25,6.0
144.0,0,2,2.0,0.0,-0.9199999999999999,-4.5,4.33,-0.16999999999999993,1.0
6147.0,1,0,-1.0,-1.0,2.83,2.93,7.0,9.2,2.7
3411.0,0,2,-1.0,-1.0,1.33,5.5,3.0,0.0,-1.0
-3706.0,1,2,-1.0,0.0,2.5,-0.3999999999999999,1.17,-2.73,-8.25
-3247.0,1,-2,0.0,1.0,2.5,-0.13,0.8300000000000001,-3.5,-3.0
-3561.0,0,-2,2.0,-1.0,-1.0,-5.67,2.0,-1.0,-1.0
-3973.0,0,0,1.0,1.0,-1.5,0.0,-1.5,-3.0,-3.0
-4515.0,0,0,2.0,1.0,-2.75,-6.5,-3.0,-1.25,0.0
-5809.0,0,0,-2.0,0.0,0.5,-8.5,-8.0,-1.0,-2.5
5863.0,1,1,-1.0,0.0,7.0,6.0,4.0,6.5,8.5
4862.0,1,2,1.0,-2.0,2.13,2.0,2.0,2.0,0.75
-2495.0,0,0,1.0,0.0,0.5,-2.67,-1.0,-7.0,-0.16999999999999993
-457.0,1,1,-1.0,0.0,-1.75,8.0,7.5,0.16999999999999993,-3.0
-2592.0,0,-1,0.0,0.0,-3.25,-8.0,-2.5,-1.4,-7.0
1136.0,1,0,-1.0,0.0,3.5,0.0,0.0,-1.0,4.0
-7451.0,0,0,2.0,1.0,-2.0,-3.67,-4.33,-4.33,-3.0
8733.0,1,1,-2.0,-2.0,2.0,5.5,5.0,2.83,2.0
-6078.0,0,0,1.0,2.0,3.0,-1.79,-9.5,-9.25,-7.5
-2084.0,1,-2,-2.0,1.0,-0.25,5.0,0.41999999999999993,-0.33000000000000007,-1.0
-14239.0,0,-1,1.0,2.0,-2.67,-16.0,-7.0,-4.0,-4.0
-2692.0,1,2,0.0,2.0,1.0,-2.0,-0.83,0.16999999999999993,0.33000000000000007
1936.0,1,1,1.0,0.0,-0.6699999999999999,6.5,2.17,2.67,-2.0
-4125.0,1,0,2.0,0.0,-5.0,-5.5,1.0,0.0,0.0
22.0,1,0,-1.0,1.0,-0.32999999999999996,9.4,1.0,1.5,3.0
14854.0,1,1,2.0,-3.0,2.3,4.8,4.6,6.0,0.5800000000000001
7977.0,1,2,-1.0,-3.0,4.0,0.8300000000000001,2.0,10.0,10.0
-1629.0,0,2,-1.0,0.0,5.0,-2.67,-0.5,-5.0,-0.9999999999999999
-3950.0,0,0,1.0,0.0,-1.0,3.0,0.0,0.5,2.25
-12257.0,0,-1,2.0,4.0,-2.67,-8.0,-6.75,-2.92,-7.2
-2683.0,0,2,2.0,0.0,-1.0,2.0,-1.0,2.67,-0.5
-5040.0,0,-2,0.0,1.0,-2.33,7.67,-0.5,-0.7,0.75
-3217.0,0,-2,1.0,0.0,2.67,-2.0,-3.0,5.0,-2.0
614.0,1,2,-2.0,-2.0,-0.5,0.5,5.75,-1.25,-3.75
-2050.0,0,0,0.0,2.0,1.5,1.5,-4.67,-1.25,-0.75
10062.0,1,-1,-2.0,0.0,4.5,11.5,9.6,6.86,10.5
-18991.0,0,-1,2.0,8.0,-5.0,-4.0,-1.67,-7.0,-5.0
-9306.0,0,-2,1.0,4.0,-5.67,-1.5,-6.25,0.0,1.0
1296.0,1,-2,0.0,-1.0,3.75,7.0,-0.6699999999999999,-1.83,-2.5
-2213.0,0,2,1.0,0.0,-6.5,0.75,-0.5,3.5,-0.75
-2908.0,1,2,0.0,1.0,-3.0,-3.0,0.0,-3.4,-3.17
-2744.0,0,0,1.0,0.0,5.67,-8.0,0.5,-4.36,-11.25
-5459.0,1,0,-1.0,2.0,-1.0,-4.0,-1.0,0.6600000000000001,1.83
4885.0,1,2,1.0,-1.0,2.5,5.0,6.33,-4.67,1.0
4734.0,1,0,-2.0,-1.0,4.0,-2.0,-0.5,3.0,5.33
9316.0,1,1,-1.0,-3.0,1.5,4.0,1.0,2.5,5.33
-3840.0,0,-1,1.0,-1.0,-2.67,-5.0,-4.0,-1.5,-1.0
-2795.0,0,-1,1.0,1.0,-1.17,-9.0,-8.5,-5.0,2.0
-265.0,0,-2,2.0,0.0,-5.0,1.0,-1.0,4.0,5.0
-7885.0,0,1,2.0,1.0,-3.67,-1.25,1.0,-5.5,-8.33
2660.0,1,2,0.0,0.0,1.0,-2.5,-1.0,-2.0,-1.0
-4640.0,0,-2,1.0,1.0,1.5,-6.5,-2.75,-0.6699999999999999,-6.67
-1059.0,0,2,1.0,-1.0,0.0,5.0,-4.5,0.08000000000000007,0.33000000000000007
1055.0,0,-2,0.0,-1.0,-2.0,-1.1,-2.5,3.33,2.0
-782.0,0,0,2.0,0.0,1.5,-4.5,2.0,-1.4,7.75
6784.0,1,-2,-2.0,1.0,2.27,8.33,9.0,7.0,16.83
6670.0,1,0,0.0,-2.0,0.0,10.0,1.0,1.7,1.0
1515.0,1,-2,-2.0,0.0,0.66,-2.0,2.0,2.0,1.17
3094.0,1,2,1.0,-1.0,0.0,0.0,1.5,-2.0,-1.0
12391.0,1,1,1.0,-2.0,5.75,2.67,1.0699999999999998,6.75,10.0
-7312.0,0,-2,1.0,1.0,-1.67,2.0,-2.0,-0.5,-1.5
4272.0,1,0,1.0,-1.0,3.0,1.33,-4.0,-0.5,-6.75
-3526.0,0,0,-1.0,0.0,-1.5,-8.0,0.0,-6.0,-6.75
-8980.0,0,-2,-1.0,2.0,-2.75,-8.6,-4.0,-0.5,0.6699999999999999
-5579.0,1,0,-1.0,1.0,-2.0,-3.33,-3.0,-4.33,-1.0
-8183.0,0,-1,1.0,2.0,-0.6,-3.0,-2.0,-7.43,-1.42
-6416.0,0,0,-2.0,0.0,4.0,-3.25,-5.33,-0.16999999999999993,0.5
-6981.0,0,-2,2.0,1.0,-1.0,-2.0,-3.0,0.0,-1.0
-2245.0,0,0,2.0,0.0,-7.5,-9.5,1.67,-2.5,-1.67
-7064.0,0,-2,2.0,0.0,1.0,-4.0,-0.83,-9.8,-7.33
5682.0,1,0,-1.0,-1.0,0.0,-2.0,1.33,3.83,2.42
3439.0,1,2,-1.0,-1.0,4.0,4.83,0.0,-2.5,-2.67
-2315.0,0,0,-1.0,0.0,1.6,-4.0,-4.5,-2.6,3.0
4787.0,1,2,0.0,-1.0,4.0,2.5,-2.0,7.67,-1.0
-2429.0,0,-2,1.0,1.0,6.67,0.25,-0.33000000000000007,-1.17,-1.0
3556.0,1,2,-1.0,-1.0,-0.5,4.0,3.5,2.34,6.5
5010.0,1,2,-1.0,-1.0,1.83,-0.6699999999999999,6.0,-0.22999999999999998,2.8
304.0,1,2,0.0,0.0,2.0,-3.5,-3.0,-2.5,-2.83
-3248.0,0,-2,-1.0,1.0,-1.0,0.6699999999999999,-0.5,-1.67,-2.5
-8112.0,0,-2,2.0,0.0,-0.5,-7.25,-3.67,-4.67,-5.0
3243.0,1,-1,1.0,-1.0,1.33,1.25,0.55,1.27,6.0
-2309.0,0,0,0.0,1.0,4.5,1.58,-3.33,-5.5,4.0
-1272.0,0,0,-2.0,2.0,6.75,6.5,8.0,-1.4,3.3
3440.0,1,2,-1.0,-1.0,4.0,10.0,-6.0,2.33,2.0
-5517.0,0,2,1.0,1.0,-3.5,2.33,-3.0,-7.4,-7.33
-11426.0,0,-1,2.0,1.0,-2.6,-15.0,-9.75,-4.5,1.0
-5842.0,0,1,1.0,0.0,-3.0,-3.0,-1.0,-2.1,-7.0
-8737.0,0,-2,2.0,1.0,-2.33,-6.75,-5.0,-5.0,-5.0
-6879.0,0,-2,2.0,0.0,2.0,-1.3399999999999999,-6.2,3.75,-1.08
-13946.0,0,-1,1.0,4.0,-1.0699999999999998,-4.5,-7.75,-2.73,-8.5
-2621.0,1,-2,2.0,0.0,-1.67,2.0,0.33000000000000007,0.5,2.0
-1105.0,1,0,0.0,2.0,-2.17,-1.83,-1.5,6.5,0.8699999999999999
-2132.0,0,2,0.0,-1.0,0.0,-3.9,-3.0,0.20000000000000018,-3.5
-937.0,0,-2,-1.0,0.0,2.3,3.0,-7.33,4.25,-1.5
1822.0,1,2,-2.0,0.0,2.0,-3.1,-3.5,-0.9199999999999999,-5.0
7910.0,1,2,1.0,-1.0,5.0,2.27,2.5,5.9,11.67
-6954.0,0,-1,1.0,0.0,-4.83,-11.33,-0.33000000000000007,-1.13,0.06999999999999984
897.0,0,-2,-1.0,1.0,-3.0,5.5,1.0,3.33,6.0
-5411.0,0,0,1.0,1.0,-1.25,-1.0,-2.33,-2.5,-9.67
-1431.0,1,0,-1.0,1.0,-1.33,0.5,-3.5,-2.33,-1.0
814.0,0,0,0.0,-1.0,1.6,-6.0,-7.0,3.5,1.17
-2452.0,1,0,-1.0,0.0,-6.4,-1.25,-1.67,6.5,1.67
6129.0,1,2,-1.0,-1.0,5.0,12.8,7.0,1.0699999999999998,4.75
1297.0,0,2,0.0,-1.0,5.0,0.5,-6.4,-3.5,-5.0
-3788.0,0,1,0.0,0.0,-1.5,-0.6699999999999999,-0.9199999999999999,-4.67,-3.5
3790.0,1,0,-1.0,0.0,2.0,8.17,6.0,-0.5,0.5
-129.0,0,0,2.0,-1.0,3.67,1.0,-1.0,3.33,-3.33
-3047.0,0,-2,1.0,1.0,-0.32999999999999996,-7.67,-1.96,0.0,-6.33
-3555.0,0,-2,2.0,0.0,-3.4,-3.0,4.25,-4.0,-4.0
-100.0,0,1,-1.0,1.0,-3.75,6.33,1.0,4.0,7.67
-2962.0,0,-2,1.0,2.0,2.0,-2.25,-1.5,-1.5,1.0
74.0,0,-2,0.0,0.0,-2.33,2.0,1.0,-1.0,-1.0
-3982.0,0,-2,1.0,0.0,-1.0,-2.67,-1.0,-0.16999999999999993,-4.0
110.0,0,0,0.0,0.0,0.5,-0.6699999999999999,-3.5,4.0,-3.0
-4838.0,0,-2,1.0,3.0,0.5,-4.93,-6.67,-6.0,-5.5
2929.0,1,2,0.0,0.0,6.71,2.5,-1.0,-1.75,1.0
-1768.0,0,-2,1.0,1.0,-1.33,5.33,5.0,3.5,-3.0
3664.0,1,2,0.0,-2.0,-0.25,2.83,-1.33,7.67,10.25
1788.0,1,0,-2.0,-1.0,-4.83,-1.5,1.0,1.17,1.0
-3434.0,0,-2,2.0,2.0,3.33,0.13000000000000012,-1.83,0.0,-1.5
-5239.0,0,-2,0.0,0.0,0.0,0.0,2.6,1.0,-3.67
1983.0,0,-2,1.0,0.0,-4.0,1.25,2.5,-2.5,-6.0
-3508.0,0,-2,2.0,0.0,-0.25,-3.5,0.33000000000000007,-1.33,-0.25
-1992.0,0,2,1.0,2.0,1.0,-3.0700000000000003,-5.0,0.9300000000000002,0.0
4391.0,1,2,-1.0,-2.0,5.67,8.67,2.17,0.5,1.0
-10278.0,0,1,-1.0,1.0,-7.0,-9.67,-8.67,-9.0,-10.5
-4773.0,0,-1,2.0,1.0,4.6,-5.75,-3.25,-1.0,2.0
-11865.0,0,-2,2.0,3.0,-4.0,-3.67,-6.0,-5.0,-4.0
10358.0,1,0,-1.0,-1.0,6.5,3.0,0.0,1.0,8.67
-708.0,0,1,1.0,1.0,-0.9400000000000001,-4.0,-7.0,2.75,-1.67
-7001.0,0,1,1.0,2.0,-2.62,-1.2,-6.33,-1.33,1.4600000000000002
3349.0,1,1,1.0,1.0,0.83,-0.33999999999999986,8.25,-5.57,4.67
-2424.0,0,2,1.0,1.0,-1.83,0.33000000000000007,-4.67,0.16999999999999993,-4.0
957.0,0,2,0.0,-1.0,6.83,3.5,1.0,-2.0,-2.0
-2080.0,0,0,-1.0,0.0,-2.0,-1.5,-3.0,-2.0,-5.25
-6435.0,0,-1,0.0,1.0,0.6699999999999999,-1.0,-1.25,-3.0,-2.5
-7927.0,0,-2,2.0,1.0,-3.75,-2.0,1.0,-2.0,-3.0
2963.0,1,2,0.0,0.0,1.5,8.0,8.0,1.25,2.0
5209.0,1,0,1.0,-1.0,-1.33,4.17,8.0,9.25,2.0
-548.0,0,0,-1.0,0.0,1.0,-1.67,1.0,-2.0,-1.5
-2992.0,0,0,2.0,1.0,-5.8,-0.33000000000000007,-7.75,2.67,-3.5
3127.0,1,0,1.0,0.0,1.0,4.0,5.67,0.0,8.0
-147.0,0,2,1.0,0.0,3.0,1.0,0.0,-0.25,0.6600000000000001
-3991.0,0,2,0.0,1.0,-4.67,-0.33000000000000007,2.0,-2.0,0.0
5413.0,1,2,-2.0,-2.0,-0.9,10.67,6.33,2.84,0.6000000000000001
-10455.0,0,-1,2.0,1.0,-1.67,-4.0,-3.33,-3.5,-1.5
-7544.0,0,1,-2.0,1.0,-5.0,-9.33,-2.33,-7.0,-1.33
-3266.0,0,0,1.0,0.0,-1.0,3.0,-1.0,-0.5,-2.0
3987.0,1,2,0.0,-1.0,6.0,6.33,3.0,0.5,-1.5
-2747.0,0,-2,2.0,0.0,1.0,-9.0,-1.33,-1.0,-5.33
1688.0,1,0,-2.0,0.0,2.0,1.0,4.0,6.0,2.0
1325.0,1,0,1.0,1.0,-1.5,0.5,8.5,6.0,12.8
1793.0,1,2,0.0,0.0,-1.5,4.0,7.83,-4.0,-3.0
2634.0,1,2,0.0,-1.0,-2.0,3.0,3.5,7.5,-3.0
6205.0,1,2,-1.0,-2.0,-0.83,11.5,5.67,11.6,13.4
10793.0,1,1,0.0,-3.0,2.5,6.0,5.0,1.83,6.33
4636.0,1,0,-1.0,-3.0,-1.75,1.67,2.0,-2.25,1.83
-3226.0,0,0,2.0,1.0,1.0,0.0,0.8,-0.6699999999999999,-1.5
-5792.0,0,-2,1.0,1.0,-1.5,-1.6600000000000001,-0.6699999999999999,-4.0,-6.67
3039.0,0,2,2.0,0.0,1.2,2.17,2.33,1.0,-2.0
-2523.0,0,0,1.0,1.0,2.0,0.0,-1.0,-0.5,-3.0
707.0,0,0,-1.0,0.0,-2.0,2.0,5.0,-3.5,0.25
1755.0,1,0,-1.0,1.0,2.0,0.6600000000000001,-2.0,7.5,7.67
-3261.0,0,2,2.0,1.0,0.66,-2.5,-3.0,-1.83,-1.0
3744.0,1,0,0.0,0.0,3.6,5.5,2.75,0.0,5.5
-5499.0,0,-2,2.0,0.0,0.6699999999999999,-7.8,-2.0,-0.96,-2.0
5954.0,1,1,1.0,-1.0,5.8,8.67,6.0,0.0,1.5
-5302.0,0,-2,1.0,2.0,2.6,-1.0,-4.83,2.0,0.0
-1355.0,0,0,-1.0,0.0,-4.67,2.5,-2.5,-1.0,-1.0
6176.0,1,0,-1.0,-2.0,3.67,-4.0,-2.0,8.67,8.2
1140.0,1,2,-1.0,1.0,1.0,3.5,1.0,-1.75,0.95
4550.0,1,2,-2.0,-1.0,1.0,4.5,0.0,5.0,2.0
-5416.0,0,-2,2.0,0.0,0.5,0.5,0.6699999999999999,-10.4,-1.1
5151.0,1,2,0.0,-1.0,2.0,5.0,-0.5,1.67,6.67
-5416.0,0,-2,2.0,0.0,0.5,0.5,0.6699999999999999,-10.4,-1.1
5151.0,1,2,0.0,-1.0,2.0,5.0,-0.5,1.67,6.67
8594.0,1,0,-1.0,-1.0,-5.86,8.5,3.5,8.33,7.6
490.0,1,2,-2.0,0.0,-1.67,7.0,5.5,-3.33,5.5
6282.0,1,2,-1.0,-2.0,-0.5,8.0,5.5,3.5,4.0
-12122.0,0,-1,-1.0,3.0,-1.0,-7.1,-9.33,-9.2,-13.75
-923.0,0,-2,1.0,0.0,-2.67,2.0,3.5,2.67,1.0
4200.0,0,2,0.0,-1.0,2.0,-2.5,8.33,5.7,5.5
1702.0,1,-2,-2.0,1.0,3.8,3.67,4.0,2.1,9.0
-1742.0,0,-2,-1.0,0.0,1.5,-1.0,-0.6699999999999999,3.0,3.67
7662.0,1,2,1.0,-1.0,3.75,3.5,-2.0,4.0,4.0
-495.0,0,2,1.0,-1.0,2.5,5.33,-0.5,-4.83,-5.67
7612.0,1,-1,-2.0,-1.0,4.67,3.75,1.0,5.5,7.33
-3139.0,0,2,1.0,0.0,-4.67,-3.0,-1.5,2.5,3.0
3470.0,1,0,-1.0,-1.0,-0.33000000000000007,1.5,-1.25,1.0,2.0
8109.0,1,2,-2.0,-1.0,4.0,1.0,2.0,2.67,3.0
6419.0,1,2,-1.0,-2.0,6.67,3.42,4.33,0.6600000000000001,3.8
-1211.0,0,0,1.0,0.0,-1.2,-1.25,-6.3,-2.83,-0.6000000000000001
-6553.0,0,-2,1.0,1.0,-3.0,-9.0,-2.67,-1.0,-10.57
3441.0,1,2,1.0,0.0,5.86,8.0,2.5,1.5,-0.75
1538.0,0,2,-2.0,0.0,0.0,2.0,2.5,1.67,-3.5
-5118.0,0,-2,2.0,1.0,-5.75,-3.5,-0.5,-5.0,-3.6
-7278.0,0,-2,1.0,2.0,0.9999999999999999,-6.0,-5.0,-2.0,-6.0
9989.0,1,1,-2.0,-1.0,1.5,5.33,9.0,7.5,1.33
2902.0,1,2,-2.0,0.0,-1.0,7.0,5.0,0.0,5.25
16916.0,1,1,-2.0,-4.0,1.6,12.4,5.67,3.4,12.8
5413.0,1,2,-2.0,-1.0,5.83,6.5,7.0,0.0,0.5
4203.0,1,2,0.0,-1.0,1.33,8.0,0.34,2.25,4.5
5108.0,0,2,0.0,-2.0,2.67,6.3,-0.5,5.67,3.0
3106.0,1,0,-2.0,0.0,2.0,1.5,8.43,6.33,6.0
-2974.0,0,-2,0.0,1.0,-1.0,-2.33,-2.0,2.0,1.5
6852.0,1,1,-1.0,-2.0,3.0,5.0,5.67,3.0,-4.0
7444.0,1,1,-2.0,-1.0,-1.0,6.36,1.17,5.67,1.67
2565.0,0,0,0.0,0.0,-6.83,0.16999999999999993,8.75,5.0,4.17
-8837.0,0,-2,1.0,3.0,-4.0,-3.83,-5.5,-5.0,-4.0
2161.0,1,2,1.0,0.0,0.5,3.5,3.33,1.0,2.75
-5070.0,1,-2,-1.0,2.0,-0.83,1.67,0.0,-5.0,-6.17
3181.0,0,2,2.0,-1.0,1.83,2.5,5.33,-2.0,0.0
3755.0,1,0,-2.0,-1.0,1.5,3.5,4.5,2.83,3.0
1957.0,0,0,-1.0,0.0,5.8,2.34,0.16999999999999993,0.1499999999999999,-2.75
-11044.0,0,-1,1.0,2.0,-4.0,-12.0,-0.32999999999999996,-0.83,-6.0
1310.0,1,-2,-1.0,0.0,-3.0,10.33,1.0,1.9,2.92
1310.0,1,-2,-1.0,0.0,-3.0,10.33,1.0,1.9,2.92
1264.0,0,0,-2.0,0.0,1.75,0.33000000000000007,-2.0,6.5,0.41999999999999993
-3504.0,0,-2,1.0,1.0,-1.17,-2.33,-1.5,0.33000000000000007,-2.0
11586.0,1,1,-2.0,-3.0,5.67,5.17,11.0,2.5,1.5
-2885.0,0,-2,2.0,0.0,4.33,-1.17,-1.0,-1.0,3.0
6571.0,1,2,1.0,-1.0,4.67,1.25,3.5,0.6499999999999999,-2.5
3318.0,1,2,-2.0,-2.0,6.0,0.0,3.21,-1.0,-0.6699999999999999
-3230.0,1,0,2.0,1.0,-2.0,-3.0,1.0,-5.0,1.17
-525.0,0,0,-1.0,1.0,-0.33999999999999986,-2.0,0.6699999999999999,-2.0,0.0
-7759.0,0,-2,0.0,2.0,-0.8,-13.33,-4.17,-4.5,-3.71
-8779.0,0,-2,2.0,3.0,-2.1,-1.18,-3.14,-3.5,-1.27
-7252.0,0,-1,-1.0,1.0,-3.25,-10.0,-4.0,-3.5,-7.4
7717.0,1,1,-1.0,-1.0,4.8,11.0,-3.75,4.5,3.4
-12103.0,0,-2,1.0,3.0,-7.0,-6.0,-4.0,-6.67,-9.8
-2693.0,0,2,1.0,-1.0,0.66,-10.0,-3.0,-3.0,-1.15
461.0,1,-2,1.0,0.0,2.67,0.0,-1.25,1.0,4.0
1049.0,0,0,1.0,0.0,6.0,-2.33,1.0,1.0,5.33
919.0,1,0,-2.0,-1.0,0.0,0.5,2.0,0.0,-3.5
2450.0,1,0,-2.0,0.0,3.0,-0.33999999999999986,-4.0,0.0,-5.0
8891.0,1,2,-2.0,-2.0,4.0,7.67,9.5,9.0,11.0
7936.0,1,1,-1.0,0.0,-1.0,9.5,8.5,5.57,4.5
-5585.0,0,0,1.0,1.0,4.8,-4.67,-4.5,-9.0,-7.8
-4832.0,0,0,1.0,0.0,-3.0,-10.0,-1.25,-2.7,0.0
-6106.0,0,1,1.0,1.0,0.0,-7.25,-7.67,-4.0,-5.5
-3387.0,0,0,1.0,2.0,0.0,-1.0,0.0,-4.0,-4.6
-803.0,0,0,0.0,-2.0,-0.5,-8.5,-10.2,-1.33,-1.4
-2844.0,0,0,2.0,0.0,-3.0,-9.5,-2.0,-6.0,0.5
3915.0,1,0,-2.0,0.0,-1.0,3.17,6.0,5.0,7.5
682.0,1,2,1.0,0.0,2.25,2.5,-2.0,-0.6699999999999999,5.5
8566.0,1,2,0.0,-2.0,1.5,0.7999999999999998,-1.17,-6.0,3.83
-5825.0,0,-2,2.0,0.0,0.0,-4.5,-8.0,-3.5,3.33
-4314.0,0,0,2.0,0.0,0.0,-4.0,0.5,-5.0,-5.0
6076.0,1,1,-1.0,-1.0,0.0,5.5,4.0,2.87,3.5
3770.0,1,2,1.0,0.0,1.0,0.5,-1.83,1.0,-1.0
-2407.0,0,2,1.0,1.0,-1.0,-2.33,5.75,-5.0,-4.33
4732.0,1,2,-1.0,0.0,4.0,-2.0,1.0,-2.0,0.0
-4595.0,1,-1,0.0,0.0,-0.32999999999999996,-10.0,-5.6,0.5,2.0
3026.0,1,0,1.0,0.0,1.5,7.0,0.83,7.0,6.67
2745.0,1,2,2.0,-1.0,2.4,3.5,0.9999999999999999,-3.0,-3.0
-572.0,0,-2,-1.0,1.0,-1.0,1.0,1.5,1.0,0.0
3178.0,1,0,1.0,0.0,0.66,0.73,4.0,0.33000000000000007,10.0
1831.0,1,-2,1.0,0.0,2.0,-0.5,-1.17,-2.0,2.67
3932.0,0,2,1.0,-1.0,2.5,5.33,-0.32999999999999996,-1.67,-1.0
-2834.0,0,-2,-1.0,1.0,-2.0,-2.5,-3.5,-1.0,0.0
-3004.0,0,0,1.0,0.0,2.0,-3.67,0.6699999999999999,-2.75,-6.33
-289.0,0,0,1.0,-1.0,1.0,-1.0,-2.0,0.0,1.0
-11005.0,0,-2,1.0,3.0,-2.33,-2.5,-1.0,-3.75,-6.5
-1500.0,1,-2,0.0,-1.0,0.6699999999999999,-3.5,-2.33,2.0,1.3399999999999999
-5952.0,0,-2,0.0,1.0,-4.0,2.5,1.0,-2.5,-6.5
199.0,0,0,1.0,0.0,4.5,-7.5,-0.30000000000000004,1.0,1.0
2082.0,0,0,0.0,0.0,2.1,2.0,-1.0,4.5,3.5
-4954.0,0,-2,0.0,1.0,-0.67,-4.67,0.0,-2.67,-0.5
863.0,1,-2,-1.0,1.0,-1.27,0.5,2.0,-4.0,-0.33000000000000007
-1794.0,0,2,0.0,-1.0,-5.5,-6.0,-8.33,-1.0,-4.33
2190.0,1,0,1.0,0.0,1.0,-1.0,0.0,-1.75,-2.5
-2919.0,0,0,-2.0,0.0,-8.5,-5.0,-1.33,-2.5,4.75
-473.0,0,0,0.0,0.0,-0.92,2.17,2.5,3.0,5.5
-1964.0,0,0,2.0,1.0,-5.83,2.0,3.0,0.0,-0.5
-283.0,0,-2,0.0,0.0,-4.6,-8.33,0.25,0.0,-2.0
-5439.0,0,-2,0.0,1.0,-3.0,-1.67,-8.86,0.0,0.6699999999999999
3407.0,0,-2,-2.0,-2.0,-0.16999999999999993,-1.67,0.8300000000000001,0.6699999999999999,0.5
8232.0,1,0,-1.0,-1.0,1.3399999999999999,8.33,1.67,9.75,8.33
-9645.0,0,1,0.0,3.0,-3.33,-3.25,-2.5,-4.0,-2.67
5813.0,1,1,0.0,0.0,8.8,3.5,3.0,3.5,1.67
2216.0,1,2,-1.0,0.0,3.0,0.32999999999999996,-2.0,4.0,5.5
110.0,0,-2,1.0,0.0,-2.0,-0.5,-0.3999999999999999,-2.6,2.0
4201.0,1,0,-2.0,-1.0,-2.0,7.0,3.0,1.5,5.5
5779.0,0,-2,0.0,-2.0,4.67,4.4,-1.0,0.0,3.0
-2063.0,0,0,-1.0,0.0,-3.0,-0.5,0.5,-1.67,-6.67
-2785.0,0,2,1.0,0.0,1.17,-6.0,-2.17,-4.0,-4.0
471.0,1,0,2.0,1.0,1.0,0.0,-1.5,5.33,-4.6
2697.0,0,0,-2.0,-1.0,-6.75,5.0,0.0,8.4,1.3399999999999999
407.0,1,2,1.0,0.0,0.83,-6.5,-3.0,-4.5,-3.0
-425.0,1,-1,1.0,0.0,-2.0,0.8300000000000001,-1.5,-1.0,-4.0
-7675.0,0,-2,1.0,0.0,-0.83,-2.0,-4.0,-6.8,-3.0
4302.0,1,2,1.0,-1.0,-0.83,0.0,2.0,5.67,6.0
-8536.0,0,2,2.0,0.0,-2.67,-11.0,-6.5,-0.75,0.0
10055.0,1,-1,-1.0,-2.0,1.9,7.5,1.67,2.67,13.4
5159.0,1,2,-2.0,-1.0,1.5,2.0,2.0,3.5,5.5
3234.0,1,2,-1.0,-1.0,-0.32999999999999996,4.0,1.0,5.0,6.0
-2044.0,1,0,2.0,-1.0,-0.5,-2.0,0.6699999999999999,-3.0,-2.67
-4805.0,0,-1,2.0,1.0,-4.75,1.0,0.6699999999999999,-2.5,-1.0
-4955.0,1,0,0.0,1.0,0.16999999999999993,-2.0,-2.0,-6.6,-11.67
-1614.0,0,0,-2.0,-1.0,-6.0,0.6699999999999999,2.0,-0.5,2.75
-2216.0,0,-2,2.0,0.0,1.0,-1.5,2.0,4.67,1.75
-1110.0,1,-2,2.0,0.0,0.5,-4.5,-2.0,-1.08,-3.33
887.0,0,2,0.0,0.0,3.33,0.0,-1.0,-0.5800000000000001,0.0
-3722.0,1,-2,2.0,0.0,1.33,-7.0,-3.0,-3.4,-2.75
1119.0,1,2,0.0,0.0,1.5,1.0,-1.0,2.0,2.0
1079.0,1,2,-2.0,0.0,3.75,-2.0,0.0,0.0,-0.6699999999999999
10569.0,1,2,-2.0,-3.0,1.0,5.33,3.67,5.33,5.0
1688.0,1,0,-1.0,0.0,-2.33,-1.0,4.33,-1.0,-3.0
6765.0,1,0,-2.0,0.0,0.9199999999999999,5.8,1.0,8.83,10.5
-5957.0,0,2,0.0,1.0,-0.32999999999999996,-4.0,-1.5,-7.5,-7.0
-2453.0,0,2,0.0,1.0,-2.67,2.67,-0.5,-3.5,-2.67
-1322.0,1,-2,0.0,1.0,-4.0,1.0,-0.5,7.75,7.5
597.0,0,0,0.0,0.0,-0.19999999999999996,-1.5,1.0,2.0,-1.5
2923.0,1,0,-1.0,-1.0,-0.32999999999999996,-0.8300000000000001,-1.21,2.84,7.0
456.0,0,2,-2.0,0.0,-0.6699999999999999,-0.9,5.75,1.17,0.25
2548.0,1,0,0.0,-1.0,0.0,2.0,-1.0,-1.73,-5.0
-2729.0,1,-2,2.0,0.0,0.0,-0.8300000000000001,0.5,-1.25,-1.2
2302.0,1,0,0.0,0.0,-1.0,-4.0,-3.0,0.8300000000000001,4.0
3864.0,0,2,0.0,0.0,2.33,-1.5,1.4,4.33,0.5
2949.0,0,2,-1.0,0.0,-1.0,0.16999999999999993,1.0,3.5,-0.75
9703.0,1,1,0.0,-1.0,4.0,7.4,4.67,0.0,-2.0
-9460.0,0,-1,0.0,2.0,3.75,-2.0,-2.33,-6.33,-3.93
9968.0,1,2,0.0,-2.0,0.0,9.0,1.67,3.9,1.5
-5282.0,0,0,1.0,1.0,-4.75,-1.5,-5.0,2.5,2.0
-8391.0,0,-2,-1.0,2.0,2.67,-5.5,-0.6600000000000001,-5.0,-2.5
4361.0,1,2,0.0,0.0,-0.5,2.5,2.0,0.5,1.0
-918.0,0,-2,2.0,1.0,-0.83,2.0,-4.5,-1.33,1.53
1732.0,0,0,1.0,0.0,0.5,-4.0,2.0,1.5,2.2
-1605.0,0,2,0.0,-1.0,5.8,-2.0,-2.0,-3.5,-8.25
-2485.0,0,0,2.0,0.0,0.9199999999999999,4.0,5.0,-5.67,-6.0
439.0,1,2,1.0,0.0,2.1,1.0,-4.8,0.5,-1.0
-1020.0,0,1,-1.0,0.0,-0.83,3.0,2.0,-0.6699999999999999,-0.33999999999999986
-593.0,0,0,0.0,0.0,0.0,0.0,-0.5,-1.67,-3.0
-5448.0,0,-2,2.0,1.0,-1.5,-3.0,-3.33,-4.0,-6.0
5818.0,1,2,-1.0,-1.0,-2.0,6.0,2.0,1.0,1.5
2138.0,1,2,-2.0,-1.0,5.0,1.0,4.0,2.0,4.0
-5060.0,0,0,2.0,1.0,-6.0,-7.67,0.0,-3.0,-6.0
3985.0,1,2,1.0,0.0,-1.0,8.4,7.0,1.08,0.33000000000000007
-2817.0,0,0,-1.0,1.0,-2.0,-1.0,-1.0,-1.33,0.0
-3005.0,1,0,0.0,1.0,-1.75,5.33,-4.0,3.5,3.0
6132.0,1,2,0.0,-1.0,3.75,3.4,7.5,1.8,3.5
2602.0,1,0,-1.0,0.0,0.8300000000000001,7.8,-0.33000000000000007,-5.33,0.16999999999999993
-4034.0,1,0,1.0,1.0,0.5,-5.0,-3.0,-6.33,-2.75
-5054.0,0,0,1.0,1.0,-1.0,-1.08,-0.9,0.0,-1.0
-543.0,0,0,-1.0,0.0,1.33,1.0,-2.0,2.0,-1.5
2315.0,1,2,0.0,-1.0,-4.33,-1.0,3.75,1.0,-2.0
2134.0,0,0,0.0,0.0,0.0,3.0,-6.4,1.0,0.6699999999999999
4027.0,1,0,0.0,0.0,1.67,6.5,8.0,6.6,9.0
-3656.0,1,-2,2.0,1.0,6.67,-2.0,-3.8,-5.0,-6.33
1727.0,1,0,-2.0,0.0,6.0,4.5,7.75,0.0,1.0
8944.0,1,1,2.0,-2.0,9.0,6.5,2.0,0.33000000000000007,10.0
5859.0,1,2,-2.0,0.0,11.2,5.0,3.6,0.0,0.0
-6375.0,0,-2,2.0,1.0,-5.0,-3.33,-1.0,0.75,1.5
-6575.0,0,-2,0.0,1.0,-6.8,-5.2,0.6699999999999999,-1.0,-4.0
3844.0,1,0,1.0,-1.0,4.6,-0.75,0.0,-0.25,-1.67
3963.0,1,2,-2.0,-1.0,4.0,4.67,-0.5,4.0,5.33
-5160.0,0,-2,2.0,0.0,1.67,-6.0,-4.75,-3.0,-1.83
1730.0,1,-2,1.0,0.0,-1.5,1.0,3.0,2.5,2.0
4647.0,0,-2,2.0,-2.0,-4.5,-1.33,5.0,4.67,3.5
2008.0,0,2,-1.0,0.0,1.0,2.0,3.0,-0.75,-3.33
492.0,0,1,1.0,1.0,-0.16999999999999993,0.25,-1.0,-0.33000000000000007,-0.33000000000000007
-791.0,1,0,2.0,-1.0,-1.33,-6.5,0.8300000000000001,-2.0,0.16999999999999993
-2348.0,1,0,0.0,0.0,1.0,-3.27,-3.33,-2.0,-0.5
-4381.0,1,0,1.0,1.0,-0.33000000000000007,3.5,-5.0,-6.5,-2.2399999999999998
4703.0,1,0,-2.0,-1.0,-1.5,3.5,4.67,2.17,1.0
2278.0,1,2,2.0,-2.0,-1.33,-1.5,2.0,0.6699999999999999,-0.75
10186.0,1,1,0.0,-2.0,1.42,4.17,10.33,2.0,5.5
2497.0,1,0,-1.0,-1.0,2.1,1.83,3.5,0.5,2.0
-99.0,1,-2,1.0,0.0,-1.33,1.0,0.6699999999999999,10.6,2.67
-6750.0,0,-2,0.0,1.0,0.0,-7.0,-5.75,-2.9,0.5
8085.0,1,-1,-1.0,-1.0,1.33,4.0,-0.32999999999999996,6.6,10.33
2023.0,1,2,-2.0,0.0,-0.25,-1.5,0.0,1.0,-0.75
-1753.0,1,0,-1.0,0.0,-0.83,-3.33,0.6699999999999999,-3.5,-3.5
2471.0,1,2,-2.0,0.0,-2.67,5.33,0.33000000000000007,1.0,5.5
-4834.0,0,2,2.0,1.0,0.5800000000000001,-8.0,-6.0,-3.4,-0.25
1542.0,1,-2,2.0,0.0,4.25,-2.33,-1.67,-1.08,3.0
-2051.0,1,0,-1.0,0.0,-3.0,-5.8,1.0,-0.6699999999999999,3.5
578.0,1,0,-2.0,0.0,-0.3999999999999999,-3.33,2.0,3.33,10.25
9678.0,1,2,0.0,-1.0,-2.67,4.25,8.0,6.83,10.67
-58.0,0,2,-2.0,1.0,0.0,6.33,3.0,-4.0,-5.0
-5577.0,0,-2,2.0,2.0,-2.0,-0.6000000000000001,-6.2,0.5,-0.9199999999999999
5484.0,1,2,0.0,0.0,3.75,6.67,6.0,-1.0,0.0
1951.0,1,2,-1.0,-2.0,0.83,2.0,1.0,-0.33999999999999986,-3.0
5812.0,1,0,0.0,0.0,0.75,5.5,0.5,3.75,9.2
4166.0,0,0,-1.0,0.0,-3.0,2.33,-1.0,5.67,6.33
228.0,0,-1,0.0,0.0,0.0,1.0,-2.67,4.2,2.3
5241.0,1,0,0.0,0.0,1.6,2.75,5.0,2.0,7.25
-4439.0,0,2,2.0,1.0,1.5,-2.17,0.0,-11.5,-9.75
-1509.0,0,-2,2.0,0.0,-1.5,-0.5,3.0,-1.0,-0.5
-381.0,0,0,-1.0,1.0,-2.33,7.5,1.2,3.67,2.0
3965.0,0,2,1.0,0.0,4.75,9.0,7.0,1.0699999999999998,6.0
-3964.0,1,0,0.0,1.0,-1.5,0.0,3.0,-2.0,0.0
2855.0,0,-2,0.0,0.0,-0.5,3.5,1.4,2.25,-0.5
263.0,1,-2,2.0,0.0,-1.0,0.0,1.6,1.0,1.0
-9297.0,0,0,-1.0,2.0,-0.9199999999999999,-8.0,-5.0,-1.83,-8.0
-6911.0,0,-2,1.0,1.0,-3.0,-3.0,-2.0,-1.0,-2.25
6677.0,1,0,-2.0,-1.0,0.0,11.6,3.0,3.3,1.17
-7039.0,0,-1,1.0,1.0,-4.0,-3.5,-2.25,-3.25,-3.0
-2419.0,1,0,2.0,1.0,-0.1499999999999999,-1.0,-2.0,-4.0,-5.0
1905.0,0,0,1.0,0.0,1.0,-3.67,-0.8300000000000001,5.33,8.2
-69.0,1,0,0.0,0.0,-0.6699999999999999,2.33,1.0,2.8,-2.5
4277.0,0,2,2.0,0.0,-2.67,2.0,-3.5,3.75,7.0
1419.0,1,-2,-2.0,0.0,2.0,5.0,1.83,2.13,1.67
1182.0,1,0,0.0,0.0,-0.5,-2.67,-2.5,3.0,-1.0
1342.0,0,2,1.0,-1.0,-0.33000000000000007,3.83,0.5,1.15,7.0
7666.0,1,2,-1.0,0.0,2.0,9.75,2.33,5.0,7.0
-7591.0,0,-2,2.0,1.0,-9.0,-1.67,-2.1,-3.2,-3.0
702.0,1,2,2.0,0.0,6.0,5.5,0.5,-1.0,-3.67
-5111.0,0,1,-1.0,1.0,-6.0,-2.08,-1.25,0.0,-6.5
8631.0,1,2,-2.0,-1.0,2.75,8.0,4.6,4.67,6.5
6299.0,1,1,-1.0,-1.0,3.71,2.0,3.67,0.41999999999999993,-3.0
8155.0,1,2,-1.0,-1.0,2.5,4.5,-1.0,2.0,5.67
-6935.0,0,-2,2.0,4.0,1.17,-6.33,-1.0,0.0,2.0
-3691.0,0,-2,0.0,1.0,-5.0,-0.5,-1.0,-2.5,0.5
1601.0,1,2,0.0,0.0,0.0,4.0,1.0,-0.41999999999999993,1.17
-3015.0,0,-1,1.0,1.0,-5.8,-7.33,0.33000000000000007,-1.0,-3.0
-6683.0,0,-2,-1.0,0.0,-0.6000000000000001,1.5,-4.67,-2.5,-6.0
-6151.0,0,0,-1.0,0.0,-1.5,-2.5,-0.5,1.67,-6.5
2125.0,0,2,1.0,0.0,2.8,-0.5,-0.16999999999999993,1.4,1.5
-6738.0,0,-2,-1.0,1.0,1.58,-0.6699999999999999,-1.0,-3.25,-3.5
1549.0,0,0,1.0,-1.0,0.5800000000000001,0.0,-2.0,-2.0,-3.0
-847.0,1,0,-1.0,-1.0,-2.0,-3.5,-1.0,-3.0,-3.0
-3178.0,1,-2,-2.0,0.0,-0.25,-4.0,-6.0,0.5800000000000001,1.4
-5055.0,0,-1,1.0,2.0,0.8300000000000001,-4.0,-0.32999999999999996,-8.0,-8.33
10749.0,1,2,-2.0,-2.0,2.8,3.0,2.33,2.5,4.0
692.0,0,-1,1.0,0.0,0.9199999999999999,3.67,0.5,-7.25,-3.33
5446.0,1,2,-2.0,-1.0,0.0,2.0,2.0,2.0,3.0
-7213.0,0,-2,1.0,1.0,-6.0,-4.0,-11.0,-2.5,-2.33
2405.0,1,-1,0.0,0.0,0.0,-3.0,4.0,-4.0,-0.33999999999999986
5084.0,1,2,-2.0,0.0,1.0,8.25,1.67,-0.33000000000000007,0.25
2754.0,1,0,2.0,0.0,-0.41999999999999993,-8.0,0.25,0.5300000000000002,5.0
-1395.0,0,2,-1.0,-1.0,2.33,-7.33,-7.75,3.5,2.5
8531.0,1,2,-2.0,-2.0,0.83,0.75,2.43,8.0,9.25
-469.0,1,2,0.0,0.0,1.73,0.5,-3.0,1.5,-0.8300000000000001
5009.0,1,1,-1.0,-2.0,1.9,1.5,11.2,2.67,-6.0
147.0,1,0,1.0,-1.0,-2.67,-5.5,-1.0,2.0,2.5
-2104.0,0,2,-1.0,1.0,3.0,-2.5,3.0,-5.67,-4.67
-5099.0,1,2,0.0,2.0,-3.0,-2.0,0.6699999999999999,-5.4,-4.0
7410.0,1,2,-2.0,-2.0,-0.5,6.75,3.0,0.33999999999999986,1.58
-4521.0,0,0,1.0,0.0,2.67,-3.0,-1.4,-3.75,-2.0
3827.0,1,2,0.0,-2.0,0.5,0.5,2.25,1.0,0.0
4505.0,1,2,-2.0,-1.0,3.75,4.0,6.0,-2.5,4.5
-7468.0,0,1,2.0,2.0,-2.0,0.0,0.0,-5.5,-5.67
-1065.0,0,0,-1.0,1.0,-1.0,-0.5,-2.0,1.73,5.0
-3038.0,0,2,-1.0,1.0,0.33000000000000007,-2.8,-3.0,3.0,-5.71
-351.0,0,-1,2.0,0.0,0.0,3.0,-0.5,-2.4,-1.0
2589.0,0,2,1.0,0.0,3.0,3.0,-1.0,3.5,0.0
-444.0,0,0,1.0,1.0,-2.67,-0.33000000000000007,3.67,-0.25,1.5
754.0,1,1,1.0,0.0,-1.0,-3.5,-2.33,1.0,3.0
4768.0,1,2,-1.0,0.0,6.5,3.67,4.75,0.33999999999999986,3.5
-5203.0,0,-2,0.0,1.0,-3.75,-2.0,-2.0,-4.67,-0.5
1747.0,0,-2,1.0,0.0,-0.75,-6.0,2.0,0.0,2.5
1014.0,0,2,0.0,0.0,2.25,-0.5,0.0,1.0,-1.0
5297.0,1,1,0.0,0.0,3.0,0.0,3.5,3.5,8.67
-3834.0,0,0,-1.0,1.0,0.0,-2.0,-2.0,-2.5,-6.33
-4596.0,0,0,2.0,1.0,-2.0,-7.0,-1.5,-5.5,-8.0
3277.0,1,2,2.0,-1.0,-5.5,2.0,1.5,-1.0,-2.67
6766.0,1,2,0.0,-2.0,0.33000000000000007,3.5,2.67,1.0,0.0
2130.0,1,-2,0.0,0.0,-0.5800000000000001,3.0,3.5,0.41999999999999993,1.5
-3361.0,0,2,2.0,1.0,-1.5,-1.83,-7.25,-1.92,-9.5
-123.0,1,2,1.0,0.0,1.5,5.0,2.1,0.0,0.0
-3601.0,0,0,0.0,0.0,-1.0,-7.8,-0.16999999999999993,-0.25,-0.5
5388.0,1,2,-2.0,-1.0,0.0,3.5,1.0,3.25,6.0
-1227.0,1,2,1.0,0.0,-0.9199999999999999,-0.53,0.0,-6.1,0.0
-1493.0,0,0,2.0,0.0,5.0,-1.5,-1.25,-2.0,-3.5
11415.0,1,1,-2.0,-2.0,2.0,7.5,7.8,3.75,8.75
5776.0,1,2,-2.0,0.0,2.67,8.0,4.1,2.25,4.0
-5868.0,0,-2,0.0,0.0,-1.3399999999999999,-5.0,-4.75,-2.0,-3.0
4005.0,1,2,-1.0,-1.0,3.0,0.33000000000000007,1.75,0.3999999999999999,0.6699999999999999
1722.0,1,-2,1.0,0.0,-0.9999999999999999,0.08000000000000007,-2.5,7.5,8.0
-3640.0,1,-2,-1.0,0.0,-2.75,6.5,0.14,-0.37,3.25
-472.0,1,0,-1.0,0.0,-2.0,4.0,1.33,-3.0,0.75
4491.0,1,2,0.0,-3.0,1.0,-0.16999999999999993,1.0,3.5,2.34
-6122.0,0,-2,0.0,0.0,-5.0,-10.0,0.0,-5.0,-5.33
6792.0,1,2,-2.0,-2.0,0.75,6.25,7.0,3.0,3.33
3816.0,1,2,0.0,-2.0,2.5,-6.0,0.0,2.0,-4.5
-6362.0,0,0,1.0,0.0,-5.0,-7.0,0.5,-2.5,-2.0
7174.0,1,1,-2.0,-2.0,10.0,6.8,4.0,-0.5,0.5
-1083.0,0,-1,2.0,0.0,3.0,-3.0,-3.0,-2.0,0.5
551.0,0,2,2.0,-1.0,-1.5,-7.2,-2.75,-1.25,0.16999999999999993
4595.0,1,2,0.0,-1.0,7.0,6.6,-5.6,1.17,-0.75
-5165.0,0,2,2.0,0.0,-3.0,-1.42,-2.5,-3.5,-5.67
-223.0,0,0,0.0,0.0,4.75,2.0,1.58,-1.17,0.0
2694.0,0,0,2.0,-1.0,5.0,1.0,-2.1,3.0,1.0
-6327.0,0,0,-1.0,2.0,-4.5,-1.05,-2.8,0.3500000000000001,-1.0
-9057.0,0,-1,1.0,1.0,-2.5,-4.0,-1.8699999999999999,0.0,-7.75
-7688.0,0,1,0.0,0.0,0.5,-3.0,-7.5,-2.0,-6.25
-402.0,1,-1,1.0,0.0,0.0,0.8999999999999999,2.0,-2.6,-0.33000000000000007
81.0,1,-2,1.0,0.0,1.33,6.25,0.0,2.17,3.5
1769.0,0,2,0.0,0.0,-0.6699999999999999,-1.4,7.33,-1.0,1.25
355.0,1,2,-1.0,1.0,8.0,5.5,-1.0,-2.25,-1.17
-3335.0,1,0,0.0,1.0,-4.5,1.0,-1.0,2.0,-1.5
3524.0,1,2,1.0,0.0,0.33000000000000007,-0.5,0.0,4.0,4.0
6891.0,1,0,-2.0,-1.0,-0.66,6.5,10.6,5.0,8.25
10562.0,1,1,-2.0,-2.0,3.0,6.75,7.0,1.92,7.33
-8344.0,0,-1,0.0,1.0,-6.0,-4.25,-2.33,-5.75,-1.5
-3404.0,0,-2,-2.0,0.0,3.75,-3.25,-3.0,-7.0,-9.0
-2375.0,0,-2,2.0,1.0,-2.0,-6.83,2.0,-4.5,-3.33
-2122.0,0,-2,-1.0,0.0,-0.33000000000000007,-0.25,-4.5,-0.6699999999999999,-1.67
487.0,1,2,0.0,0.0,5.0,-2.0,-1.0,-5.0,-4.0
-261.0,0,-1,-1.0,0.0,0.0,-2.0,1.5,-0.41999999999999993,-1.17
-1243.0,0,-2,1.0,1.0,-1.25,5.0,2.0,-5.0,-4.5
-118.0,0,2,0.0,0.0,0.33000000000000007,7.2,0.5,1.83,6.67
4503.0,1,0,-1.0,0.0,1.0,8.0,0.0,1.75,8.17
5292.0,1,2,-2.0,0.0,5.0,2.5,4.67,6.8,2.5
4169.0,1,2,-1.0,-1.0,3.67,0.5,6.75,-2.0,-10.0
-2461.0,0,-2,0.0,1.0,-3.0,0.16999999999999993,4.5,-1.67,0.0
-6119.0,0,-2,0.0,2.0,2.5,-1.67,-3.25,-3.5,-11.5
1362.0,1,2,-1.0,0.0,0.0,4.0,3.67,-0.5,-1.0
971.0,1,-2,0.0,1.0,-4.67,-1.0,2.0,7.8,2.0
-2486.0,0,2,-1.0,0.0,-2.5,-0.8,4.0,-1.6,-4.67
-840.0,1,-2,-1.0,1.0,-1.0,-1.0,3.33,1.0,-2.0
-875.0,0,-2,2.0,-1.0,3.0,-1.0,-1.5,0.0,-1.0
-8550.0,0,-1,2.0,2.0,0.32999999999999996,-7.0,2.67,-6.0,-7.0
2071.0,1,0,-2.0,2.0,-0.5,-2.67,3.0,5.0,2.5
996.0,1,2,-1.0,0.0,-2.0,-0.6699999999999999,2.1,0.0,0.33000000000000007
-1455.0,0,0,1.0,0.0,-0.9199999999999999,-4.33,-4.0,-5.5,0.0
1912.0,1,0,1.0,0.0,-0.33000000000000007,-0.4,3.25,1.5,9.0
2667.0,1,2,-1.0,0.0,2.6,-3.5,0.0,2.0,0.0
3118.0,0,2,1.0,0.0,4.75,6.0,1.67,-1.47,-4.25
4096.0,1,-2,0.0,0.0,0.19999999999999996,1.5,3.67,5.67,8.5
4332.0,1,2,1.0,-1.0,-1.9000000000000001,3.2,4.0,0.40000000000000013,2.0
1693.0,1,2,1.0,-1.0,2.8,-3.0,0.75,-2.0,-1.0
146.0,0,-1,0.0,0.0,-0.5800000000000001,1.0,1.0,-8.4,0.5
4334.0,1,-1,-2.0,0.0,1.75,2.25,-2.0,1.33,-2.0
-7823.0,0,-2,0.0,1.0,-3.33,-7.25,-1.5,0.5,-5.0
-7881.0,0,-1,2.0,2.0,0.0,-3.33,-3.67,-8.6,-3.17
5561.0,1,2,-2.0,-1.0,0.0,2.27,4.67,3.75,-2.33
1416.0,1,2,1.0,-1.0,0.0,-2.5,1.17,0.16999999999999993,5.0
-2722.0,1,0,-1.0,1.0,-7.0,2.2,-3.5,1.42,-0.5
-3245.0,0,1,1.0,0.0,-1.5,-3.0,3.33,-2.5,-0.32999999999999996
3002.0,1,-2,1.0,1.0,0.5,-0.8300000000000001,2.5,1.0,7.5
87.0,1,2,1.0,0.0,6.0,-1.0,-0.66,-5.67,-5.5
-5439.0,0,-2,2.0,0.0,-4.0,-3.5,-1.5,0.0,-1.0
-3071.0,0,-2,2.0,1.0,0.5,-3.33,-2.33,0.0,-2.0
-2911.0,0,-2,1.0,0.0,-1.25,-1.0,0.0,-0.5,1.0
-5975.0,0,0,2.0,0.0,-3.0,-5.0,-4.0,-8.33,-2.67
2151.0,0,-2,2.0,0.0,1.5,-3.33,-5.25,1.5,3.33
-2478.0,0,0,1.0,1.0,-2.0,-1.0,1.0,-3.5,1.5
488.0,0,2,1.0,-1.0,1.5,-9.0,0.7,0.66,-1.5
3646.0,1,1,2.0,0.0,0.0,-0.5,1.25,2.5,6.67
5208.0,1,2,-2.0,-1.0,0.6699999999999999,5.0,4.33,4.33,5.5
9284.0,1,2,0.0,-3.0,8.0,3.0,-1.0,5.67,4.29
6611.0,1,2,-1.0,-1.0,0.0,9.0,0.75,6.67,7.33
5503.0,1,0,-1.0,-1.0,0.0,3.75,0.9199999999999999,4.0,7.0
10279.0,1,2,0.0,0.0,4.67,0.0,3.33,4.5,8.67
-1931.0,0,0,2.0,0.0,1.67,-5.75,4.75,-11.0,-11.67
5129.0,1,2,2.0,-1.0,1.6,1.42,-1.75,1.75,1.5
-6896.0,0,-1,1.0,2.0,-6.33,-5.0,-1.0,-1.0,-1.8
-3154.0,0,-2,1.0,0.0,0.0,-1.33,-0.5,0.0,-1.6
-1361.0,0,2,-1.0,0.0,0.83,-1.0,-2.5,-0.6699999999999999,-4.67
3530.0,1,2,-1.0,0.0,2.33,1.67,0.0,-0.5,1.0
-2292.0,0,2,-2.0,0.0,-1.5,-1.0,-1.0,-2.25,-1.0
11840.0,1,0,0.0,-3.0,0.92,4.0,11.5,5.7,14.0
-7980.0,0,1,2.0,0.0,-0.83,-9.0,-5.67,-3.1,-11.2
356.0,1,1,1.0,0.0,2.5,0.1499999999999999,-2.5,-5.0,0.6699999999999999
4031.0,1,2,-1.0,0.0,2.75,2.67,0.0,0.25,-0.5
1317.0,0,2,1.0,-1.0,3.67,-3.33,1.25,-3.75,-2.5
6388.0,1,1,-2.0,-1.0,-0.6699999999999999,9.33,5.5,7.67,5.5
2300.0,1,2,2.0,0.0,1.0,2.5,-3.33,1.5,1.35
-385.0,0,0,0.0,0.0,0.0,1.33,-1.0,-1.0,0.0
5829.0,1,2,1.0,0.0,1.0,5.0,5.67,6.0,7.75
4976.0,0,2,-2.0,-1.0,-0.9199999999999999,7.5,2.8,10.25,3.83
-8251.0,0,-2,0.0,1.0,1.5,-10.33,0.0,-6.6,-12.86
-3197.0,0,-2,0.0,2.0,-2.0,-3.5,-1.5,0.0,-1.0
-7123.0,0,1,1.0,0.0,-1.5,-3.5,-5.75,-2.75,-7.67
9140.0,1,2,-1.0,-2.0,6.33,1.86,-4.0,2.17,2.0
1115.0,1,2,-1.0,0.0,0.0,-1.0,-1.0,4.5,2.33
-8441.0,0,-2,-1.0,1.0,-1.67,-6.33,-2.57,-1.4,-5.9
-4886.0,0,-1,1.0,0.0,1.0,-2.0,-0.8,-3.0,-3.0
938.0,0,0,-2.0,0.0,-2.5,-2.0,5.0,0.32999999999999996,-1.0
1672.0,1,2,-1.0,0.0,1.57,6.0,2.83,-1.0,-1.0
1572.0,1,0,-2.0,0.0,-2.33,5.0,2.0,4.0,6.0
-6689.0,0,-1,1.0,0.0,1.5,-1.67,-2.3,-11.5,-12.6
-6976.0,0,-2,1.0,1.0,-1.5,1.0,-1.0,-8.0,-8.0
328.0,1,0,-2.0,0.0,0.0,1.67,-2.0,1.08,-1.5
2558.0,1,2,1.0,0.0,2.0,0.0,0.8,3.0,2.33
-649.0,0,-1,1.0,1.0,4.0,0.0,0.0,1.5,1.5
2956.0,0,2,0.0,-2.0,-1.0,4.5,2.5,2.5,1.5
1140.0,0,2,1.0,0.0,0.75,3.0,1.5,1.0,0.0
-3069.0,0,0,2.0,1.0,-3.1,-0.6699999999999999,-5.67,-1.33,-1.08
4981.0,1,-2,-1.0,0.0,4.67,7.2,3.0,6.75,5.5
-7443.0,0,-1,0.0,2.0,-0.83,-4.5,-9.33,-3.62,-6.5
-4107.0,0,-1,1.0,0.0,-6.83,-6.33,3.0,0.16999999999999993,-3.5
-7733.0,0,-1,1.0,1.0,-2.0,-2.75,-7.0,-4.33,-0.8300000000000001
2434.0,1,0,-2.0,0.0,-1.0,1.0,-0.5,4.33,4.0
-949.0,0,-2,2.0,1.0,1.17,-9.0,-9.75,-0.33000000000000007,-2.0
2746.0,1,2,2.0,-1.0,-1.33,3.0,0.8300000000000001,3.5,-0.16999999999999993
-9456.0,0,-2,-1.0,1.0,-1.5,-2.5,-5.0,-7.0,-8.33
503.0,1,2,0.0,0.0,2.33,1.0,-3.0,-1.0,-4.0
1628.0,0,2,2.0,-2.0,-1.5,-4.0,-2.5,-0.75,4.0
4704.0,1,2,-1.0,0.0,1.0,3.33,-0.8300000000000001,0.33000000000000007,0.0
12393.0,1,0,2.0,-3.0,3.4,4.6,5.1,9.67,11.0
8753.0,1,2,-1.0,-2.0,4.0,5.0,0.83,0.6699999999999999,2.27
6854.0,1,2,-2.0,0.0,2.0,-2.0,1.5,1.25,7.0
-6507.0,0,-2,2.0,0.0,-3.75,-8.25,1.75,-0.6699999999999999,-2.33
-3402.0,0,-2,1.0,1.0,3.0,0.5,-7.0,-4.67,-2.67
-714.0,0,2,-1.0,0.0,-3.0,-4.0,1.75,-2.0,-2.0
3590.0,1,2,0.0,0.0,1.67,3.67,-1.33,4.5,1.5
1658.0,0,0,1.0,0.0,0.5,-7.5,-1.0,-1.0,-2.75
-413.0,0,0,0.0,0.0,-0.5,-3.5,0.0,1.0,0.0
3054.0,0,1,1.0,-1.0,5.67,5.75,2.5,-2.0,1.0
-5270.0,0,-2,2.0,1.0,4.5,1.5,1.0,-4.5,-5.0
-12207.0,0,-1,2.0,3.0,-8.75,-3.87,-1.83,-3.5,-1.33
-3434.0,0,-2,2.0,0.0,-0.33000000000000007,-4.33,-7.75,-5.0,-2.0
7786.0,1,2,1.0,0.0,-1.5,9.0,4.0,6.33,9.4
4201.0,1,0,-2.0,-2.0,0.7300000000000001,5.67,7.0,0.0,2.0
-961.0,0,0,1.0,0.0,2.5,0.0,-0.44999999999999996,-0.5,1.5
-2012.0,0,2,1.0,1.0,5.0,-1.0,2.0,-1.5,-5.0
2348.0,0,0,1.0,0.0,3.75,6.5,1.0,2.0,0.0
2221.0,1,0,1.0,-1.0,1.25,-0.5,5.6,-1.5,2.67
6232.0,1,1,-2.0,0.0,4.75,-1.5,2.0,1.5,4.4
-8424.0,0,-2,2.0,1.0,-2.67,-2.5,-1.0,-6.67,-8.8
6930.0,1,1,-2.0,-1.0,5.0,4.67,5.0,4.0,5.5
-8831.0,0,-2,2.0,2.0,-1.17,-8.33,-8.75,-7.67,-7.67
2271.0,1,2,-1.0,0.0,-2.67,0.0,-3.25,5.0,1.5
-5797.0,0,-1,2.0,0.0,-2.67,-2.5,-0.6499999999999999,-9.67,-7.0
1370.0,0,2,1.0,-1.0,-3.25,-3.67,0.33000000000000007,1.5,8.33
-2369.0,1,-2,0.0,0.0,-3.67,2.5,0.5,0.0,5.0
-5151.0,0,0,1.0,0.0,-3.0,3.5,-0.27,-5.67,-4.0
4647.0,1,2,-1.0,0.0,1.1800000000000002,5.5,0.0,3.6,7.33
4045.0,1,0,-2.0,-1.0,10.0,7.5,0.5,7.67,1.5
12544.0,1,1,-1.0,-3.0,2.5,7.0,8.75,3.67,6.5
1972.0,1,-2,-2.0,0.0,-2.1,5.67,4.0,6.33,4.0
-2869.0,0,-2,2.0,1.0,0.5,1.0,4.0,-0.5,5.67
-7136.0,0,-2,2.0,1.0,-1.5,-9.5,-2.67,-2.75,-1.0
4702.0,1,2,-2.0,0.0,0.5,2.0,1.67,0.75,8.0
3351.0,1,0,0.0,-1.0,0.0,6.25,0.33000000000000007,1.5,1.67
-6774.0,0,-2,0.0,2.0,-5.8,-5.0,-4.25,-2.5,-1.33
2577.0,1,2,-2.0,-1.0,7.0,0.33000000000000007,2.25,-2.5,-4.0
2751.0,1,2,0.0,0.0,3.67,-1.0,2.0,-3.75,0.5
3834.0,1,2,-2.0,0.0,-1.5,4.0,1.0,4.0,3.5
7960.0,1,1,0.0,-2.0,14.33,1.83,6.75,1.92,10.5
-2410.0,0,1,-1.0,0.0,-2.5,-1.0,1.0,1.0,4.33
6104.0,1,2,-2.0,0.0,2.67,7.0,4.67,2.83,-1.0
3937.0,1,0,-2.0,0.0,0.0,4.5,4.0,4.0,7.0
721.0,1,2,-1.0,0.0,-4.67,-2.5,3.0,2.5,9.4
-1971.0,0,0,2.0,0.0,1.0,5.5,-4.5,1.33,-1.0
356.0,0,0,0.0,1.0,-10.86,1.0499999999999998,2.0,12.0,2.46
-1196.0,0,0,-1.0,0.0,-6.8,1.0,2.5,0.08000000000000007,1.0
2861.0,1,2,1.0,-1.0,1.5,-0.16999999999999993,6.0,0.33999999999999986,-0.8300000000000001
5233.0,1,1,0.0,-1.0,2.75,11.25,6.0,0.75,-0.33999999999999986
6655.0,1,2,-2.0,-1.0,1.75,4.3,7.67,5.33,4.5
4373.0,1,2,-1.0,0.0,0.6699999999999999,0.33000000000000007,4.67,0.5800000000000001,1.33
-7114.0,0,-2,2.0,1.0,1.33,-6.0,-5.5,-9.0,-7.0
-7694.0,0,-2,0.0,1.0,-1.0,-5.0,-3.5,-0.6699999999999999,-1.0
2364.0,0,0,-1.0,0.0,-0.5,-3.5,1.0,4.0,0.0
546.0,0,2,-1.0,0.0,3.5,1.5,4.67,-1.6600000000000001,-1.8
643.0,0,0,2.0,-1.0,3.8,-1.0,-0.75,0.0,-1.5
174.0,0,-2,0.0,0.0,-2.0,1.5,-4.0,7.0,2.2
5550.0,1,2,-2.0,-1.0,0.0,2.0,0.0,-1.0,1.5
-13084.0,0,-2,1.0,3.0,-5.0,-7.5,-4.33,-6.67,-2.5
-801.0,0,0,1.0,0.0,-1.0,-2.5,2.0,-5.75,-7.33
-4041.0,0,-2,2.0,1.0,0.16999999999999993,-2.0,-1.0,1.0,-0.5
-1883.0,0,0,2.0,0.0,2.0,-1.5,0.5,-0.5,-1.0
-79.0,0,-1,-2.0,1.0,-0.5,0.8300000000000001,-1.5,4.0,4.5
6751.0,1,0,-1.0,-1.0,3.75,6.25,3.33,3.5,3.5
3874.0,1,-2,-1.0,0.0,0.25,2.25,8.25,2.5,-0.25
3190.0,1,-1,-1.0,0.0,1.5,-2.5,5.0,2.33,1.0
3369.0,1,1,-1.0,0.0,-0.32999999999999996,3.0,3.67,-1.25,-2.5
-437.0,0,0,1.0,0.0,0.5,-0.33000000000000007,-2.0,-7.0,-7.0
4318.0,1,0,-1.0,-1.0,2.0,5.0,-1.5,3.6,7.5
769.0,0,-2,2.0,0.0,0.0,0.0,-2.33,6.0,5.0
13459.0,1,2,-1.0,-5.0,5.25,5.25,0.25,7.33,3.33
4962.0,1,2,-1.0,0.0,1.0,2.0,2.0,1.5,4.0
5817.0,1,2,-1.0,0.0,5.0,7.0,0.0,3.2,2.67
4312.0,1,2,1.0,0.0,3.3,3.33,-3.0,6.0,7.67
1912.0,1,0,1.0,0.0,-0.33000000000000007,-0.4,3.25,1.5,9.0
939.0,1,0,-1.0,1.0,1.0,1.5,1.67,5.75,1.0
-8222.0,0,-2,1.0,2.0,-3.5,-2.66,-1.75,-3.25,-9.25
-2100.0,1,2,-1.0,0.0,3.0,-4.0,-4.75,-3.5,-2.67
-1130.0,1,2,-2.0,1.0,-1.5,1.0,3.0,1.3399999999999999,1.0
12041.0,1,2,-1.0,-3.0,1.9,8.8,3.75,4.75,11.0
1068.0,1,2,-1.0,-1.0,0.0,-2.5,-0.6699999999999999,4.25,0.16999999999999993
4095.0,1,0,-2.0,0.0,0.8300000000000001,2.5,1.5,-1.5,4.0
4159.0,1,0,-2.0,0.0,-1.0,2.5,2.0,2.4,10.6
1644.0,1,0,-2.0,1.0,5.4,5.57,1.0,1.17,-4.25
142.0,1,0,-2.0,0.0,-1.0,4.0,2.67,0.0,-3.0
-5245.0,0,-2,2.0,1.0,2.5,-1.5,-7.0,-6.0,1.0
-5296.0,1,0,2.0,1.0,-2.83,1.0,-2.5,0.33000000000000007,-2.83
3425.0,1,2,-2.0,0.0,-1.0,4.0,4.1,3.7,0.0
-133.0,0,2,1.0,-1.0,-0.5800000000000001,-4.0,-4.0,1.25,1.25
-305.0,1,-2,0.0,1.0,-0.6699999999999999,0.5,1.0699999999999998,7.67,-1.5
3934.0,1,-2,0.0,0.0,4.75,2.0,6.5,-0.16999999999999993,7.2
1096.0,0,-2,0.0,-1.0,-2.0,0.0,4.0,-1.0,-2.0
-3886.0,0,0,1.0,0.0,0.33000000000000007,-2.5,-7.0,-2.5,-7.2
1992.0,1,2,-2.0,-1.0,-0.5,-0.5,3.67,7.67,0.33000000000000007
3472.0,1,2,0.0,0.0,-4.0,0.0,3.0,5.33,5.33
-2804.0,0,2,-1.0,0.0,-2.0,-3.67,-1.0,-2.17,-1.6600000000000001
-3574.0,0,-2,2.0,1.0,-3.0,-2.0,3.0,-3.0,-3.0
-3337.0,0,-2,2.0,0.0,-1.0,-7.0,-4.0,0.0,-2.25
4375.0,1,2,1.0,-1.0,0.16999999999999993,-0.5,-1.67,6.25,-0.5
3283.0,1,0,-2.0,0.0,-1.5,-1.5,-2.0,9.75,9.75
-7041.0,0,0,1.0,0.0,-4.67,-8.67,-2.67,-3.25,-10.33
5926.0,1,0,1.0,-1.0,2.0,3.0,1.0,6.5,3.25
3944.0,1,2,-1.0,-1.0,3.0,7.0,4.33,-0.25,6.0
-1524.0,0,-1,1.0,1.0,-0.33999999999999986,-0.83,0.0,0.0,-6.0
-4315.0,0,2,-1.0,2.0,2.0,1.5,-2.0,-0.16999999999999993,-4.29
-185.0,1,-2,2.0,1.0,-3.75,-9.67,-3.6,3.0,2.33
-3873.0,0,-2,2.0,0.0,2.67,-11.25,-7.0,-1.6600000000000001,-3.0
