gold_difference,team_win,herald_difference,dragon_difference,turret_difference,kda_difference_top,kda_difference_jungle,kda_difference_mid,kda_difference_ad,kda_difference_sp,score_lane,score_role
-4004.0,0,2,1.0,1.0,-5.6,-2.33,-2.33,0.73,-3.75,-2.0,1.0
2094.0,1,0,1.0,-1.0,0.5,0.0,0.0,-0.5,-3.0,-1.0,1.0
12243.0,1,2,-2.0,-5.0,9.25,1.33,4.25,4.0,5.75,0.0,-2.0
-5090.0,0,-1,-1.0,1.0,-2.6,1.0,0.5,-2.0,-2.75,2.0,1.0
-6455.0,0,0,2.0,1.0,-5.67,-6.5,-6.5,1.0,0.5,1.0,1.0
8733.0,1,1,-2.0,-2.0,2.0,5.5,5.0,2.83,2.0,0.0,0.0
3611.0,0,1,0.0,0.0,0.3299999999999999,-1.5,4.0,1.25,1.3,-1.0,-1.0
-5202.0,0,-2,1.0,1.0,-4.75,-5.0,1.0,2.5,3.0,-3.0,0.0
-5850.0,1,-2,0.0,1.0,-2.5,-6.0,-2.25,0.1699999999999999,-0.75,1.0,2.0
-1062.0,1,0,2.0,0.0,2.33,-1.5,-2.0,0.0,2.33,2.0,1.0
5236.0,1,2,0.0,-1.0,2.0,11.0,1.5,1.6,4.5,0.0,1.0
1976.0,1,0,1.0,0.0,-4.0,1.5,1.0,0.0,4.33,2.0,2.0
3029.0,0,2,0.0,0.0,2.67,2.0,7.0,3.0,-1.5,-1.0,2.0
-4727.0,0,1,2.0,1.0,2.7,-7.67,-3.38,-1.5,-1.0,0.0,0.0
-2079.0,0,0,0.0,0.0,2.0,1.17,-3.0,1.5,-1.33,-1.0,1.0
3943.0,0,2,-1.0,-1.0,-1.0,1.58,1.75,1.0,7.0,-1.0,1.0
-2237.0,1,-2,2.0,2.0,-2.0,-4.0,-1.67,-0.4199999999999999,0.8300000000000001,3.0,0.0
1557.0,1,0,-2.0,0.0,2.0,3.67,2.5,-4.0,-4.0,-1.0,0.0
1869.0,1,0,-2.0,1.0,0.33,5.8,9.0,0.6699999999999999,-1.33,-2.0,0.0
1434.0,1,-1,0.0,0.0,-2.5,-0.5,2.0,3.5,7.75,-1.0,-1.0
-2535.0,0,0,1.0,0.0,-2.0,-2.0,-0.33,0.0,1.0,-1.0,-1.0
-631.0,1,-2,0.0,-1.0,1.73,7.0,2.0,1.5,2.33,0.0,0.0
2903.0,1,2,-2.0,-1.0,-3.0,-2.5,0.5,1.0,0.0,0.0,0.0
-189.0,1,0,1.0,-1.0,-1.0,2.5,1.47,-6.0,-6.33,0.0,0.0
84.0,0,0,0.0,0.0,-0.83,10.75,1.34,-1.75,-2.0,0.0,-1.0
-351.0,0,0,1.0,0.0,-1.0,3.0,0.83,3.0,4.2,-1.0,-1.0
349.0,0,2,0.0,0.0,1.0,0.75,0.1699999999999999,-7.0,-6.5,0.0,0.0
-8687.0,0,0,0.0,0.0,-1.9,-9.33,-7.0,-2.47,-1.67,1.0,-2.0
-6778.0,0,0,1.0,1.0,-1.83,-3.0,-2.8,0.0,0.0,0.0,0.0
461.0,1,0,-1.0,-1.0,6.8,-5.33,-1.5,1.0,2.67,0.0,2.0
-1194.0,0,2,-2.0,0.0,1.0,0.0,0.0,-3.0,-4.0,-2.0,0.0
1879.0,0,2,-1.0,1.0,3.0,3.5,4.0,2.67,3.0,1.0,1.0
-2859.0,0,-2,-1.0,0.0,-0.83,-4.0,-4.0,-2.0,-3.0,1.0,1.0
3529.0,1,0,0.0,-1.0,1.83,4.0,1.83,-4.5,1.0,1.0,0.0
1224.0,0,0,-1.0,0.0,1.0,-5.0,3.0,1.0,-3.0,1.0,0.0
-6279.0,0,0,1.0,2.0,0.0,1.17,-2.5,-0.5,-8.6,1.0,0.0
-1967.0,1,-1,1.0,0.0,0.0,-5.25,3.0,2.67,1.0,-5.0,0.0
-16990.0,0,1,2.0,5.0,-5.43,-12.6,-10.67,-5.0,-4.17,0.0,0.0
1601.0,1,2,0.0,0.0,0.0,4.0,1.0,-0.4199999999999999,1.17,0.0,1.0
-2817.0,0,0,-1.0,1.0,-2.0,-1.0,-1.0,-1.33,0.0,-1.0,1.0
5027.0,1,2,1.0,-2.0,4.0,-2.0,1.5,2.5,4.67,1.0,-1.0
7341.0,1,-1,-1.0,-2.0,1.33,0.5,1.33,3.33,1.0,-2.0,0.0
-3806.0,0,1,1.0,0.0,2.5,-1.33,-2.0,-0.67,-3.25,-3.0,0.0
2158.0,0,0,2.0,1.0,3.5,2.33,0.0,2.67,-2.0,0.0,-1.0
1392.0,1,0,1.0,0.0,-4.4,1.0,8.0,-0.92,2.0,-1.0,0.0
-3964.0,1,0,0.0,1.0,-1.5,0.0,3.0,-2.0,0.0,2.0,1.0
3117.0,1,2,2.0,0.0,0.83,0.25,0.8300000000000001,3.5,3.25,2.0,-1.0
-2629.0,1,0,0.0,0.0,-0.33,-0.1699999999999999,-4.33,-4.0,-5.0,1.0,1.0
-3941.0,0,0,-1.0,2.0,2.17,1.25,1.0,1.5,0.1699999999999999,0.0,-2.0
-3251.0,0,-1,1.0,0.0,-2.67,-5.0,-6.0,3.33,0.5,1.0,0.0
125.0,0,0,0.0,0.0,-3.0,-2.67,-2.67,7.25,1.42,-1.0,0.0
-11554.0,0,-1,0.0,2.0,-0.66,-2.67,-6.0,-9.67,-11.5,-1.0,-2.0
7633.0,1,2,-2.0,-1.0,3.0,6.0,4.5,12.0,5.6,-1.0,1.0
3049.0,0,2,1.0,0.0,0.0,0.0,2.0,2.5,2.67,-1.0,0.0
-574.0,0,0,1.0,0.0,1.0,-3.0,-2.0,1.33,2.25,1.0,0.0
5181.0,1,-1,2.0,-1.0,6.5,3.25,0.0,0.0,2.0,0.0,0.0
1399.0,1,0,1.0,-1.0,3.67,-3.0,-2.17,6.75,5.5,0.0,1.0
1148.0,1,2,0.0,-1.0,3.8,11.33,-8.67,7.8,-2.33,0.0,1.0
-6757.0,0,-2,1.0,1.0,-1.93,-3.5,-2.5,-2.25,-4.5,0.0,-1.0
2786.0,0,2,-1.0,0.0,-1.33,9.0,3.5,-1.93,-3.7,-3.0,-2.0
2824.0,1,-2,2.0,0.0,-1.27,3.0,3.0,0.5,3.0,1.0,0.0
-4373.0,0,-2,2.0,0.0,-0.5800000000000001,-7.5,-3.33,3.75,-1.0,0.0,1.0
4936.0,1,1,-2.0,-1.0,1.5,4.25,10.0,-1.92,1.0,2.0,0.0
-68.0,0,0,1.0,0.0,-1.5,-4.67,2.67,1.17,0.33,-2.0,1.0
-1243.0,0,-2,1.0,1.0,-1.25,5.0,2.0,-5.0,-4.5,-1.0,0.0
-9035.0,0,-1,1.0,2.0,0.5,-1.25,-3.8,-5.0,-4.4,0.0,0.0
-7129.0,0,0,0.0,0.0,0.0,-5.0,-3.0,-8.75,-1.17,2.0,1.0
11334.0,1,1,-1.0,-2.0,3.0,10.33,6.8,1.0,11.67,0.0,2.0
-5545.0,0,-2,1.0,2.0,-1.5,-5.0,0.0,-3.27,-4.75,0.0,0.0
-8822.0,0,-2,1.0,2.0,0.0,-5.5,-1.33,-1.0,-1.5,4.0,0.0
9274.0,1,2,-1.0,-2.0,2.0,0.33,2.33,2.75,0.75,-1.0,-1.0
49.0,0,0,-1.0,0.0,-1.0,6.0,-4.0,3.0,2.27,0.0,-2.0
2928.0,0,0,-1.0,-1.0,-1.2,5.8,1.0,5.0,7.0,-1.0,0.0
-5195.0,0,-2,1.0,1.0,-2.0,-1.67,-2.68,1.17,0.3500000000000001,0.0,1.0
-2050.0,0,2,-1.0,-1.0,0.83,-2.0,2.0,-4.29,-0.05,2.0,-1.0
7940.0,1,2,0.0,-1.0,3.5,4.0,0.8300000000000001,11.4,8.0,1.0,-1.0
-7106.0,1,-2,1.0,2.0,-0.3399999999999998,-10.12,-1.0,-5.5,-1.85,1.0,0.0
-4210.0,0,-2,0.0,1.0,1.47,-3.27,0.5800000000000001,-1.75,-1.83,-2.0,0.0
-482.0,0,0,0.0,0.0,4.0,-2.0,1.33,-3.25,-6.5,1.0,0.0
-3835.0,1,2,1.0,1.0,2.0,-2.5,1.0,-4.0,-4.5,0.0,0.0
-8702.0,0,-1,1.0,1.0,-3.0,-8.0,-2.2,-5.3,-0.8300000000000001,-1.0,-1.0
2409.0,1,-1,-1.0,1.0,-0.6699999999999999,6.0,1.5,7.0,3.5,1.0,0.0
-1806.0,1,2,-2.0,-1.0,0.5800000000000001,-2.0,-0.5,2.0,-6.25,-2.0,-1.0
1581.0,1,-2,0.0,0.0,-0.6699999999999999,1.67,6.33,3.0,5.0,-2.0,2.0
4308.0,1,2,-1.0,-2.0,2.67,1.5,4.67,0.47,0.0,1.0,0.0
-6627.0,0,-2,0.0,0.0,-3.67,-4.8,-1.5,1.67,4.0,2.0,1.0
-5462.0,0,-2,1.0,1.0,-1.67,-4.5,0.0,0.5,-3.67,-1.0,-1.0
1949.0,0,0,-2.0,0.0,0.3299999999999999,10.0,-0.75,2.67,4.5,1.0,1.0
2121.0,1,2,-1.0,-1.0,0.53,-2.0,-4.0,0.0,-4.0,0.0,1.0
-2797.0,1,0,0.0,0.0,-4.0,-3.0,-4.0,-2.5,-4.0,1.0,1.0
5016.0,1,0,1.0,-2.0,-2.0,2.5,-2.1,1.25,1.33,-1.0,-2.0
1598.0,1,0,0.0,0.0,2.0,0.0,2.67,1.0,-0.1699999999999999,-1.0,1.0
-415.0,0,-2,2.0,0.0,-4.0,4.0,0.0,-1.33,-2.0,-3.0,0.0
6829.0,1,2,0.0,0.0,1.58,2.67,4.5,2.07,2.73,2.0,0.0
-3763.0,0,-2,1.0,0.0,-3.0,-6.0,-2.0,-1.67,-5.0,-1.0,0.0
6691.0,1,-1,-1.0,-1.0,-1.5,9.0,2.29,-0.1699999999999999,3.42,-2.0,0.0
2993.0,1,0,-1.0,0.0,1.0,3.0,1.83,2.33,2.33,-1.0,-1.0
4346.0,1,2,1.0,-2.0,1.5,0.5,-1.0,1.0,1.0,0.0,-2.0
3000.0,1,2,-2.0,-2.0,-3.0,4.67,2.5,1.17,5.5,0.0,-2.0
1981.0,1,-1,1.0,-1.0,10.0,0.1699999999999999,-6.5,1.0,1.0,-1.0,-1.0
1607.0,1,-2,2.0,0.0,-0.92,0.3299999999999999,1.5,4.0,5.0,-2.0,0.0
-1187.0,1,0,-1.0,0.0,0.6699999999999999,-3.0,-4.0,3.33,-2.5,2.0,0.0
-432.0,0,-2,1.0,0.0,0.17,-2.33,-1.5,0.92,-0.6600000000000001,0.0,1.0
-2342.0,0,-2,0.0,1.0,0.27,4.0,0.5,-1.5,0.0,2.0,1.0
5362.0,1,1,1.0,-1.0,-2.0,6.0,-1.5,6.5,7.75,1.0,0.0
681.0,1,2,-2.0,0.0,1.0,3.5,1.0,2.5,-2.0,0.0,0.0
-4597.0,0,-2,-1.0,0.0,0.5,0.0,-2.67,-3.0,-4.0,-1.0,0.0
-482.0,1,2,-1.0,-1.0,0.25,7.0,3.5,-7.5,-7.0,0.0,-2.0
4716.0,1,2,0.0,-1.0,6.67,4.0,3.0,0.0,1.0,0.0,-2.0
4558.0,1,0,2.0,0.0,1.5,9.0,-1.0,1.3,0.6000000000000001,-1.0,2.0
6761.0,1,-2,-2.0,-1.0,4.33,3.1,3.5,1.58,6.75,-1.0,-1.0
-6176.0,0,-1,2.0,2.0,-6.0,-11.0,-3.0,0.25,0.1999999999999999,-1.0,0.0
2518.0,1,2,0.0,0.0,3.33,0.66,1.0,-3.5,0.0,2.0,-1.0
5816.0,1,0,-2.0,-1.0,0.5,0.0,0.0,11.2,3.33,-1.0,0.0
6554.0,1,2,1.0,-1.0,3.0,5.5,1.0,-2.67,0.6699999999999999,-1.0,0.0
3664.0,1,0,-1.0,-2.0,1.08,-1.17,-1.83,8.0,7.0,2.0,1.0
-4732.0,1,-1,2.0,0.0,-2.0,1.25,1.75,0.8,-2.0,0.0,2.0
8479.0,1,2,-2.0,-2.0,5.0,5.67,1.5,7.75,5.5,-3.0,-2.0
-4644.0,0,-2,2.0,1.0,1.0,-1.67,-1.0,-1.33,1.0,-1.0,-2.0
-971.0,0,0,2.0,-1.0,0.33,1.0,0.0,-1.75,-0.75,0.0,2.0
-507.0,0,1,0.0,0.0,-0.6699999999999999,-2.83,1.0,0.92,-1.25,-2.0,1.0
4731.0,1,2,-1.0,-1.0,7.83,1.33,-5.6,1.0,0.0,1.0,1.0
938.0,1,0,2.0,0.0,2.0,3.5,-2.0,-1.0,-2.0,0.0,-1.0
-1151.0,0,2,1.0,-1.0,4.0,-2.0,0.75,-4.33,-5.0,0.0,2.0
-34.0,1,1,1.0,0.0,3.4,2.33,1.0,-5.0,-9.25,-1.0,0.0
-1557.0,0,2,0.0,1.0,-2.67,0.6000000000000001,-2.0,0.25,5.8,1.0,2.0
-689.0,1,1,-2.0,-1.0,-0.5,-2.0,-1.33,1.67,3.0,3.0,1.0
2835.0,1,-1,-2.0,0.0,1.0,1.87,-4.5,1.93,0.3999999999999999,0.0,-1.0
-9688.0,0,-2,1.0,2.0,-1.71,-5.8,-9.67,-2.93,-4.0,-5.0,-1.0
2643.0,1,0,1.0,-1.0,-3.33,-0.5,-2.67,7.5,7.5,-2.0,0.0
-4302.0,0,0,1.0,0.0,0.0,2.25,-1.33,0.5,-1.86,0.0,1.0
-69.0,1,0,0.0,0.0,-0.6699999999999999,2.33,1.0,2.8,-2.5,0.0,1.0
-2704.0,1,-2,0.0,1.0,-1.0,-3.5,-0.6699999999999999,-6.0,-4.5,2.0,0.0
9239.0,1,2,-1.0,-5.0,-3.67,1.67,3.83,2.17,7.33,-1.0,0.0
392.0,0,0,1.0,0.0,0.0,-4.67,2.0,1.4,0.25,-1.0,2.0
10519.0,1,2,-2.0,-2.0,3.5,6.67,2.75,10.0,8.75,2.0,0.0
-5363.0,0,-2,-1.0,2.0,-5.0,-2.25,-8.5,-1.5,1.25,1.0,0.0
2125.0,1,0,0.0,1.0,1.5,0.5,-2.5,6.5,5.0,-1.0,-1.0
1636.0,1,2,2.0,-1.0,-1.58,6.0,0.17,3.9,-1.9,2.0,0.0
6130.0,1,2,0.0,0.0,1.5,3.5,0.6699999999999999,1.5,1.47,1.0,1.0
-1922.0,0,0,1.0,0.0,1.17,3.33,-4.33,-3.5,-4.67,-1.0,-1.0
2397.0,1,0,-1.0,-1.0,1.33,4.5,2.0,-1.0,-2.3,3.0,1.0
1636.0,0,-1,1.0,0.0,4.75,3.0,-3.0,-0.25,0.5,-1.0,-1.0
3242.0,1,0,1.0,-1.0,2.0,3.0,-2.67,-4.0,-4.0,-2.0,-1.0
-606.0,0,-1,-1.0,0.0,0.0,-1.0,-1.0,1.0,3.5,1.0,0.0
2729.0,1,1,-1.0,0.0,0.7,2.33,1.33,6.33,6.33,-1.0,-2.0
-242.0,0,0,1.0,0.0,-0.5,0.6699999999999999,0.8300000000000001,-2.3,2.5,-3.0,-1.0
-815.0,1,2,1.0,0.0,-1.5,-4.5,1.5,0.1699999999999999,-0.3399999999999998,2.0,0.0
-1007.0,0,2,0.0,0.0,0.6699999999999999,-0.5,-6.5,-9.25,-1.47,3.0,0.0
3133.0,1,0,2.0,0.0,1.0,1.5,0.75,7.33,0.1699999999999999,2.0,-1.0
-4811.0,0,2,1.0,1.0,1.0,-1.5,0.5,1.5,-8.0,0.0,2.0
-6240.0,1,-1,-2.0,1.0,-6.0,-1.0699999999999998,-1.5,-3.6,-8.0,0.0,-1.0
-79.0,0,-1,-2.0,1.0,-0.5,0.8300000000000001,-1.5,4.0,4.5,2.0,-1.0
5192.0,1,0,-1.0,0.0,1.0699999999999998,3.75,0.5,1.0,4.0,-2.0,0.0
1885.0,1,0,-1.0,-1.0,-1.33,1.25,-3.2,5.5,2.33,-2.0,-1.0
-964.0,1,-2,1.0,0.0,-2.67,-0.33,-5.0,0.0,-4.0,-1.0,1.0
-1484.0,1,2,1.0,-1.0,1.0,0.0,1.0,-9.0,-8.0,0.0,1.0
1377.0,0,0,-1.0,-2.0,-1.67,-3.5,-7.33,4.67,-0.33,1.0,0.0
-1455.0,0,0,1.0,0.0,-0.92,-4.33,-4.0,-5.5,0.0,-2.0,0.0
-4586.0,0,-2,-1.0,1.0,-1.0,2.0,-0.6699999999999999,-2.4,0.0,-1.0,-2.0
1885.0,1,-2,1.0,0.0,0.83,8.5,5.0,3.0,8.0,-1.0,1.0
11727.0,1,2,-1.0,-1.0,4.67,10.67,8.5,-0.33,11.25,0.0,-1.0
252.0,0,2,1.0,0.0,-2.75,2.33,-3.5,0.8,9.0,0.0,0.0
6789.0,1,2,-1.0,0.0,1.5,3.0,-1.83,6.0,2.33,1.0,0.0
-841.0,1,-1,2.0,1.0,0.0,4.67,0.5,-1.5,-2.0,1.0,-1.0
5645.0,1,1,1.0,0.0,2.0,3.0,0.0,1.0,-0.33,1.0,1.0
-492.0,1,0,1.0,1.0,-0.75,-7.0,-4.0,2.5,-3.5,1.0,0.0
-6954.0,0,-1,1.0,0.0,-4.83,-11.33,-0.33,-1.13,0.0699999999999998,-2.0,-1.0
-1148.0,1,0,-1.0,0.0,-2.0,-1.5,-0.1699999999999999,-5.5,-3.0,1.0,0.0
5265.0,1,2,-1.0,-1.0,0.5,3.0,-0.5,6.75,5.5,2.0,-2.0
-4263.0,0,-2,2.0,1.0,2.33,-0.75,-4.0,1.5,2.0,0.0,2.0
-4085.0,0,-2,-2.0,1.0,-2.25,-2.0,8.0,0.33,0.33,2.0,1.0
-2410.0,0,1,-1.0,0.0,-2.5,-1.0,1.0,1.0,4.33,1.0,0.0
-12915.0,0,-1,1.0,3.0,-1.0,-3.47,-5.8,-5.5,-10.0,-1.0,0.0
-625.0,1,2,1.0,0.0,-1.4,-3.5,3.33,-3.33,0.0,1.0,1.0
240.0,1,2,1.0,-1.0,-0.92,3.67,2.67,-1.15,-3.0,-1.0,-1.0
-6366.0,0,0,2.0,0.0,-1.0,-6.0,-3.0,-6.67,-8.5,2.0,0.0
13120.0,1,1,0.0,-3.0,8.0,4.9,5.5,3.5,4.17,-1.0,-1.0
1122.0,1,2,-2.0,-1.0,0.5,2.0,-1.84,-3.0,-2.5,1.0,-1.0
-2930.0,0,0,1.0,0.0,-1.0,-3.5,-2.0,-5.0,-5.0,1.0,1.0
-1160.0,0,2,1.0,0.0,0.0,-4.75,-2.0,-1.17,-7.5,1.0,0.0
565.0,0,1,1.0,0.0,2.0,-3.5,-6.5,-5.5,0.33,0.0,-1.0
-1264.0,1,-2,0.0,1.0,-0.65,5.0,2.25,-1.5,0.0,-1.0,1.0
-4052.0,0,-1,2.0,1.0,4.0,-3.5,-1.5,-4.0,-3.33,2.0,0.0
665.0,1,0,1.0,0.0,4.67,-1.33,2.0,-1.17,2.0,-2.0,0.0
-14210.0,0,-1,0.0,6.0,1.0,-10.83,-4.75,-9.0,-10.0,-1.0,-1.0
3546.0,1,1,1.0,0.0,2.33,0.6600000000000001,3.33,1.5,4.33,2.0,1.0
914.0,0,0,2.0,0.0,-4.0,0.33,5.25,2.2,4.25,3.0,1.0
3080.0,1,1,-2.0,1.0,-0.83,7.5,9.75,8.67,7.67,-1.0,1.0
-2180.0,0,-2,1.0,0.0,-2.5,0.75,0.0,-4.5,-0.33,1.0,1.0
-2505.0,1,0,2.0,1.0,3.0,-3.0,0.5,-10.2,-1.33,0.0,1.0
-7723.0,0,-2,1.0,2.0,-6.8,-7.0,-2.33,-6.33,-6.5,1.0,0.0
-1329.0,1,-2,1.0,1.0,-0.33,1.0,-3.0,-0.6699999999999999,3.0,1.0,1.0
-2756.0,0,-2,1.0,1.0,-1.0,-8.33,1.0,-1.0,-2.0,0.0,0.0
-3494.0,1,-1,-1.0,0.0,-8.0,-4.33,-6.6,0.25,4.33,1.0,0.0
-4475.0,0,0,0.0,1.0,-7.0,0.0,1.0,1.5,-1.0,2.0,1.0
7914.0,1,1,-2.0,0.0,0.0,8.0,7.0,6.5,8.4,-1.0,-1.0
-2593.0,0,0,0.0,1.0,0.0,0.0,0.33,-4.67,-1.5,1.0,1.0
-9901.0,0,0,0.0,3.0,-4.0,-6.5,-11.67,-4.83,-11.8,-2.0,-2.0
-2225.0,0,0,1.0,-1.0,3.0,0.0,-3.67,-6.0,-5.0,2.0,0.0
-10540.0,0,1,-1.0,1.0,-1.0,-3.8,-13.5,-14.57,-15.5,0.0,-1.0
487.0,1,0,2.0,0.0,-0.5,-0.25,-1.33,-0.6699999999999999,3.0,-2.0,0.0
-727.0,1,2,1.0,0.0,-0.5,0.0,-1.5,-1.33,0.5,-2.0,0.0
-1952.0,0,-2,-1.0,-1.0,-0.5,1.25,-2.75,2.0,5.5,-1.0,0.0
-3018.0,0,-2,0.0,0.0,0.0,-8.67,-3.1,-3.67,-3.0,-2.0,0.0
-10787.0,0,0,0.0,1.0,-1.0,-7.4,-9.75,-5.0,-4.0,1.0,2.0
-4619.0,1,-1,1.0,0.0,-0.33,-5.0,1.5,-1.67,-1.0,0.0,1.0
4027.0,1,0,0.0,0.0,1.67,6.5,8.0,6.6,9.0,-1.0,0.0
12568.0,1,2,-2.0,-3.0,5.0,11.5,0.25,2.5,5.44,-1.0,1.0
-3126.0,1,2,1.0,0.0,0.33,-4.5,-0.25,-1.0,-3.75,1.0,-1.0
3662.0,1,1,-2.0,0.0,2.0,5.0,1.0,2.0,2.67,-2.0,1.0
-1006.0,0,-1,1.0,0.0,-4.0,-4.25,1.67,-1.42,-4.5,3.0,2.0
-2068.0,1,2,2.0,0.0,5.0,-2.25,-4.0,-2.47,-0.5,2.0,-1.0
2235.0,1,0,-1.0,0.0,-4.5,-2.5,-2.0,-3.5,-2.67,-1.0,0.0
6685.0,1,2,-1.0,0.0,7.8,5.0,-0.25,1.25,8.75,0.0,1.0
-2318.0,0,-2,2.0,0.0,3.0,-0.83,1.5,-5.5,-5.5,-1.0,1.0
4167.0,0,0,1.0,0.0,3.5,7.0,10.33,1.17,-0.8300000000000001,-2.0,0.0
-5412.0,0,-1,2.0,0.0,-1.0,-4.5,-1.0,-3.0,-7.0,2.0,0.0
-2302.0,0,-2,1.0,1.0,-2.0,0.5,3.5,0.1699999999999999,0.0,-1.0,-1.0
13053.0,1,1,0.0,-3.0,2.9,4.8,4.83,19.38,8.5,-1.0,0.0
4357.0,1,2,1.0,-1.0,0.0,0.7,3.0,2.0,0.0,0.0,-1.0
-3555.0,0,-2,2.0,0.0,-3.4,-3.0,4.25,-4.0,-4.0,-1.0,2.0
1779.0,1,2,2.0,-1.0,4.0,3.0,0.5,-8.5,-3.8,1.0,2.0
1642.0,0,1,-2.0,-1.0,0.5,-0.5,0.33,8.8,5.0,1.0,-1.0
-328.0,0,0,2.0,0.0,2.0,-8.25,-0.33,-0.25,-7.0,-1.0,1.0
1735.0,0,0,1.0,0.0,-1.0,3.0,-1.83,-1.27,0.2999999999999998,1.0,0.0
4018.0,1,0,-1.0,0.0,0.5,3.0,1.5,5.0,9.0,-2.0,0.0
-4587.0,0,-2,-1.0,2.0,-5.5,-1.6,0.25,0.0,-3.0,1.0,0.0
6685.0,1,2,-1.0,0.0,7.8,5.0,-0.25,1.25,8.75,0.0,1.0
-2879.0,1,0,1.0,1.0,-5.6,-0.25,2.0,0.0,2.25,-1.0,0.0
-631.0,1,1,1.0,0.0,-2.0,-1.0,1.67,-3.5,1.5,2.0,0.0
-5318.0,0,0,1.0,0.0,-2.0,-9.5,-4.0,-7.0,-2.71,0.0,0.0
-2669.0,0,0,1.0,1.0,-0.5,-2.0,0.5,-0.75,-2.83,0.0,-1.0
-1625.0,0,0,0.0,-1.0,0.0,2.0,-6.33,2.5,2.93,0.0,0.0
3076.0,1,1,-1.0,0.0,1.83,3.53,6.4,-2.67,6.25,2.0,-1.0
-3807.0,1,0,1.0,0.0,-1.0,-0.25,4.0,-5.0,-7.67,-1.0,0.0
-4022.0,0,-2,0.0,1.0,1.5,-0.6699999999999999,2.17,-3.33,0.0,0.0,0.0
2746.0,1,2,2.0,-1.0,-1.33,3.0,0.8300000000000001,3.5,-0.1699999999999999,1.0,1.0
-5421.0,0,-2,1.0,1.0,-1.5,-2.0,-7.0,0.3399999999999998,0.33,0.0,0.0
-2023.0,0,-2,2.0,1.0,0.0,-4.0,-2.75,2.0,-4.0,0.0,0.0
-4003.0,0,0,1.0,1.0,0.0,-6.0,-1.25,-0.25,-1.0,-3.0,-2.0
-4584.0,0,0,-1.0,2.0,2.0,0.0,4.0,0.5,-1.33,1.0,1.0
153.0,0,0,2.0,0.0,0.0,3.0,-1.0,4.67,0.1699999999999999,-1.0,-1.0
1469.0,1,0,0.0,-1.0,-0.83,-1.0,2.5,-0.75,0.6000000000000001,-2.0,-2.0
5209.0,1,0,1.0,-1.0,-3.0,0.0,3.4,10.67,6.0,-1.0,0.0
529.0,0,0,-1.0,1.0,-0.83,-2.33,5.2,0.0,-0.4199999999999999,0.0,-1.0
3068.0,1,2,-2.0,0.0,2.0,2.0,1.5,4.0,3.0,0.0,2.0
2816.0,1,2,1.0,-2.0,1.5,0.33,-3.0,-5.75,-6.67,-2.0,-1.0
-602.0,1,2,1.0,1.0,0.1999999999999999,7.0,9.86,-2.0,1.0,1.0,1.0
-6421.0,0,-2,0.0,0.0,-2.0,-0.8300000000000001,-1.0,-3.33,-11.6,-1.0,-1.0
-2359.0,0,1,1.0,0.0,-2.0,-1.5,2.67,0.8,-4.5,-2.0,1.0
3100.0,1,1,-1.0,-1.0,1.0,5.0,1.25,3.5,2.5,-1.0,0.0
1663.0,1,1,-1.0,0.0,-0.5,-4.0,-5.0,2.0,1.0,-1.0,2.0
-2021.0,0,1,1.0,0.0,-1.5,1.0,1.25,-2.25,1.75,1.0,-1.0
4839.0,1,2,1.0,-1.0,-0.1999999999999999,-3.33,4.67,3.1,-0.6699999999999999,-3.0,0.0
2682.0,1,1,0.0,0.0,-0.75,2.34,3.2,-1.5,-1.5,2.0,-1.0
-1013.0,0,2,0.0,1.0,-1.0,-2.75,-2.5,8.0,7.2,0.0,1.0
-3562.0,0,2,1.0,0.0,-3.0,-1.0,-6.0,1.0,-2.0,-2.0,-1.0
2750.0,1,0,0.0,0.0,-0.0799999999999999,1.08,2.0,9.5,2.5,-2.0,0.0
4682.0,1,2,-1.0,0.0,-3.67,0.8300000000000001,8.0,5.33,4.67,2.0,-1.0
-1312.0,1,2,1.0,1.0,-3.33,-1.5,4.0,-1.25,1.0,1.0,-1.0
6653.0,1,0,0.0,-1.0,3.0,-1.75,2.6,1.25,8.0,2.0,0.0
-1531.0,1,-2,2.0,1.0,0.83,1.0,-3.0,-3.5,-4.0,2.0,-1.0
2055.0,1,0,1.0,-2.0,0.0,-0.5,-2.0,1.5,0.0,0.0,0.0
248.0,0,0,1.0,0.0,5.75,-7.67,2.1,-1.93,-3.5,1.0,0.0
3508.0,0,-1,-1.0,0.0,6.0,4.0,1.0,-0.5,1.0,1.0,0.0
-8627.0,0,-1,-1.0,1.0,-5.0,-8.0,-2.5,-3.33,1.5,-1.0,-1.0
-786.0,0,-2,-1.0,0.0,-0.5,-0.6699999999999999,-1.33,0.33,-3.0,2.0,1.0
14475.0,1,0,-1.0,-1.0,7.0,6.8,1.0,7.17,15.57,0.0,-1.0
2309.0,1,2,1.0,0.0,1.8,-2.25,1.5,-5.0,-0.5,1.0,1.0
8129.0,1,1,-2.0,-1.0,0.66,5.5,-0.6600000000000001,2.0,2.75,0.0,0.0
-7351.0,0,-2,1.0,1.0,-1.25,-2.25,-3.83,-3.8,-10.0,-1.0,1.0
-1997.0,0,-2,0.0,1.0,-0.66,-1.17,-2.25,0.6699999999999999,-0.6699999999999999,0.0,-1.0
8001.0,1,2,-2.0,-2.0,0.0,1.5,3.93,2.0,10.25,-2.0,-1.0
-2646.0,0,0,1.0,0.0,-1.75,-4.0,0.0,0.5,-3.0,0.0,-1.0
3527.0,0,0,-2.0,-1.0,0.83,0.5,2.0,1.5,1.45,-2.0,0.0
3201.0,0,2,1.0,-2.0,1.2,1.83,5.75,-1.83,-2.33,-2.0,0.0
-5783.0,0,0,1.0,1.0,-3.5,-3.0,-2.25,0.0,1.0,0.0,-2.0
-1440.0,1,-1,2.0,1.0,3.0,0.6699999999999999,5.0,-1.0,-3.5,2.0,1.0
-423.0,1,2,1.0,0.0,-2.0,3.33,-1.0,0.75,-2.5,-5.0,-1.0
-3610.0,1,2,-1.0,1.0,2.0,-0.5,0.0,-0.5,-1.83,-3.0,0.0
-2879.0,1,-2,1.0,2.0,-0.25,0.33,0.5,-4.25,-6.0,3.0,0.0
5083.0,1,-2,1.0,0.0,1.5,2.25,0.0,9.75,9.8,0.0,1.0
-5531.0,0,0,-1.0,1.0,-2.34,-2.67,-10.2,0.47,-4.4,-1.0,-1.0
-2294.0,0,2,2.0,0.0,2.33,-7.67,-3.0,0.5,-4.5,0.0,-1.0
2314.0,1,0,0.0,0.0,0.5,4.5,1.0,1.0,1.5,-2.0,0.0
3899.0,1,2,-1.0,-1.0,-2.5,0.0,2.75,2.5,0.6600000000000001,0.0,0.0
-86.0,1,2,-1.0,0.0,-0.83,0.0,0.0,4.0,0.5,-1.0,0.0
-1161.0,0,-2,1.0,1.0,0.5,1.0,2.67,-2.0,-2.0,1.0,-1.0
-592.0,1,0,0.0,0.0,-2.33,-0.6699999999999999,0.5,0.5,-4.67,-1.0,1.0
-2012.0,0,2,1.0,0.0,-0.75,-12.5,-1.33,-2.75,-2.0,-1.0,0.0
-279.0,0,2,0.0,0.0,-3.5,-1.67,-2.5,-0.1,1.0,2.0,1.0
3246.0,1,2,2.0,-1.0,4.0,7.0,1.0,0.0,-0.33,-2.0,0.0
-2911.0,0,-2,1.0,0.0,-1.25,-1.0,0.0,-0.5,1.0,0.0,0.0
-1971.0,0,0,2.0,0.0,1.0,5.5,-4.5,1.33,-1.0,2.0,0.0
-5000.0,1,2,2.0,0.0,2.5,-2.0,-3.0,-1.17,-8.0,-1.0,0.0
-1535.0,0,-2,2.0,0.0,0.1699999999999999,-1.5,2.3,-2.0,-4.33,0.0,0.0
-8693.0,0,-1,1.0,3.0,2.8,-4.0,-9.4,-4.0,-7.6,0.0,1.0
-2492.0,0,2,2.0,0.0,5.67,-4.0,-7.0,-1.0,-1.5,0.0,-1.0
6413.0,1,1,0.0,-1.0,5.75,1.0,0.0,-1.14,8.25,-1.0,1.0
-2623.0,1,2,1.0,1.0,9.6,0.75,-3.5,9.5,-7.71,-1.0,2.0
3221.0,0,2,1.0,-2.0,-2.0,0.6600000000000001,-7.4,2.67,5.0,2.0,1.0
-318.0,1,2,-1.0,0.0,-1.0,-2.0,3.0,3.0,-0.5,2.0,0.0
1515.0,1,2,0.0,0.0,2.0,3.0,4.0,3.5,2.83,-1.0,0.0
-9953.0,0,-1,2.0,2.0,-5.33,-6.0,-2.0,0.0,-2.17,-2.0,-1.0
11713.0,1,2,-2.0,-3.0,0.0,-1.67,2.1,12.8,14.0,0.0,0.0
-447.0,1,0,1.0,1.0,3.0,-3.0,1.0,-1.0,1.0,1.0,2.0
231.0,0,2,1.0,-1.0,4.8,-3.0,-2.0,-2.0,-2.0,1.0,0.0
1015.0,0,0,0.0,0.0,2.67,-2.0,-2.33,1.5,1.0,-1.0,-1.0
-218.0,1,2,0.0,2.0,-4.0,7.5,3.5,-0.33,2.76,0.0,0.0
174.0,0,-2,0.0,0.0,-2.0,1.5,-4.0,7.0,2.2,0.0,-2.0
326.0,1,-2,0.0,0.0,-7.2,0.33,-1.0,9.5,7.86,0.0,0.0
1021.0,1,0,0.0,0.0,0.33,2.0,7.67,-1.0,10.8,1.0,0.0
2834.0,1,2,-1.0,-1.0,1.5,2.0,0.5,-2.5,2.0,0.0,1.0
3417.0,1,2,-2.0,0.0,-1.42,4.67,2.25,-0.5,9.33,0.0,0.0
18018.0,1,1,-2.0,-4.0,1.5,4.25,3.0,5.5,13.0,1.0,2.0
829.0,0,2,-1.0,0.0,10.6,1.83,-0.55,-5.0,3.0,2.0,0.0
-4011.0,1,0,0.0,1.0,-0.66,-1.17,0.5,-6.5,-4.75,2.0,1.0
-5849.0,0,-2,1.0,1.0,-0.66,0.75,0.75,-2.6,-4.25,1.0,0.0
-8826.0,0,-1,2.0,1.0,1.5,-5.1,-5.67,-7.33,-5.5,1.0,0.0
844.0,1,0,-1.0,0.0,-2.1,10.6,4.0,2.0,0.0,1.0,-1.0
-3340.0,0,2,0.0,0.0,-7.75,1.75,-0.6600000000000001,-3.5,-1.0,2.0,1.0
-10572.0,0,0,2.0,2.0,0.7,-2.0,-5.0,-3.6,-11.75,-1.0,1.0
1363.0,1,2,-2.0,-1.0,-2.33,-1.17,2.5,4.0,1.67,3.0,0.0
816.0,0,0,1.0,-1.0,-3.67,-1.0,-0.33,-0.3399999999999998,5.67,-1.0,0.0
-2214.0,0,-2,2.0,1.0,-1.0,0.0,3.0,-1.5,1.0,0.0,0.0
7443.0,1,1,-1.0,-1.0,4.75,5.0,0.0,-1.0,-0.5,0.0,1.0
6885.0,1,2,-1.0,-1.0,0.0,1.0,2.1,5.0,6.0,2.0,0.0
2541.0,1,0,-1.0,0.0,3.0,7.57,-0.33,3.17,3.83,-1.0,0.0
2978.0,1,0,0.0,-1.0,-1.0,7.5,7.0,0.0,3.0,1.0,0.0
7669.0,1,1,0.0,0.0,3.0,9.0,1.42,4.7,7.5,-2.0,0.0
2587.0,0,0,-1.0,0.0,2.0,0.5,3.0,5.0,2.75,0.0,1.0
-3193.0,0,-2,2.0,1.0,-1.0,2.75,0.0,-9.17,-3.5,1.0,0.0
-4735.0,0,-2,-1.0,1.0,2.5,-5.0,-3.71,-6.67,2.0,-1.0,-2.0
-2752.0,0,-2,2.0,1.0,3.5,-3.5,1.0,-6.67,-2.0,-1.0,-1.0
3440.0,1,2,-1.0,-1.0,4.0,10.0,-6.0,2.33,2.0,-2.0,-1.0
6884.0,1,0,-1.0,0.0,1.34,0.0,-1.33,5.75,2.0,1.0,2.0
427.0,1,0,1.0,-1.0,5.0,1.0,0.0,-4.5,-1.5,1.0,0.0
3032.0,1,2,0.0,0.0,1.0,1.0,2.0,0.75,1.8,-1.0,1.0
-1794.0,0,2,0.0,-1.0,-5.5,-6.0,-8.33,-1.0,-4.33,-2.0,1.0
-402.0,0,-1,-1.0,0.0,-3.0,4.0,-1.0,2.5,3.0,1.0,0.0
-1201.0,0,0,1.0,1.0,0.0,-1.0,1.0,-7.75,-3.83,0.0,0.0
-5335.0,0,-1,2.0,1.0,3.0,-9.5,-1.5,-4.0,-5.4,-2.0,2.0
6714.0,1,0,-2.0,0.0,4.0,3.6,3.4,1.0,1.0,1.0,-1.0
-4711.0,0,-1,2.0,0.0,-3.67,0.75,-1.67,0.6699999999999999,4.25,-1.0,1.0
-3238.0,0,0,-1.0,1.0,1.0,-0.25,-2.0,1.5,0.75,1.0,1.0
2384.0,1,2,0.0,0.0,-0.3299999999999999,0.0,-2.0,2.0,3.0,-1.0,1.0
9676.0,1,1,-1.0,-1.0,6.0,1.47,6.67,3.0,8.67,0.0,-2.0
-1240.0,1,-2,-1.0,1.0,-4.5,-4.33,0.0,2.0,6.75,3.0,1.0
1246.0,1,0,-2.0,0.0,-1.5,-2.0,3.67,0.75,2.0,0.0,-1.0
-1316.0,1,-1,1.0,0.0,0.25,2.5,0.0,-4.67,1.0,-2.0,0.0
605.0,1,2,-1.0,-1.0,2.1,1.33,2.0,5.5,-2.0,1.0,0.0
-5051.0,0,0,1.0,1.0,-1.17,-1.0,-6.71,-1.5,-3.5,-1.0,0.0
-468.0,0,-2,-1.0,0.0,1.83,0.5,-2.0,-2.75,-3.0,-1.0,0.0
8389.0,1,2,0.0,-2.0,3.0,3.0,7.0,1.67,4.75,-1.0,0.0
5730.0,1,1,1.0,-1.0,6.0,-6.0,1.0,5.75,11.67,-1.0,1.0
3299.0,1,2,-2.0,-2.0,0.4,5.25,0.0,3.0,4.25,1.0,0.0
8073.0,1,2,-1.0,-2.0,1.66,-4.33,7.0,-4.0,2.5,0.0,-1.0
4640.0,1,-2,-1.0,-2.0,5.67,4.0,2.0,1.67,1.0,-1.0,0.0
-5249.0,0,0,2.0,0.0,8.5,-1.5,-9.25,-5.4,-10.14,-1.0,0.0
-1397.0,1,0,-1.0,-1.0,-3.17,-5.67,0.0,-4.0,-5.0,0.0,1.0
1043.0,1,2,2.0,0.0,2.0,1.0,2.1,-5.0,-4.33,-1.0,1.0
-11433.0,0,-2,-1.0,3.0,-5.0,-6.5,-5.0,4.33,-1.67,1.0,1.0
-1114.0,0,0,1.0,1.0,-4.0,-6.0,-0.6699999999999999,-2.0,1.5,-2.0,1.0
6485.0,1,2,2.0,0.0,0.0,1.0,1.5,0.5,0.0,-2.0,0.0
-4114.0,0,0,1.0,1.0,0.0,-3.0,-1.0,-2.0,-6.25,0.0,-2.0
-6675.0,0,0,0.0,0.0,1.0,-2.6,-0.5,-4.33,-1.5,1.0,1.0
6083.0,1,0,-2.0,-1.0,0.5,7.75,4.75,2.5,2.34,-1.0,0.0
2057.0,1,0,2.0,0.0,2.0,-1.33,0.6699999999999999,4.75,1.0,0.0,-1.0
1061.0,1,2,-1.0,1.0,-0.5,7.5,6.33,0.33,3.17,0.0,-1.0
-430.0,0,0,-1.0,1.0,-0.6699999999999999,-0.92,0.3399999999999998,8.5,2.0,0.0,0.0
-1918.0,0,-1,0.0,0.0,4.67,1.0,-2.0,2.5,1.0,0.0,-1.0
-3073.0,0,-2,1.0,0.0,-0.6699999999999999,-3.0,-5.0,0.0,-0.5,-3.0,0.0
4800.0,0,0,-1.0,0.0,1.5,7.25,3.6,6.8,10.75,2.0,1.0
9798.0,1,2,-2.0,-1.0,1.0,6.4,7.0,9.8,11.8,0.0,-2.0
7145.0,1,2,1.0,-2.0,10.8,1.75,0.5,-3.0,-4.0,-1.0,-1.0
-4659.0,0,-2,-1.0,1.0,-6.8,-5.5,-0.53,1.0,-0.5,1.0,2.0
165.0,1,0,-1.0,0.0,-3.0,-1.0,0.4499999999999999,-1.0,1.0,-1.0,-1.0
-973.0,0,2,-1.0,0.0,3.0,-5.0,0.3999999999999999,0.1699999999999999,-4.0,-1.0,2.0
2546.0,1,1,-2.0,-1.0,1.0,-0.8300000000000001,-1.0,3.5,2.5,-2.0,-1.0
562.0,0,2,1.0,0.0,2.0,-2.67,-0.6699999999999999,-1.0,-2.0,-1.0,-1.0
-8041.0,0,-2,1.0,1.0,-4.0,-8.33,-2.0,0.5,-3.5,1.0,0.0
7393.0,1,2,-1.0,-1.0,7.83,7.5,11.0,-2.0,-2.67,4.0,0.0
-6489.0,0,0,-1.0,1.0,-7.67,-2.67,-7.0,-1.33,-3.0,1.0,0.0
-2537.0,0,-2,1.0,1.0,-1.0,1.0,-0.5,-2.0,2.0,2.0,1.0
-10490.0,0,-2,1.0,3.0,-13.57,-5.0,-3.0,-2.5,-7.07,-4.0,0.0
9843.0,1,0,-1.0,-2.0,-1.5,8.5,7.67,9.5,9.0,0.0,-1.0
1388.0,1,2,-1.0,0.0,0.0,1.0,0.0,2.0,2.0,2.0,0.0
-214.0,0,-2,0.0,1.0,2.0,1.0,6.75,-5.5,-5.67,1.0,-1.0
1921.0,1,0,-1.0,0.0,0.83,-0.5,4.0,2.4,-0.33,1.0,-1.0
6944.0,1,-1,-2.0,-1.0,2.67,-7.0,0.33,3.25,3.67,1.0,0.0
-4360.0,1,-2,-1.0,1.0,0.92,1.0,-3.2,-0.3999999999999999,-6.75,-2.0,-2.0
-1669.0,1,-2,0.0,1.0,3.67,2.5,3.0,-3.0,-2.5,0.0,-2.0
2531.0,1,0,-1.0,-1.0,3.0,-1.5,-10.0,1.5,1.0,0.0,0.0
-4960.0,0,-2,0.0,1.0,-2.0,2.0,-1.5,2.0,0.0,2.0,1.0
-11575.0,0,-2,0.0,4.0,-0.15,-4.5,-2.67,-1.67,-11.5,1.0,2.0
7977.0,1,1,-1.0,0.0,2.75,12.0,11.0,-2.0,1.5,1.0,2.0
-3659.0,0,-2,0.0,1.0,0.7300000000000001,-7.0,1.67,-2.33,-0.5,-1.0,0.0
1007.0,0,1,0.0,0.0,-0.95,1.0,-1.75,-0.6699999999999999,-0.33,2.0,0.0
2988.0,1,1,1.0,0.0,5.75,1.92,4.1,0.83,2.0,1.0,-1.0
2778.0,1,2,0.0,-1.0,-2.0,7.0,0.0,-0.75,-0.6499999999999999,-1.0,-2.0
-5957.0,0,-2,1.0,1.0,-3.0,-5.33,-3.75,-0.33,-5.0,1.0,0.0
4427.0,1,2,1.0,-2.0,4.0,0.0,0.08,0.5,-2.5,0.0,0.0
2740.0,1,1,2.0,0.0,5.0,3.0,0.0,1.0,2.5,-1.0,0.0
1508.0,1,-1,-1.0,0.0,5.0,1.67,-1.67,-0.5,-1.75,-1.0,1.0
-8626.0,0,0,2.0,2.0,-3.75,-5.5,-3.5,-6.5,-6.25,1.0,-1.0
-5369.0,0,0,0.0,1.0,-0.5,-7.25,-4.67,-11.67,-6.33,0.0,-1.0
-315.0,0,0,-1.0,0.0,0.5,0.0,1.0,3.5,6.33,0.0,1.0
3239.0,0,-1,-1.0,-1.0,-1.0,2.0,0.0,6.67,8.0,1.0,-1.0
2454.0,1,2,-1.0,0.0,4.75,3.0,1.0,-2.0,-3.0,1.0,1.0
1408.0,0,0,0.0,0.0,-3.75,1.0,1.5,1.5,2.0,3.0,-1.0
-5851.0,0,-2,1.0,1.0,-0.8,-8.25,-3.0,-7.0,-4.5,-2.0,-1.0
5435.0,1,2,-2.0,-1.0,-0.33,0.0,5.0,1.33,6.5,0.0,1.0
2007.0,1,2,-1.0,-1.0,0.0,-4.0,1.5,1.0,-2.0,1.0,1.0
-108.0,0,0,-1.0,0.0,-0.5,4.75,4.0,1.0,0.5,-1.0,1.0
-2273.0,0,-2,0.0,1.0,-5.0,-7.0,-6.0,2.17,-0.8300000000000001,0.0,0.0
1317.0,0,2,1.0,-1.0,3.67,-3.33,1.25,-3.75,-2.5,2.0,2.0
4081.0,0,0,-1.0,1.0,3.8,8.6,8.0,-1.33,1.67,0.0,-1.0
-4831.0,0,-2,1.0,1.0,2.0,-5.0,-2.0,-5.67,-1.67,2.0,1.0
11042.0,1,-1,-1.0,-2.0,1.5,9.6,5.5,4.83,7.75,0.0,-1.0
6434.0,1,2,0.0,-1.0,6.75,9.0,0.3299999999999999,0.5,6.5,-2.0,1.0
7363.0,1,1,1.0,-2.0,4.0,2.75,0.5,2.5,6.33,-1.0,0.0
638.0,1,2,1.0,0.0,-2.0,1.66,5.0,0.0,1.0,0.0,1.0
-1441.0,1,-2,0.0,1.0,0.0,0.5,-1.9,1.5,-1.5,1.0,1.0
8404.0,1,2,1.0,0.0,0.25,9.4,2.0,10.5,3.83,2.0,1.0
-7620.0,0,-1,1.0,1.0,-10.67,-2.5,-5.75,3.75,-3.0,1.0,-1.0
-5073.0,0,-2,2.0,0.0,1.0,-3.5,-3.67,-0.8300000000000001,-2.17,1.0,0.0
8955.0,1,2,0.0,-2.0,1.33,9.0,1.17,3.67,2.25,-2.0,-1.0
-6508.0,1,0,-2.0,3.0,2.83,0.6000000000000001,-7.0,-2.67,0.0499999999999998,-2.0,1.0
-3431.0,0,2,2.0,0.0,0.0,-2.0,2.0,-1.67,-3.5,1.0,1.0
5315.0,1,0,-1.0,-1.0,1.0699999999999998,8.0,1.0,5.0,7.0,1.0,1.0
218.0,1,1,-1.0,0.0,-0.5800000000000001,-3.33,-1.17,4.67,2.0,-3.0,-1.0
2660.0,1,2,0.0,0.0,1.0,-2.5,-1.0,-2.0,-1.0,-1.0,1.0
4307.0,1,2,1.0,0.0,4.0,12.75,0.6699999999999999,1.67,1.25,1.0,-1.0
6819.0,1,2,-2.0,-1.0,1.5,13.8,0.0,2.75,11.5,2.0,0.0
2968.0,1,0,0.0,-1.0,3.3,-1.67,-2.0,0.2299999999999999,0.75,2.0,2.0
-3751.0,0,-2,1.0,0.0,0.0,-4.0,1.0,-3.0,-4.0,2.0,0.0
-4731.0,0,1,2.0,1.0,-2.0,2.0,-0.1699999999999999,-5.5,-1.0,1.0,-1.0
6299.0,1,1,-1.0,-1.0,3.71,2.0,3.67,0.4199999999999999,-3.0,1.0,0.0
-7404.0,0,-2,0.0,1.0,-5.0,-0.6699999999999999,-7.33,0.0,-4.0,-2.0,1.0
-9564.0,0,-1,0.0,2.0,-0.5,-13.4,-1.25,-6.7,-2.79,0.0,-1.0
4018.0,1,0,0.0,-1.0,2.67,9.0,3.0,4.75,2.42,0.0,0.0
-4181.0,0,2,2.0,0.0,1.83,-0.33,0.0,-8.25,-4.66,0.0,-1.0
5818.0,1,2,-1.0,-1.0,-2.0,6.0,2.0,1.0,1.5,-1.0,0.0
-3688.0,1,0,1.0,0.0,3.5,-5.0,-0.8300000000000001,-13.33,-4.43,1.0,1.0
-11371.0,0,-1,2.0,2.0,-1.67,-9.67,-2.6,-3.0,-3.0,1.0,1.0
3345.0,1,2,0.0,0.0,1.4,5.25,-3.0,0.0,-0.1699999999999999,0.0,0.0
-5187.0,0,0,2.0,0.0,-3.5,-3.4,-1.0,-1.5,-6.0,-1.0,0.0
3002.0,1,-2,1.0,1.0,0.5,-0.8300000000000001,2.5,1.0,7.5,0.0,1.0
-2523.0,0,0,1.0,1.0,2.0,0.0,-1.0,-0.5,-3.0,1.0,1.0
-1064.0,1,-2,-1.0,1.0,-2.0,1.0,-0.6699999999999999,3.0,5.5,0.0,0.0
2508.0,1,2,-1.0,1.0,8.83,8.0,4.5,-0.08,-4.0,1.0,-1.0
3154.0,0,0,-1.0,-1.0,-3.5,-0.3999999999999999,-0.33,9.33,1.1700000000000002,-2.0,-1.0
-2692.0,1,2,0.0,2.0,1.0,-2.0,-0.83,0.1699999999999999,0.33,-1.0,0.0
-2590.0,0,0,1.0,1.0,3.67,-12.0,3.33,-5.25,-12.67,-2.0,-2.0
4224.0,0,0,1.0,-2.0,7.0,2.0,-0.5,0.5,-2.0,0.0,0.0
-1440.0,0,0,0.0,1.0,-5.0,3.0,4.0,-3.0,-0.5,1.0,-1.0
6696.0,1,1,-2.0,0.0,0.0,3.17,11.6,2.0,1.75,0.0,1.0
-4.0,1,-1,-1.0,1.0,-4.0,1.08,1.17,-1.67,0.1699999999999999,0.0,1.0
9548.0,1,2,1.0,-3.0,1.5,0.0,2.6,1.0,2.0,-1.0,0.0
-4073.0,0,2,2.0,0.0,0.3299999999999999,-7.0,-0.5,-9.5,-2.17,1.0,0.0
7536.0,1,0,-2.0,-1.0,2.75,12.0,8.5,3.33,0.5,1.0,0.0
-3871.0,0,2,0.0,1.0,-0.25,-8.67,-6.0,-0.6699999999999999,-3.5,-1.0,0.0
1980.0,1,2,0.0,0.0,-9.0,-2.17,3.0,-1.33,-2.5,-1.0,-1.0
4425.0,1,0,-1.0,-1.0,-0.83,2.0,3.0,0.6699999999999999,1.25,0.0,0.0
-2293.0,1,-2,-1.0,0.0,-4.0,-2.0,-0.5,2.0,2.5,-1.0,0.0
-601.0,0,0,0.0,0.0,1.0,0.5,-0.1699999999999999,1.5,-0.5,-3.0,1.0
1439.0,0,-2,0.0,0.0,0.25,-7.5,2.5,6.0,4.0,1.0,0.0
-6376.0,0,-2,1.0,1.0,-1.0,-2.75,-2.75,-11.67,-11.67,2.0,1.0
141.0,0,2,1.0,1.0,4.0,-2.5,1.0,-1.5,-3.0,0.0,-1.0
-2410.0,0,-2,1.0,1.0,1.0,3.0,0.75,-8.67,-4.33,-1.0,1.0
394.0,0,0,1.0,0.0,1.66,-0.5,-2.67,-1.5,1.75,1.0,0.0
4738.0,1,2,-2.0,-1.0,-0.5800000000000001,12.5,3.93,11.67,5.83,1.0,1.0
6854.0,1,2,-2.0,0.0,2.0,-2.0,1.5,1.25,7.0,3.0,1.0
-174.0,1,2,-1.0,0.0,-1.6,-0.5,3.0,2.0,-2.0,-2.0,1.0
-5668.0,0,0,-1.0,0.0,-4.0,-6.64,-2.25,-1.0,-6.33,2.0,0.0
-5547.0,0,-2,1.0,1.0,-3.67,-12.4,-6.8,0.0,-5.5,1.0,-1.0
2029.0,1,0,0.0,0.0,2.33,3.3,1.0,-5.67,0.33,-2.0,0.0
568.0,0,0,-1.0,0.0,2.0,1.0,0.0,-1.0,-2.5,2.0,-1.0
596.0,0,2,1.0,0.0,-0.5,5.67,0.0,-4.2,-0.5,2.0,-1.0
-4218.0,0,0,-1.0,1.0,1.25,-0.92,-4.0,-9.67,-0.75,-1.0,0.0
-1569.0,0,-2,2.0,1.0,3.0,-1.33,-1.0,-1.5,-0.6600000000000001,0.0,-2.0
3391.0,1,2,1.0,0.0,-2.0,-1.0,6.0,0.75,2.0,2.0,1.0
2079.0,0,2,1.0,-1.0,0.25,-0.5,2.0,0.0,-3.0,1.0,0.0
7550.0,1,1,-1.0,-2.0,1.0699999999999998,-1.0,6.75,-0.3399999999999998,1.1,-1.0,-1.0
491.0,1,0,1.0,0.0,8.5,-5.5,2.67,-7.0,-2.0,0.0,1.0
4792.0,1,2,1.0,-1.0,0.4,2.5,9.4,1.0,2.0,1.0,-1.0
-6226.0,0,-2,2.0,1.0,-1.0,-2.33,-3.25,-7.33,-3.33,-2.0,-1.0
3750.0,1,2,-1.0,-1.0,-0.5,5.0,1.33,4.5,1.4,1.0,1.0
-838.0,0,0,-1.0,0.0,2.6,-0.5,-6.67,-0.5,-6.67,2.0,0.0
1190.0,1,2,-2.0,-1.0,2.75,0.0,0.33,-3.5,-1.0,0.0,-2.0
4787.0,1,2,-1.0,-1.0,0.0,-1.5,4.0,1.0,3.33,1.0,-1.0
3230.0,0,0,1.0,-1.0,0.1699999999999999,-7.8,0.6300000000000001,2.75,3.0,0.0,0.0
-1742.0,0,-2,-1.0,0.0,1.5,-1.0,-0.6699999999999999,3.0,3.67,1.0,0.0
-3613.0,0,-2,2.0,1.0,-0.5,-1.33,-1.0,0.5,2.5,0.0,2.0
3730.0,1,0,-1.0,0.0,-2.67,6.0,4.0,2.16,3.5,-1.0,1.0
3761.0,1,2,1.0,-1.0,1.5,-1.5,-0.1699999999999999,3.67,-1.0,1.0,0.0
-5373.0,1,0,-1.0,0.0,-1.0,-1.75,2.0,-3.83,-2.0,1.0,1.0
-4020.0,1,2,0.0,0.0,0.5,-3.34,-11.0,-5.75,3.0,0.0,-1.0
-1578.0,0,-2,2.0,0.0,-0.4199999999999999,0.5,-2.25,-3.0,-3.0,1.0,1.0
1481.0,1,2,0.0,-2.0,-8.0,2.58,1.17,0.75,2.25,-1.0,-1.0
1993.0,1,0,-1.0,-1.0,-1.0,0.0,-5.0,1.0,0.8,-1.0,0.0
-873.0,1,0,2.0,0.0,0.83,-4.0,-1.0,-1.0,4.4,1.0,1.0
-1131.0,0,-2,-1.0,1.0,-1.0,1.33,-3.5,7.67,9.0,3.0,1.0
-15650.0,0,-1,1.0,7.0,-4.0,-10.0,-8.0,-13.8,-14.0,3.0,0.0
-4362.0,0,-1,0.0,0.0,0.5,3.0,-1.83,1.17,-1.4300000000000002,-1.0,0.0
-618.0,1,2,1.0,-1.0,1.0,-0.95,-5.0,-4.25,1.75,2.0,1.0
-3788.0,0,1,-1.0,1.0,-1.0,0.5,6.33,-9.0,-1.67,1.0,0.0
113.0,0,1,2.0,0.0,1.0,-0.6699999999999999,-0.5,-0.05,-0.5,1.0,-1.0
-290.0,1,2,1.0,-1.0,-4.17,0.33,-3.0,1.0,1.0,0.0,0.0
-6010.0,0,-1,-1.0,1.0,-7.0,0.33,-0.75,-3.38,0.33,-1.0,-1.0
4195.0,1,2,-1.0,-1.0,1.67,5.0,-0.25,0.0,-1.0,1.0,0.0
6232.0,1,2,-2.0,-1.0,5.5,0.5,1.5,-1.5,0.0,-2.0,1.0
-965.0,1,0,2.0,-1.0,2.0,-3.0,1.0,-6.25,-3.0,0.0,0.0
-5802.0,0,-1,0.0,0.0,-2.0,-10.67,-7.0,0.0,-3.33,-1.0,0.0
4629.0,1,0,-1.0,0.0,1.73,4.0,11.8,-0.4199999999999999,2.0,0.0,2.0
-2040.0,0,0,1.0,0.0,0.0,-4.0,-5.0,-2.5,0.0,0.0,2.0
9833.0,1,1,0.0,-1.0,4.0,15.83,6.75,7.0,8.0,1.0,0.0
-730.0,1,2,0.0,0.0,3.33,3.0,-0.5,-2.25,-1.83,0.0,0.0
10896.0,1,2,-1.0,-3.0,1.5,12.33,2.62,4.6,13.0,-1.0,1.0
9862.0,1,1,-2.0,-1.0,0.0,2.87,8.4,9.6,12.6,2.0,1.0
-1963.0,1,-2,-2.0,0.0,-3.33,-3.25,3.0,-5.4,2.25,1.0,1.0
-8129.0,0,-2,0.0,0.0,4.0,-7.0,-6.67,-5.0,-9.25,-1.0,1.0
-6043.0,0,0,1.0,1.0,2.0,-6.0,-4.0,-8.83,-8.5,4.0,0.0
4118.0,0,2,-1.0,0.0,2.0,4.0,1.0,1.0,3.0,-2.0,-1.0
3451.0,1,1,-1.0,-1.0,1.0,0.25,-2.0,1.0,2.0,-1.0,-1.0
769.0,0,0,1.0,-1.0,1.0,-1.25,-3.0,1.0,1.33,2.0,0.0
-1066.0,0,-2,1.0,1.0,-4.0,-1.5,2.0,2.0,2.25,-1.0,-2.0
7900.0,1,-1,-1.0,-1.0,1.17,10.0,4.33,7.17,4.71,0.0,2.0
-6168.0,0,0,2.0,1.0,1.5,-7.0,-5.0,-0.5,-2.0,-1.0,-1.0
-1570.0,0,2,1.0,0.0,0.83,-1.0,-0.5,-1.0,-4.5,1.0,-1.0
-12601.0,0,-2,2.0,2.0,-5.83,-5.67,-1.0,-6.0,-1.0,0.0,2.0
2535.0,1,1,1.0,-1.0,-0.5,1.08,-1.42,1.33,3.33,1.0,0.0
-4628.0,0,-2,2.0,1.0,2.5,-4.5,1.75,-8.0,-9.0,0.0,0.0
-5246.0,0,0,2.0,1.0,0.0,-1.67,-0.5,-8.0,-3.0,0.0,-1.0
4379.0,0,2,-1.0,-1.0,1.5,0.33,0.5,1.67,5.5,3.0,-1.0
4605.0,1,2,-1.0,-1.0,3.0,8.2,-3.2,5.33,0.75,-1.0,0.0
7491.0,1,1,-1.0,-1.0,2.0,6.33,2.75,3.5,10.2,0.0,1.0
-6336.0,0,-2,0.0,0.0,-4.8,-9.67,-2.0,-2.17,-0.75,-1.0,0.0
2783.0,1,0,0.0,-1.0,1.0,-2.0,0.0,1.5,-1.0,1.0,0.0
-3590.0,0,-2,1.0,0.0,1.0,-5.75,-6.0,2.0,1.5,0.0,1.0
3834.0,1,2,1.0,0.0,-0.92,0.0,6.25,2.0,5.0,0.0,0.0
1922.0,1,2,-1.0,0.0,2.0,1.0,0.3399999999999998,7.0,8.5,-1.0,0.0
-1948.0,1,-1,0.0,0.0,-1.9,5.5,2.0,4.0,4.5,-2.0,2.0
4111.0,0,1,1.0,0.0,0.5,-2.0,-4.0,-3.5,2.67,-1.0,0.0
-5809.0,0,0,-2.0,0.0,0.5,-8.5,-8.0,-1.0,-2.5,0.0,1.0
490.0,1,2,-2.0,0.0,-1.67,7.0,5.5,-3.33,5.5,2.0,0.0
-1882.0,1,0,2.0,0.0,-3.0,-5.0,-1.33,0.0,2.5,-1.0,1.0
607.0,0,-1,-1.0,0.0,-3.67,-1.0,1.25,-1.0,-1.0,0.0,-2.0
5981.0,0,0,2.0,-2.0,1.75,-0.33,6.5,4.0,1.0,-3.0,0.0
-2347.0,0,0,0.0,2.0,1.25,0.0,-1.0,-2.5,-3.0,0.0,1.0
-2154.0,0,0,-1.0,0.0,-3.75,-5.25,-4.0,1.9,0.5,-1.0,0.0
-6058.0,0,-2,0.0,0.0,-1.0,-2.17,-1.67,0.0,-2.0,0.0,1.0
-2439.0,0,0,-1.0,0.0,-4.8,-3.0,-3.33,1.0,0.3999999999999999,0.0,-1.0
381.0,1,0,1.0,1.0,1.5,1.0,0.5800000000000001,-5.0,-2.5,2.0,-1.0
1945.0,1,2,0.0,-1.0,5.75,2.0,-5.33,-1.5,0.8300000000000001,-1.0,0.0
982.0,1,2,-1.0,0.0,1.33,-3.7,1.0,-3.0,3.0,0.0,0.0
3313.0,1,0,-1.0,-2.0,-1.0,1.17,5.5,2.4,7.33,-3.0,0.0
-2517.0,1,0,-1.0,0.0,1.0,-0.5,-2.0,-1.0,-1.0,-1.0,0.0
-1853.0,0,2,1.0,0.0,4.6,-7.5,-0.6699999999999999,-7.0,-7.67,-1.0,0.0
1042.0,0,2,1.0,0.0,0.0,1.0,3.0,0.3299999999999999,-0.5,-2.0,-2.0
6094.0,1,1,-1.0,-1.0,2.0,4.25,12.5,2.0,4.33,-2.0,0.0
-7265.0,0,-2,2.0,3.0,0.0,-3.0,-1.0,-7.0,-4.5,-4.0,-1.0
3864.0,0,2,0.0,0.0,2.33,-1.5,1.4,4.33,0.5,3.0,1.0
-2399.0,0,-2,2.0,1.0,-1.17,-4.5,-0.95,-3.0,-5.67,0.0,0.0
4804.0,1,2,1.0,0.0,-4.8,0.4699999999999997,2.83,2.8,16.17,-2.0,0.0
3181.0,0,2,2.0,-1.0,1.83,2.5,5.33,-2.0,0.0,1.0,-2.0
964.0,0,0,1.0,-1.0,-2.0,4.0,0.75,-0.6699999999999999,-0.3500000000000001,1.0,0.0
-5869.0,0,-2,0.0,0.0,1.0,1.0,-2.33,-1.0,-1.27,1.0,1.0
1110.0,1,-2,0.0,0.0,1.0,2.5,1.0,1.0,-1.0,1.0,0.0
-1163.0,0,0,1.0,0.0,-3.0,-1.5,-1.0,0.0,0.0,1.0,0.0
-9258.0,0,0,1.0,1.0,-2.0,-5.0,2.5,-1.5,-3.0,0.0,0.0
5116.0,1,2,-1.0,-2.0,1.0,2.5,8.0,-1.0,-1.0,1.0,-1.0
-4798.0,0,1,1.0,0.0,-4.25,-4.0,-0.6699999999999999,-4.5,-6.67,2.0,0.0
-2955.0,0,0,1.0,1.0,0.0,-1.5,0.0,0.0,2.0,1.0,0.0
896.0,0,-2,0.0,0.0,3.0,1.5,1.0,-1.25,0.6699999999999999,-3.0,0.0
3092.0,1,2,-1.0,-2.0,0.0,-0.5,-8.88,6.0,1.9,0.0,-1.0
-775.0,1,2,-1.0,0.0,1.0,-9.0,0.05,-2.5,-1.67,1.0,1.0
3895.0,1,1,0.0,0.0,2.5,1.0,6.6,-3.25,5.67,2.0,0.0
-7686.0,1,-2,1.0,3.0,1.0,0.5,2.33,-5.0,-0.3399999999999998,1.0,1.0
4391.0,0,1,2.0,-1.0,-3.33,2.83,3.0,1.0,-2.0,-2.0,1.0
-277.0,0,2,1.0,0.0,1.0,3.5,5.5,-1.0,-4.0,5.0,0.0
9059.0,1,2,-2.0,-2.0,6.86,5.5,2.5,4.0,4.0,0.0,0.0
1500.0,1,1,0.0,-1.0,-2.0,2.33,-0.8,0.0,-5.0,-1.0,0.0
3306.0,0,0,1.0,-2.0,0.25,8.0,-1.67,5.33,5.33,0.0,-1.0
60.0,0,-2,2.0,0.0,6.8,-8.0,0.0,-1.34,-0.75,2.0,1.0
466.0,0,0,1.0,0.0,2.67,7.33,-2.0,8.75,-0.7,2.0,1.0
-3258.0,0,0,2.0,2.0,-2.0,-0.6699999999999999,6.75,-3.0,-6.0,1.0,0.0
-2874.0,0,2,1.0,-1.0,1.7,-4.75,0.0,-6.0,1.93,1.0,-1.0
3608.0,1,2,0.0,-1.0,2.0,8.0,0.3399999999999998,9.0,1.93,0.0,0.0
-1023.0,1,-2,0.0,0.0,-2.0,-5.5,-6.71,0.5,-6.0,-1.0,1.0
3913.0,1,0,0.0,0.0,2.33,8.0,-1.0,-2.0,0.25,1.0,1.0
-914.0,1,-2,1.0,0.0,2.0,2.0,-3.0,-2.5,-3.0,0.0,0.0
1609.0,0,2,1.0,0.0,1.67,1.0,0.33,0.0,-3.67,-2.0,0.0
-2709.0,0,2,1.0,-1.0,0.0,-1.5,0.8,-2.4,-10.0,0.0,-1.0
4957.0,1,0,-1.0,0.0,2.5,1.0,5.25,2.0,9.67,1.0,0.0
-649.0,0,-1,1.0,1.0,4.0,0.0,0.0,1.5,1.5,-1.0,0.0
2418.0,1,2,-1.0,1.0,0.75,10.0,-0.5,-0.5800000000000001,1.2,1.0,0.0
-902.0,1,-1,0.0,1.0,-2.5,5.0,0.6699999999999999,0.8500000000000001,-6.75,-1.0,-1.0
-8954.0,0,-2,-1.0,2.0,-5.75,-7.0,-7.0,-2.0,5.25,0.0,0.0
-2336.0,0,-2,1.0,0.0,1.17,-2.0,3.0,-2.25,-3.0,-1.0,2.0
5531.0,1,2,1.0,-2.0,0.8300000000000001,1.0,0.47,2.5,-0.5,-1.0,1.0
7516.0,1,0,0.0,-1.0,1.0,3.8,5.0,6.0,7.0,-2.0,1.0
2786.0,1,0,-1.0,1.0,-4.5,4.25,3.9,9.2,4.0,1.0,-1.0
2131.0,1,0,-1.0,-1.0,5.0,-2.0,-7.0,1.0,2.0,2.0,1.0
2805.0,1,2,-1.0,-1.0,-6.5,-2.34,-5.0,6.25,4.5,1.0,1.0
-2150.0,0,-1,1.0,1.0,0.0,-1.0,-3.0,-3.0,-3.0,0.0,-1.0
-1250.0,1,0,-1.0,1.0,-2.67,0.6699999999999999,2.0,0.6699999999999999,0.0,-1.0,-1.0
-1964.0,0,0,-1.0,0.0,-4.75,-2.0,1.5,0.0,-6.25,0.0,1.0
-4037.0,0,1,1.0,0.0,-2.5,-0.25,-7.33,4.0,3.0,1.0,1.0
1522.0,1,0,2.0,0.0,-0.3299999999999999,4.0,1.0,1.5,0.0,0.0,0.0
-12207.0,0,-1,2.0,3.0,-8.75,-3.87,-1.83,-3.5,-1.33,-2.0,-2.0
3330.0,1,2,-1.0,-1.0,0.0,-2.0,-0.3399999999999998,2.5,11.71,2.0,1.0
4254.0,1,0,0.0,-2.0,3.0,-0.5,0.25,0.6699999999999999,4.5,-1.0,-1.0
956.0,0,0,-1.0,0.0,-2.25,-4.0,-4.0,2.0,3.0,-1.0,0.0
-3031.0,1,-2,-1.0,2.0,0.3999999999999999,-5.0,1.0,-1.35,-6.33,1.0,-2.0
4812.0,1,2,-2.0,-2.0,-1.29,7.0,1.5,5.1,8.17,-2.0,-1.0
9047.0,1,2,1.0,-2.0,5.6,11.33,4.67,7.67,10.6,-1.0,0.0
-11785.0,0,-1,2.0,3.0,-1.0,-0.5,-6.75,-3.5,-5.5,0.0,0.0
439.0,1,2,1.0,0.0,2.1,1.0,-4.8,0.5,-1.0,-2.0,-2.0
-6399.0,0,-1,2.0,2.0,-5.67,-9.71,1.0,0.8300000000000001,-0.6699999999999999,2.0,-1.0
1702.0,1,-2,-2.0,1.0,3.8,3.67,4.0,2.1,9.0,2.0,-1.0
8074.0,1,1,-2.0,-1.0,1.5,8.0,-0.25,5.1,9.0,0.0,0.0
4019.0,1,0,1.0,-1.0,4.33,0.08,4.0,1.0,3.0,0.0,1.0
-8701.0,0,-2,1.0,2.0,-7.5,-7.6,-9.5,2.0,-0.33,0.0,0.0
-3141.0,0,-1,1.0,0.0,-0.5,-2.0,-1.0,-5.83,0.0,-2.0,1.0
-2440.0,0,-2,0.0,1.0,1.0,1.25,-7.67,1.17,-1.5,0.0,-1.0
9233.0,1,-1,-1.0,-2.0,1.0,11.2,1.33,6.5,1.75,-1.0,-1.0
2752.0,1,1,0.0,-1.0,0.0,-0.6600000000000001,0.33,3.2,3.3,0.0,1.0
3056.0,1,0,1.0,-1.0,0.0,-0.3500000000000001,-0.8300000000000001,-1.08,-3.0,-1.0,-1.0
-9611.0,0,-1,1.0,3.0,1.5,-7.17,-6.67,-2.0,-4.5,1.0,0.0
7780.0,0,2,1.0,0.0,3.75,-1.0,4.0,0.75,5.0,1.0,1.0
-3661.0,0,-2,1.0,0.0,-2.0,2.0,-5.75,-3.1,2.83,0.0,1.0
-3348.0,0,0,1.0,0.0,-1.0,-0.33,-4.0,-1.0,-5.0,0.0,-1.0
12287.0,1,2,0.0,-3.0,5.75,9.6,0.0,12.0,11.33,1.0,0.0
-1988.0,0,2,1.0,0.0,1.0,4.0,-7.0,-0.8300000000000001,-5.0,-1.0,0.0
9589.0,1,1,1.0,-1.0,0.5,8.5,2.0,4.75,8.5,0.0,0.0
47.0,0,2,1.0,0.0,1.0,-2.0,-2.0,-4.0,-4.33,1.0,0.0
-391.0,1,-2,0.0,0.0,-1.0,1.0,-1.67,7.0,7.5,0.0,0.0
2593.0,0,0,1.0,1.0,0.0,3.5,6.0,6.0,9.5,-2.0,-1.0
-1276.0,0,0,2.0,0.0,2.0,0.0,1.0,-1.0,-2.5,0.0,0.0
5016.0,1,2,1.0,0.0,-2.0,-1.0,-3.33,1.67,8.4,-2.0,0.0
-2392.0,0,0,2.0,0.0,0.0,1.5,1.5,-2.0,-3.67,-2.0,0.0
-5375.0,0,2,-1.0,1.0,4.0,0.5,-4.0,-8.2,-1.0,0.0,-1.0
-6430.0,0,0,1.0,0.0,-6.0,1.0,-8.0,-0.33,-0.0499999999999998,-4.0,-1.0
4400.0,1,0,-2.0,-1.0,2.0,1.33,5.67,7.67,1.67,2.0,1.0
-3742.0,0,0,2.0,0.0,0.5,-6.25,2.5,-5.33,-3.83,-1.0,0.0
-5072.0,0,-2,0.0,1.0,-1.5,-3.0,1.0,-4.0,3.67,0.0,0.0
-2278.0,0,-2,2.0,1.0,0.5,-0.5,-4.67,3.0,-3.67,-1.0,-1.0
1174.0,1,-2,2.0,-1.0,1.33,3.33,-3.0,-3.0,-3.0,-1.0,0.0
-1904.0,0,0,0.0,0.0,0.0,0.0,-3.0,-1.0,-4.0,-1.0,-1.0
2351.0,1,2,1.0,0.0,-0.5,-1.0,5.0,0.5,5.5,0.0,-1.0
465.0,1,1,1.0,0.0,-0.5,-2.0,0.5,-1.0,0.0,0.0,0.0
9995.0,1,1,-1.0,0.0,3.5,3.9,1.0,10.8,11.33,0.0,1.0
1286.0,1,2,-1.0,0.0,3.33,3.5,-0.5,-1.5,-0.5,0.0,0.0
-3804.0,0,-2,2.0,1.0,0.83,-1.05,-2.33,-3.33,-2.0,0.0,0.0
85.0,1,0,-2.0,0.0,-3.67,-1.0,0.25,-3.0,-2.33,0.0,0.0
-2039.0,1,0,-1.0,0.0,0.6699999999999999,2.5,-3.75,0.6699999999999999,-0.5,1.0,-1.0
-1276.0,0,-2,-1.0,-1.0,-1.5,2.67,0.0,-2.17,-3.0,-3.0,-1.0
-7144.0,0,-2,1.0,1.0,-1.5,-8.5,-3.0,-6.5,-2.83,2.0,-1.0
1288.0,0,2,0.0,-1.0,-0.3299999999999999,-6.67,-3.27,1.0,0.0,1.0,0.0
-2670.0,0,0,1.0,0.0,-1.0,-10.0,-1.25,3.5,-3.25,-1.0,-2.0
-8148.0,0,-2,2.0,2.0,-1.5,-8.0,-3.33,1.17,-0.33,1.0,1.0
-5321.0,0,-1,1.0,2.0,0.25,-0.4499999999999999,2.0,-1.75,6.75,2.0,0.0
-2329.0,0,-1,1.0,0.0,-5.0,-2.0,-0.33,1.0,-4.33,-2.0,0.0
-1064.0,1,-2,1.0,0.0,-3.67,-1.0,-0.5,3.0,-3.0,-1.0,2.0
6945.0,1,2,-1.0,-1.0,2.6,9.0,0.0,-1.67,-2.0,-2.0,-2.0
1290.0,0,0,0.0,0.0,-2.0,1.0,-0.5,3.0,3.5,0.0,0.0
-1601.0,1,0,0.0,0.0,-5.8,-2.0,2.0,1.67,0.6699999999999999,-2.0,-1.0
1340.0,1,0,0.0,1.0,2.5,5.0,4.67,1.0,-1.0,1.0,-1.0
483.0,0,-2,-2.0,1.0,-1.33,-1.0,-1.5,4.67,2.0,0.0,-1.0
-4540.0,0,-1,2.0,2.0,-5.8,-7.67,0.0,1.0,-2.33,0.0,0.0
2050.0,1,-2,0.0,0.0,1.0,0.0,3.0,4.67,4.5,-2.0,2.0
-5070.0,1,-2,-1.0,2.0,-0.83,1.67,0.0,-5.0,-6.17,1.0,0.0
4659.0,1,2,-1.0,0.0,0.0,2.67,4.0,-0.5,5.0,-1.0,-1.0
2301.0,1,0,-1.0,0.0,-4.6,4.0,0.33,6.8,11.25,0.0,1.0
-923.0,0,-2,1.0,0.0,-2.67,2.0,3.5,2.67,1.0,3.0,1.0
681.0,0,2,1.0,-1.0,0.5,0.5,3.0,-1.67,-4.67,0.0,-1.0
988.0,1,-2,2.0,0.0,1.0,2.0,6.67,-1.0,2.67,2.0,2.0
207.0,1,2,1.0,0.0,0.0,-3.0,0.5,-3.67,-4.0,0.0,0.0
-2571.0,0,0,-2.0,1.0,3.5,1.67,-1.17,0.33,1.55,-3.0,-1.0
3349.0,1,1,1.0,1.0,0.83,-0.3399999999999998,8.25,-5.57,4.67,1.0,1.0
5484.0,1,2,0.0,0.0,3.75,6.67,6.0,-1.0,0.0,-1.0,0.0
-3207.0,0,-2,-1.0,2.0,-2.67,-3.0,-7.0,0.1699999999999999,-3.5,-1.0,0.0
6995.0,1,1,1.0,-1.0,5.17,2.0,-1.0,-1.75,3.67,-2.0,-2.0
-9792.0,0,-1,1.0,0.0,-1.0,-5.2,-2.0,-5.33,-1.0,-1.0,0.0
-4287.0,0,-2,-1.0,0.0,-1.0,0.5,-1.5,-1.0,-1.0,0.0,0.0
-271.0,1,2,1.0,0.0,0.0,2.0,-0.33,3.0,3.0,1.0,0.0
-6025.0,0,-2,0.0,1.0,-1.5,-2.33,-8.0,3.0,-2.0,-1.0,0.0
8559.0,1,2,-1.0,-1.0,4.0,7.5,3.0,4.33,1.5,0.0,0.0
4502.0,1,2,1.0,-1.0,1.0,1.5,0.05,7.75,1.5,-1.0,1.0
-5634.0,0,-1,2.0,1.0,-6.8,-7.8,-4.5,2.0,0.0,0.0,-1.0
4128.0,0,2,-2.0,0.0,-5.8,3.0,2.25,1.25,10.33,0.0,-1.0
476.0,1,-2,0.0,1.0,-3.67,3.0,2.5,4.0,3.0,-1.0,1.0
18.0,0,0,2.0,-1.0,-1.33,-3.5,1.5,-4.75,-0.08,2.0,1.0
-1803.0,1,-2,-2.0,-1.0,-4.0,1.33,-4.5,4.33,1.0,-1.0,1.0
-4103.0,0,0,1.0,1.0,1.0,-2.0,-1.0,-5.0,-5.67,-1.0,0.0
-3137.0,0,-2,0.0,0.0,-3.5,-2.25,0.6699999999999999,-5.33,2.0,1.0,0.0
-5230.0,0,-2,0.0,2.0,0.0,2.0,1.0,-5.3,-9.0,0.0,0.0
-49.0,0,-2,0.0,0.0,-2.3,0.0,0.1699999999999999,-0.6699999999999999,-1.87,1.0,-1.0
4032.0,0,2,-2.0,0.0,5.0,9.33,2.67,-0.6699999999999999,9.75,0.0,0.0
7566.0,1,2,1.0,-2.0,-0.25,5.67,1.75,2.5,7.67,-1.0,1.0
1260.0,0,2,1.0,-1.0,6.83,1.0,-2.0,-2.0,-1.0,-1.0,-1.0
321.0,1,2,1.0,-1.0,-4.8,-1.0,4.0,0.1699999999999999,1.55,0.0,0.0
-6226.0,0,1,1.0,1.0,1.0,1.0,-0.5,0.5,4.5,1.0,-1.0
-5126.0,0,0,1.0,1.0,1.0,4.0,-2.17,-1.0,0.0,-1.0,-1.0
1522.0,0,2,0.0,0.0,0.0,2.25,-0.25,4.0,2.0,-1.0,-1.0
-2142.0,0,-2,-1.0,2.0,0.0,3.75,0.5,11.5,4.25,1.0,0.0
963.0,0,0,2.0,0.0,6.83,4.67,-3.0,0.0,-4.0,0.0,0.0
1628.0,0,0,0.0,0.0,6.0,1.4,0.08,-1.0,0.0,-1.0,0.0
4391.0,1,1,-2.0,-1.0,-1.33,6.0,3.6,6.75,6.0,-1.0,0.0
23.0,0,-2,0.0,-1.0,0.0,-5.8,-2.0,2.33,-0.1699999999999999,3.0,0.0
-167.0,1,1,-1.0,0.0,1.25,3.5,4.0,-0.8300000000000001,2.2,-2.0,1.0
-1434.0,0,0,1.0,0.0,-1.5,5.0,-1.17,0.5,2.0,2.0,1.0
-4311.0,0,0,-2.0,0.0,0.0,-0.75,0.0,-2.75,-1.47,0.0,2.0
2598.0,1,0,2.0,-1.0,0.0,1.17,5.0,2.5,2.5,1.0,-2.0
562.0,0,-1,0.0,0.0,3.67,-3.0,-1.5,1.0,0.0,-1.0,-1.0
3209.0,1,2,0.0,-1.0,0.66,-1.5,-0.3,3.0,0.5,0.0,0.0
5138.0,1,2,-2.0,-1.0,0.5,3.67,2.0,4.0,4.0,-1.0,0.0
-3423.0,0,-2,1.0,0.0,-4.67,3.5,2.0,-3.33,0.5,3.0,1.0
-443.0,1,-2,0.0,-2.0,0.1699999999999999,-2.25,-3.83,-3.67,-3.0,2.0,2.0
-8580.0,0,-1,2.0,4.0,-3.0,-2.0,-2.5,-2.67,-2.58,0.0,-1.0
3980.0,1,2,-1.0,-1.0,6.67,2.8,5.0,1.5,-1.5,0.0,1.0
-934.0,1,-1,-1.0,0.0,1.0,-0.3399999999999998,-5.0,-2.0,-4.2,-1.0,-1.0
-13855.0,0,-1,2.0,3.0,-3.0,-6.33,-1.4,-12.0,-12.0,-1.0,1.0
-4716.0,0,0,0.0,0.0,-4.0,1.0,-4.0,-3.0,-0.95,-2.0,0.0
-8503.0,0,-1,2.0,1.0,-4.5,-2.33,0.66,-5.0,-1.0,0.0,-1.0
6265.0,1,2,-1.0,-1.0,0.1999999999999999,2.0,3.0,9.67,9.38,0.0,-1.0
-10176.0,0,-1,-1.0,2.0,0.05,-4.83,-6.33,-10.6,-9.75,1.0,-1.0
-5293.0,0,-2,2.0,1.0,-2.33,-7.33,-1.5,1.5,3.0,1.0,1.0
-853.0,1,-1,-1.0,1.0,-2.07,1.0,0.6699999999999999,2.5,3.5,-1.0,0.0
407.0,0,0,-1.0,0.0,-2.67,-4.67,3.67,6.67,8.4,1.0,0.0
6863.0,1,1,-2.0,-2.0,4.0,5.67,5.33,12.5,1.5,1.0,2.0
2323.0,1,1,0.0,0.0,2.0,-5.5,-4.5,1.33,1.58,-1.0,1.0
-10107.0,0,-1,1.0,2.0,-0.3299999999999999,-10.5,-4.0,-2.83,-5.67,-1.0,1.0
-4640.0,0,-2,1.0,1.0,1.5,-6.5,-2.75,-0.6699999999999999,-6.67,1.0,-1.0
-634.0,1,2,0.0,-1.0,-4.25,-7.0,-5.5,2.29,3.1900000000000004,1.0,1.0
2894.0,1,2,-1.0,-1.0,-3.0,10.0,5.75,1.0,3.0,-1.0,-1.0
-13434.0,0,-2,1.0,3.0,-5.33,-8.67,-9.0,-1.58,-9.5,1.0,1.0
551.0,0,2,2.0,-1.0,-1.5,-7.2,-2.75,-1.25,0.1699999999999999,-1.0,1.0
-7471.0,0,-2,2.0,1.0,-2.67,-6.33,-6.0,-0.5,-1.5,-1.0,0.0
-8675.0,0,0,1.0,0.0,-2.33,-10.25,-1.87,-2.38,-5.17,4.0,1.0
-4773.0,0,-1,2.0,1.0,4.6,-5.75,-3.25,-1.0,2.0,2.0,1.0
1411.0,1,0,-1.0,0.0,2.0,1.5,1.0,1.0,-0.6699999999999999,3.0,0.0
-624.0,0,0,0.0,0.0,-1.5,1.5,2.5,1.0,-1.0,0.0,1.0
9316.0,1,1,-1.0,-3.0,1.5,4.0,1.0,2.5,5.33,-1.0,-1.0
-4947.0,1,-2,0.0,1.0,-1.0,-8.0,-2.27,-6.0,-4.0,0.0,-1.0
157.0,1,1,0.0,0.0,2.0,0.1699999999999999,0.5,-2.5,-5.5,0.0,-1.0
7351.0,1,2,-1.0,-2.0,-0.42,1.0,3.5,6.75,4.5,-1.0,-1.0
-632.0,0,2,-1.0,0.0,1.0,-2.0,4.67,-2.67,1.0,-1.0,1.0
-3530.0,0,-2,-1.0,1.0,-2.0,0.5,4.0,3.0,2.67,-1.0,-1.0
12480.0,1,1,-1.0,-2.0,3.0,4.47,7.5,12.62,4.33,2.0,0.0
4781.0,1,0,0.0,0.0,-0.33,3.0,2.5,3.5,4.0,0.0,0.0
6715.0,1,2,1.0,-1.0,-1.0,-1.75,3.4,7.0,1.83,1.0,-1.0
4274.0,1,2,-2.0,-2.0,4.0,3.0,-4.67,5.75,8.5,0.0,1.0
1147.0,0,-2,2.0,0.0,-0.83,2.0,-0.83,3.0,4.33,2.0,1.0
-4171.0,0,0,0.0,1.0,-2.0,0.5,-3.0,-1.17,-2.0,0.0,0.0
-5717.0,0,-2,2.0,1.0,-2.67,-2.0,-7.0,1.87,-0.25,-3.0,0.0
2530.0,0,2,1.0,-1.0,-0.58,-4.33,0.0,0.1699999999999999,3.75,2.0,0.0
-4492.0,0,-2,1.0,2.0,-6.67,5.0,3.5,-1.0,3.0,-1.0,0.0
-10324.0,0,-1,1.0,2.0,-2.0,-7.25,-0.33,-2.4,-7.5,-1.0,-2.0
-4041.0,0,-2,2.0,1.0,0.1699999999999999,-2.0,-1.0,1.0,-0.5,0.0,-1.0
5407.0,0,2,0.0,-2.0,4.5,2.5,2.5,2.47,4.5,1.0,1.0
-2962.0,0,-2,1.0,2.0,2.0,-2.25,-1.5,-1.5,1.0,2.0,2.0
-2303.0,1,-1,-2.0,0.0,-5.0,-2.5,0.0,-2.0,-1.83,0.0,0.0
320.0,0,-2,-1.0,0.0,3.67,1.33,-1.5,-4.0,-0.25,-3.0,-2.0
-6428.0,1,2,1.0,2.0,-4.67,-1.0,-1.5,-4.0,-0.1699999999999999,0.0,0.0
10055.0,1,-1,-1.0,-2.0,1.9,7.5,1.67,2.67,13.4,1.0,-1.0
-373.0,1,1,-1.0,0.0,-2.5,1.0,-1.0,4.5,4.5,0.0,1.0
3429.0,1,-1,-1.0,0.0,-1.0,0.33,2.0,1.75,-1.0,0.0,0.0
2173.0,1,2,0.0,0.0,-0.5,-0.08,5.5,2.5,1.66,1.0,0.0
-1104.0,1,0,-1.0,1.0,-0.92,-7.0,1.0,-3.0,-6.0,1.0,1.0
7865.0,1,1,0.0,-2.0,2.0,1.5,3.5,7.5,2.33,-1.0,-1.0
4733.0,0,2,-2.0,-2.0,3.0,1.5,-4.5,2.66,0.0,-2.0,-1.0
-5075.0,0,-2,1.0,2.0,-0.1699999999999999,-1.0,0.5,0.25,-3.5,-2.0,1.0
-8572.0,0,0,-1.0,2.0,-4.5,-2.0,-10.25,-1.92,-4.0,-1.0,1.0
2032.0,1,0,1.0,-1.0,0.75,-3.5,-6.5,2.0,-1.0,1.0,2.0
-2341.0,1,0,-1.0,1.0,-3.0,-2.0,5.2,5.0,1.08,0.0,2.0
4413.0,1,1,-1.0,-1.0,5.8,1.0,0.92,3.0,4.5,0.0,0.0
-6112.0,0,-2,2.0,3.0,-0.5,-2.0,-3.33,-0.5,-2.5,1.0,0.0
2323.0,1,-1,-1.0,-1.0,1.33,9.33,0.3299999999999999,5.0,6.0,0.0,0.0
-2501.0,0,-2,1.0,2.0,0.0,2.5,-6.8,0.5,0.5,0.0,1.0
-1077.0,1,2,-1.0,-1.0,0.0,-1.0,1.0,1.67,4.0,4.0,1.0
-1811.0,0,0,2.0,1.0,-2.33,1.5,1.0,-3.67,-1.17,-1.0,0.0
5078.0,0,0,0.0,-2.0,0.0,3.0,4.0,-3.0,-2.83,2.0,0.0
983.0,1,2,0.0,-1.0,-3.0,-7.67,-2.0,-2.83,-6.0,-2.0,0.0
-7991.0,0,0,2.0,2.0,-2.0,-6.33,-6.0,-5.0,-6.75,-2.0,0.0
2623.0,1,-2,2.0,0.0,0.83,-2.5,-3.0,3.4,6.0,-1.0,0.0
-8340.0,0,0,2.0,2.0,-4.0,-4.0,-6.0,-4.33,-0.75,0.0,0.0
-3871.0,0,-2,-2.0,0.0,0.1699999999999999,-1.0,-2.0,0.0,0.0,0.0,-1.0
6910.0,1,2,-2.0,-2.0,-1.5,2.4,-1.5,3.4,7.5,-2.0,-1.0
2867.0,1,0,-1.0,0.0,2.0,7.25,3.0,-4.5,2.33,3.0,1.0
-787.0,0,0,-1.0,0.0,4.0,-0.5,4.33,-1.75,-5.25,0.0,1.0
5999.0,1,2,-1.0,-1.0,-3.0,3.67,3.0,2.33,5.0,-1.0,0.0
-757.0,0,1,1.0,0.0,-3.75,-1.0,-3.0,-1.0,-1.5,0.0,0.0
3604.0,1,2,2.0,0.0,-1.0,0.6699999999999999,2.83,3.33,0.8999999999999999,0.0,1.0
3703.0,1,2,0.0,-1.0,-2.5,1.0,3.5,4.0,0.6699999999999999,-2.0,-1.0
5406.0,1,2,-2.0,-2.0,-0.92,1.5,3.0,4.5,-1.0,0.0,0.0
2102.0,0,0,2.0,0.0,1.0,-2.0,-2.0,-1.0,-1.0,-1.0,1.0
-7592.0,0,-1,2.0,1.0,2.5,-1.83,-1.33,-12.0,-11.86,2.0,1.0
4595.0,1,2,0.0,-1.0,7.0,6.6,-5.6,1.17,-0.75,-1.0,0.0
3914.0,1,2,1.0,-2.0,5.6,4.8,0.25,-3.33,1.5,2.0,-1.0
-476.0,0,-2,2.0,0.0,1.83,-3.0,-0.5,-1.5,-6.67,2.0,0.0
1472.0,0,0,1.0,0.0,-1.33,0.4199999999999999,5.75,-5.0,-5.33,-1.0,1.0
-4777.0,1,-2,-1.0,2.0,-0.83,-2.67,-0.33,2.0,3.33,1.0,0.0
267.0,1,-1,-1.0,0.0,0.0,2.67,6.83,-5.75,1.0,0.0,0.0
1808.0,1,2,1.0,-1.0,5.0,0.0,-1.0,0.0,2.0,2.0,2.0
-8509.0,0,-2,2.0,2.0,-3.75,-7.67,-4.8,-5.5,-5.5,0.0,-1.0
1438.0,1,2,1.0,-1.0,-3.33,5.25,2.75,-4.5,-4.57,1.0,0.0
-1672.0,0,-2,1.0,1.0,-1.5,10.0,-0.25,-0.2299999999999999,-0.8,-1.0,-2.0
-1617.0,0,-2,2.0,1.0,-1.0,-1.5,-2.75,1.5,0.5,-1.0,1.0
5035.0,1,2,-2.0,0.0,4.0,3.75,0.5,4.0,3.0,-1.0,-1.0
2730.0,1,1,-2.0,0.0,-1.0,2.5,3.0,5.33,5.33,-1.0,-1.0
8778.0,1,0,1.0,-1.0,3.0,1.0,6.75,3.5,7.5,2.0,1.0
-1914.0,1,-2,-2.0,0.0,-0.5,-2.7,-4.0,-1.45,-7.67,-2.0,1.0
3693.0,1,2,1.0,-2.0,2.34,4.0,1.58,4.83,2.5,2.0,0.0
1812.0,0,1,-1.0,0.0,0.0,-1.5,1.0,2.0,4.33,1.0,1.0
-725.0,0,-1,1.0,0.0,-2.67,2.0,3.0,1.5,-2.0,1.0,-1.0
2004.0,1,0,-1.0,0.0,0.0,0.0,2.5,-2.0,0.0,-1.0,-1.0
-2199.0,0,-2,0.0,0.0,0.5,-1.0,-1.67,-4.0,-4.0,1.0,0.0
6338.0,1,2,1.0,-2.0,5.83,-4.0,-1.0,2.67,1.0,-3.0,-1.0
-872.0,1,-2,-2.0,1.0,0.27,10.0,2.5,0.5,1.0,0.0,0.0
-5060.0,0,0,2.0,1.0,-6.0,-7.67,0.0,-3.0,-6.0,1.0,-2.0
-4140.0,0,-2,1.0,0.0,-3.5,-3.25,-0.5,-7.0,-6.0,1.0,-1.0
7430.0,1,0,-1.0,-1.0,2.33,9.5,1.67,15.6,13.71,-1.0,1.0
-3007.0,0,2,1.0,0.0,1.0,-2.75,-2.83,-4.0,-7.0,-1.0,-1.0
2174.0,1,2,1.0,-1.0,0.0,1.0,0.5,-1.0,-4.0,1.0,0.0
2684.0,1,0,0.0,0.0,1.0,5.33,2.0,1.0,4.0,-2.0,-1.0
-4536.0,0,-2,1.0,0.0,-4.0,-1.0,2.0,-0.7,-1.5,0.0,0.0
13030.0,1,1,-2.0,-2.0,4.0,10.75,9.0,1.67,1.67,-1.0,0.0
2795.0,0,-1,0.0,0.0,-1.0699999999999998,2.0,-5.33,6.0,3.5,-2.0,-1.0
-1245.0,1,2,1.0,2.0,0.6699999999999999,6.0,0.0,4.5,0.5,-1.0,-1.0
-6733.0,0,-2,2.0,0.0,-2.0,-2.5,-0.5,0.6699999999999999,-0.5,1.0,1.0
2698.0,0,0,0.0,0.0,2.0,1.0,2.0,2.0,4.17,0.0,-2.0
-1295.0,1,0,-2.0,0.0,1.33,4.0,-3.33,1.67,0.8300000000000001,-1.0,-1.0
-9440.0,0,-1,1.0,2.0,-6.0,-6.0,-3.5,-2.0,-0.5,-1.0,-1.0
-4820.0,0,-2,2.0,1.0,-6.0,-1.5,-2.0,0.5,-2.0,-1.0,0.0
851.0,1,-2,-1.0,0.0,-5.75,8.6,3.5,4.25,0.0,-2.0,0.0
-8563.0,1,-1,-1.0,1.0,-5.0,-2.0,-6.33,2.0,0.0,0.0,1.0
-2520.0,0,-1,1.0,0.0,0.5,-0.33,0.0,-2.25,1.17,2.0,1.0
-5716.0,0,-1,-1.0,1.0,-4.0,-7.0,-7.0,-3.67,-1.5,0.0,0.0
218.0,1,2,1.0,-1.0,0.83,-4.0,-7.5,7.5,0.3,0.0,-1.0
-357.0,0,-2,-1.0,0.0,-2.0,-2.0,-2.0,1.84,-1.0,-1.0,-1.0
-5465.0,0,-2,1.0,1.0,-6.0,-7.0,-4.5,2.0,-0.9,-1.0,0.0
409.0,0,1,-2.0,0.0,-4.8,2.67,2.0,2.0,2.5,0.0,2.0
-6736.0,0,-1,2.0,0.0,-3.0,-10.75,-5.36,-1.0,0.1999999999999999,0.0,2.0
651.0,1,0,-1.0,-1.0,0.5,-0.4199999999999999,-3.2,4.0,3.5,1.0,-1.0
3193.0,1,0,1.0,0.0,6.0,0.33,7.25,-1.0,7.25,0.0,1.0
8085.0,1,-1,-1.0,-1.0,1.33,4.0,-0.3299999999999999,6.6,10.33,1.0,-1.0
-3914.0,0,0,-2.0,0.0,-6.0,5.25,0.75,-1.83,-6.75,-1.0,-2.0
-2595.0,0,0,1.0,1.0,0.0,-3.0,-0.5,-2.5,-9.25,2.0,1.0
-2520.0,0,0,2.0,1.0,-3.33,-2.67,3.5,4.75,0.0,-1.0,0.0
-6049.0,0,-2,2.0,1.0,-4.25,-2.5,-2.6,-7.0,-11.2,0.0,0.0
-3982.0,0,-2,1.0,0.0,-1.0,-2.67,-1.0,-0.1699999999999999,-4.0,-3.0,0.0
-6311.0,0,-2,-1.0,1.0,-1.67,-10.33,-6.0,2.67,-1.83,0.0,-1.0
11744.0,1,2,-2.0,-3.0,1.5,13.2,0.33,12.86,15.8,0.0,-1.0
-1907.0,0,-2,1.0,0.0,2.0,5.5,0.6699999999999999,-1.42,0.0,-1.0,0.0
83.0,1,1,0.0,-1.0,1.33,1.0,4.5,-5.0,-1.0,1.0,2.0
-6168.0,0,0,1.0,1.0,1.5,-5.75,-3.5,-6.0,-5.5,2.0,1.0
5159.0,1,2,-2.0,-1.0,1.5,2.0,2.0,3.5,5.5,0.0,0.0
-5226.0,0,-2,1.0,1.0,-3.17,-3.67,0.6699999999999999,-1.0,-6.0,2.0,1.0
1026.0,1,-1,0.0,0.0,3.67,4.5,1.0,-1.0,-1.5,-2.0,-2.0
1428.0,1,2,1.0,0.0,0.0,-1.25,-2.0,8.4,6.67,0.0,1.0
10634.0,1,1,-1.0,-3.0,0.5,11.0,-0.5,10.0,7.0,0.0,1.0
5454.0,1,2,1.0,-1.0,5.75,-3.5,0.3299999999999999,-4.0,-1.0,1.0,1.0
-423.0,1,-1,-1.0,1.0,1.0,-0.6600000000000001,-1.33,4.17,3.0,-2.0,0.0
-1099.0,0,-2,-2.0,1.0,-2.5,-1.0,1.5,1.0,-2.33,0.0,1.0
5448.0,1,-1,-1.0,0.0,3.67,12.5,0.8300000000000001,-0.6699999999999999,2.81,-1.0,2.0
-6189.0,0,-2,-2.0,0.0,-1.0,-8.0,0.92,-4.0,0.3999999999999999,-1.0,0.0
1244.0,0,0,-1.0,0.0,0.92,1.0,-2.0,1.33,-5.67,2.0,0.0
-5418.0,1,-1,1.0,2.0,0.0,-5.5,-4.5,-9.8,-4.5,-1.0,0.0
3547.0,0,2,1.0,-2.0,-4.0,-4.0,-0.5,-1.75,-3.3,-1.0,1.0
-237.0,0,2,2.0,-1.0,2.0,3.0,-1.0,-2.0,-2.0,0.0,-1.0
6899.0,1,0,0.0,0.0,0.0,4.33,1.5,11.5,11.25,2.0,1.0
787.0,1,0,1.0,0.0,-1.4,-0.4199999999999999,-0.1699999999999999,0.4199999999999999,-1.25,0.0,0.0
609.0,1,2,-2.0,-1.0,-0.83,1.33,-3.25,2.33,-2.0,-1.0,-1.0
-8737.0,0,-2,2.0,1.0,-2.33,-6.75,-5.0,-5.0,-5.0,3.0,-1.0
-6460.0,0,0,-1.0,-1.0,-5.5,-9.5,-3.5,-3.33,-8.0,-1.0,1.0
-185.0,1,-2,2.0,1.0,-3.75,-9.67,-3.6,3.0,2.33,1.0,-1.0
-5304.0,1,0,0.0,1.0,-2.42,-7.75,-2.0,0.0,-1.0,0.0,1.0
10243.0,1,1,-1.0,-3.0,1.75,6.0,4.0,5.0,9.0,-1.0,-1.0
5697.0,1,2,-2.0,-2.0,6.0,3.0,2.0,-0.5,-1.0,-3.0,-2.0
-5382.0,0,-1,1.0,1.0,-0.33,1.25,-1.0,-5.25,-7.0,3.0,1.0
2686.0,0,1,1.0,-1.0,0.0,0.33,2.5,5.0,-4.5,1.0,-1.0
4054.0,1,2,1.0,-1.0,-1.0,5.0,-3.0,9.0,9.8,-1.0,1.0
4831.0,1,-1,-2.0,0.0,5.0,7.0,-0.5,1.17,2.17,-1.0,0.0
4873.0,0,1,0.0,-2.0,3.4,3.75,1.25,8.0,7.5,0.0,-1.0
-894.0,0,-2,2.0,0.0,0.1699999999999999,-4.5,4.67,0.0,-0.25,-1.0,1.0
-4983.0,0,-1,1.0,2.0,-4.0,0.5,2.0,3.5,1.0,1.0,1.0
-4241.0,0,-1,2.0,1.0,1.0,-7.0,-3.83,-3.0,-3.0,5.0,-1.0
-8450.0,0,1,1.0,1.0,-4.5,-4.21,-18.2,-11.0,-4.67,2.0,0.0
3067.0,1,0,-1.0,0.0,4.5,3.5,-1.0,-1.0,3.5,0.0,-1.0
3838.0,1,0,-1.0,0.0,1.0,-2.17,-1.67,4.07,13.0,0.0,1.0
981.0,1,1,0.0,0.0,-1.5,-1.33,2.0,1.0,1.0,1.0,0.0
-3336.0,1,0,0.0,1.0,0.0,-2.0,3.0,-6.0,-6.5,-3.0,0.0
-4057.0,0,0,1.0,0.0,1.9,-6.67,-4.67,-2.58,-1.25,2.0,-1.0
-2076.0,1,-1,1.0,1.0,-1.0,-0.5,1.0,1.5,-3.25,1.0,1.0
-2015.0,0,0,-2.0,1.0,2.67,-2.0,0.0,-4.0,-0.5,3.0,1.0
-1160.0,1,-2,-1.0,1.0,-2.25,-0.5,3.5,0.33,-1.67,0.0,-2.0
2385.0,0,2,1.0,-1.0,2.25,-0.5,0.7300000000000001,0.0,-1.5,4.0,2.0
5033.0,1,1,-1.0,-2.0,0.5,-0.6699999999999999,-2.0,3.83,0.5,2.0,1.0
4590.0,1,2,-1.0,-1.0,-1.5,3.0,-0.6699999999999999,5.0,7.0,0.0,-1.0
-1256.0,0,0,1.0,0.0,-3.67,-0.5,4.8,0.1699999999999999,-2.0,1.0,0.0
537.0,0,0,1.0,-1.0,1.0,0.5,-1.0,0.33,-0.6699999999999999,-1.0,0.0
6478.0,1,-1,-1.0,-2.0,-1.33,2.66,3.5,7.6,10.67,0.0,-1.0
577.0,1,0,0.0,0.0,0.0,0.0,1.0,3.0,1.0,0.0,0.0
6164.0,1,2,-1.0,-1.0,2.4,0.0,4.5,4.33,5.0,2.0,1.0
4003.0,1,0,-1.0,-1.0,0.5800000000000001,2.0,2.5,1.0,6.6,-2.0,-1.0
-9223.0,0,0,1.0,1.0,3.8,-6.9,-3.75,-2.79,-1.0,0.0,0.0
184.0,1,2,-1.0,0.0,1.5,-2.33,1.0,0.0,2.75,1.0,-1.0
4691.0,1,2,1.0,0.0,0.6699999999999999,11.0,6.8,1.0,8.0,-2.0,-1.0
3298.0,1,2,0.0,0.0,2.0,4.0,4.67,-3.0,-1.0,1.0,1.0
3064.0,1,2,-1.0,0.0,2.0,5.0,4.33,-1.5,-4.0,0.0,0.0
-663.0,0,0,0.0,0.0,0.0,-4.0,-2.5,4.25,0.0,0.0,1.0
2974.0,1,0,-2.0,-1.0,-4.8,1.0,1.0,9.75,4.0,-1.0,-1.0
791.0,1,-2,0.0,1.0,0.0,-4.67,1.67,-1.5,-1.5,0.0,1.0
-2644.0,0,0,-1.0,1.0,1.0,1.0,-0.5,0.5,3.5,0.0,1.0
-2090.0,1,1,1.0,0.0,1.08,1.0,-1.0,-3.0,-7.5,0.0,0.0
4503.0,1,0,-1.0,0.0,1.0,8.0,0.0,1.75,8.17,-1.0,1.0
-4349.0,0,0,1.0,2.0,-8.89,2.0,1.33,-6.0,-6.75,-3.0,0.0
-618.0,1,0,-1.0,-1.0,-2.0,-1.0,-0.33,2.0,1.83,0.0,0.0
718.0,1,-2,0.0,0.0,-1.75,6.67,1.08,5.5,6.75,1.0,1.0
6261.0,1,2,2.0,-1.0,3.67,0.75,0.5,8.5,4.0,-1.0,2.0
680.0,1,0,-1.0,-1.0,1.83,1.0,-0.33,2.0,3.67,2.0,0.0
-4616.0,0,0,0.0,0.0,-1.5,-1.0,-9.8,1.0,2.0,-1.0,1.0
-3332.0,0,-2,2.0,0.0,1.0,-6.0,-4.0,-1.5,-1.5,0.0,1.0
-1068.0,1,0,-1.0,-2.0,-7.8,0.0,-3.25,-7.0,-7.0,1.0,-1.0
-4923.0,0,0,2.0,0.0,-0.33,-1.5,-1.2,-9.17,-0.33,0.0,1.0
2249.0,1,-1,-1.0,0.0,0.07,9.5,7.75,1.0,4.0,1.0,1.0
2897.0,0,1,-1.0,0.0,-1.5,4.5,0.0,-0.6699999999999999,4.0,1.0,-1.0
588.0,1,0,-1.0,1.0,4.75,3.5,-1.4,4.0,1.87,0.0,1.0
-6507.0,0,-2,2.0,0.0,-3.75,-8.25,1.75,-0.6699999999999999,-2.33,-1.0,-2.0
-10885.0,0,0,1.0,2.0,-0.8300000000000001,-16.17,-4.0,-4.5,-3.33,1.0,0.0
1811.0,0,0,0.0,-1.0,-0.5,3.5,1.5,0.1699999999999999,2.5,-1.0,0.0
-3246.0,1,-2,-1.0,1.0,0.0,0.75,-3.0,0.0,1.0,-2.0,-1.0
971.0,1,0,1.0,0.0,2.5,-1.5,5.0,0.8,-3.5,1.0,0.0
1023.0,0,2,1.0,0.0,-1.5,-1.0,0.1699999999999999,1.0,-1.5,-1.0,0.0
-7124.0,0,0,1.0,0.0,-3.83,-6.4,-4.67,2.0,1.0,1.0,1.0
-344.0,0,0,1.0,0.0,-1.0,-2.0,-0.8300000000000001,0.33,-0.8500000000000001,-2.0,0.0
2030.0,1,0,1.0,-1.0,-2.0,-4.0,0.5,0.0,-0.8300000000000001,1.0,0.0
-1525.0,0,0,-1.0,0.0,-6.5,-1.5,1.0,5.0,0.3399999999999998,-2.0,0.0
1943.0,1,2,2.0,-1.0,4.0,-4.0,-0.6699999999999999,1.0,-1.0,1.0,1.0
-1634.0,0,2,-2.0,0.0,2.0,0.5,-4.75,-5.25,-2.75,0.0,0.0
1698.0,1,1,-1.0,0.0,4.0,1.0,0.5,-1.0,3.33,-1.0,-1.0
-1614.0,0,-2,-1.0,1.0,-4.8,-12.5,0.0,1.73,-2.0,-3.0,-1.0
-4359.0,0,2,2.0,0.0,-2.5,-1.67,-1.5,-4.33,-5.33,1.0,0.0
2788.0,0,2,1.0,0.0,1.0,0.6699999999999999,1.0,2.0,-0.08,3.0,0.0
7678.0,1,-1,-1.0,0.0,0.0,3.5,5.25,16.0,15.86,0.0,-1.0
3234.0,1,2,-1.0,-1.0,-0.3299999999999999,4.0,1.0,5.0,6.0,0.0,0.0
219.0,1,2,1.0,0.0,-1.0,-2.0,3.75,-3.0,-3.0,0.0,2.0
-4194.0,0,-2,1.0,1.0,-3.0,-2.0,1.0,-2.8,-2.17,-3.0,0.0
-3482.0,0,-2,1.0,1.0,1.0,3.5,1.33,-0.5800000000000001,-4.0,-1.0,-1.0
-4362.0,0,0,1.0,0.0,-2.0,-9.5,-0.6699999999999999,-9.33,-9.67,0.0,1.0
-5880.0,0,-2,0.0,1.0,-1.75,-1.25,-2.53,-2.0,-2.5,2.0,2.0
-5587.0,0,-1,0.0,0.0,-1.0,-2.17,-7.67,-1.0,-5.5,2.0,-1.0
-3513.0,0,0,1.0,0.0,-2.0,0.33,-4.0,-1.5,-7.25,0.0,0.0
-1808.0,0,1,1.0,0.0,5.0,-4.5,-1.67,-4.0,-0.8300000000000001,1.0,1.0
-377.0,0,-2,1.0,0.0,0.83,-2.0,-0.25,-2.0,0.5,1.0,0.0
2303.0,1,2,-2.0,-1.0,-0.5,3.25,5.0,1.0,2.33,2.0,0.0
-3950.0,0,-2,0.0,0.0,-3.0,-2.0,-1.0699999999999998,-0.5,0.6699999999999999,1.0,0.0
-187.0,0,2,1.0,0.0,2.0,0.08,-1.0,-6.0,-2.33,0.0,-1.0
887.0,0,2,-1.0,0.0,6.83,4.0,-4.33,-2.0,-2.33,-1.0,-1.0
-580.0,0,-1,1.0,0.0,-0.33,3.5,3.0,-2.5,-0.08,0.0,0.0
4996.0,1,0,-1.0,-1.0,8.86,2.1,-7.33,0.0,-2.0,-3.0,0.0
1025.0,0,0,-1.0,-1.0,-2.0,4.0,1.0,3.0,5.0,1.0,1.0
451.0,0,2,1.0,-1.0,-3.0,0.5,-3.25,5.5,3.33,-1.0,2.0
3464.0,1,2,2.0,-1.0,2.2,1.0,4.0,-2.5,-1.0,0.0,-1.0
-4891.0,0,0,1.0,0.0,-5.0,-2.5,-1.0,-5.25,-1.0,0.0,1.0
-1155.0,1,2,1.0,0.0,-1.0,-6.0,-0.83,0.0,-5.67,0.0,1.0
-6793.0,0,0,2.0,1.0,1.0,-1.25,-1.67,-11.6,-5.67,0.0,0.0
-368.0,1,0,1.0,0.0,-5.8,-3.0,2.5,0.9,-12.67,-2.0,-1.0
1429.0,0,1,1.0,0.0,2.67,1.0,-2.5,-6.0,-5.67,1.0,1.0
1432.0,1,2,0.0,-1.0,5.83,7.0,0.0,1.0,2.0,2.0,1.0
-578.0,1,2,-1.0,0.0,-2.1,2.33,0.6699999999999999,-2.75,0.33,1.0,1.0
3902.0,0,-1,1.0,0.0,-0.75,0.33,1.0,3.0,1.0,1.0,-2.0
-5717.0,0,0,1.0,1.0,6.0,-2.33,-1.6,-1.67,-1.5,-2.0,-1.0
721.0,1,2,-1.0,0.0,-4.67,-2.5,3.0,2.5,9.4,-1.0,0.0
-2484.0,1,0,1.0,1.0,2.67,-5.5,-9.0,-10.5,-4.17,0.0,0.0
-347.0,0,0,1.0,0.0,-0.5,0.0,-3.0,-2.67,0.0,0.0,1.0
-2533.0,1,0,-1.0,2.0,2.0,-2.0,3.14,-2.33,10.8,2.0,0.0
-3805.0,0,0,0.0,0.0,-1.0,-9.33,-6.0,2.17,-4.5,0.0,0.0
5928.0,1,2,-1.0,-2.0,-1.5,-2.0,1.67,6.33,6.0,0.0,1.0
-9244.0,0,-2,1.0,3.0,1.0,-6.5,-6.0,-5.0,-4.0,-1.0,-2.0
1028.0,1,0,1.0,0.0,-2.0,0.0,1.0,0.0,1.0,-1.0,-1.0
2952.0,1,2,0.0,0.0,0.5,0.0,2.5,-1.67,0.1699999999999999,2.0,2.0
-2108.0,1,0,0.0,0.0,2.0,0.5,-2.0,-0.6699999999999999,0.0,-1.0,1.0
10844.0,1,1,-2.0,-2.0,3.6,5.5,7.0,2.0,2.0,-3.0,0.0
-4102.0,0,1,2.0,0.0,1.75,-9.0,-7.0,-6.0,-5.75,0.0,-2.0
3590.0,1,2,0.0,0.0,1.67,3.67,-1.33,4.5,1.5,0.0,1.0
1983.0,0,-2,1.0,0.0,-4.0,1.25,2.5,-2.5,-6.0,0.0,1.0
-3855.0,0,-2,-1.0,1.0,-1.0,4.0,1.0,-1.0,-3.0,-2.0,0.0
-628.0,0,0,-1.0,0.0,1.66,0.33,-4.33,-1.0,-3.0,-1.0,0.0
-2304.0,1,1,1.0,0.0,-3.0,6.0,6.75,-2.17,-0.5,2.0,1.0
-2045.0,0,-2,0.0,0.0,-1.0,5.5,-4.5,5.0,3.5,0.0,2.0
4131.0,1,2,-1.0,0.0,9.0,9.8,0.5,-0.5,3.75,1.0,1.0
5225.0,1,2,1.0,0.0,-1.58,2.5,-2.0,-0.1999999999999999,-1.83,-2.0,0.0
-1612.0,0,0,1.0,0.0,-1.17,-3.25,0.0,-5.5,-0.25,-2.0,-1.0
-2152.0,0,0,0.0,0.0,3.0,1.5,0.08,-5.67,-4.0,-1.0,1.0
17.0,1,0,-2.0,0.0,-2.33,4.0,2.5,-1.0,3.0,0.0,0.0
8605.0,1,1,0.0,-1.0,1.73,9.0,7.0,1.67,1.5,-1.0,2.0
