,sequence_number,gold_difference,team_win,herald_difference,dragon_difference,kda_difference_top,kda_difference_jungle,kda_difference_mid,kda_difference_ad,kda_difference_sp,score_lane,score_role
0,1,9038.0,1,2,-1.0,0.0,12.4,-3.0,11.67,3.4,2.0,-1.0
1,2,4860.0,0,2,-2.0,2.83,0.5,-1.0,1.0,-2.0,-1.0,0.0
2,3,4552.0,1,0,-1.0,1.5,-0.1699999999999999,1.0,0.6699999999999999,2.0,-1.0,1.0
3,4,-608.0,1,1,0.0,-1.5,0.5700000000000001,1.0,-0.8300000000000001,-3.83,3.0,0.0
4,5,-6015.0,0,-2,1.0,2.0,-5.0,0.0,-5.5,-6.0,0.0,1.0
5,6,-5084.0,0,-2,-1.0,0.92,-1.42,-1.0,-5.75,-10.0,-1.0,-2.0
6,7,3634.0,0,0,-2.0,7.67,1.25,-1.67,3.0,1.0,-1.0,1.0
7,8,-8771.0,0,-1,2.0,-1.5,-4.0,-1.5,-6.33,-5.5,1.0,1.0
8,9,5556.0,1,-1,-2.0,0.0,10.0,1.0,4.5,10.5,-1.0,1.0
9,10,2003.0,1,0,-1.0,-1.75,5.67,3.25,1.0,2.75,0.0,0.0
10,11,-2458.0,0,-2,1.0,-1.5,0.0,-0.1499999999999999,-3.33,-7.33,-1.0,-1.0
11,12,-4146.0,0,-1,-1.0,-3.33,-3.0,1.1,-2.0,0.08,0.0,0.0
12,13,-6686.0,1,-2,-1.0,-0.33,-2.4,-2.0,-2.67,-6.75,1.0,1.0
13,14,-4144.0,0,1,1.0,-7.0,-10.0,-1.5,-9.0,1.0,-1.0,0.0
14,15,-1287.0,0,-2,0.0,-1.0,-1.0,-3.5,-1.5,1.33,0.0,-1.0
15,16,-2686.0,0,-2,1.0,3.0,-1.25,0.0,-5.5,-6.0,-1.0,0.0
16,17,-345.0,0,-2,-1.0,-2.71,2.5,3.0,6.0,7.0,-1.0,0.0
17,18,2348.0,1,1,-1.0,1.0,3.0,0.4,2.5,-0.27,2.0,-1.0
18,19,124.0,1,0,1.0,0.3299999999999999,5.67,2.0,0.0,0.0,-1.0,-1.0
19,20,3330.0,1,2,0.0,5.5,1.42,3.25,-3.0,-3.5,1.0,2.0
20,21,9940.0,1,2,-2.0,3.0,7.6,2.0,13.33,13.71,1.0,2.0
21,22,-4219.0,0,2,2.0,-4.0,-3.5,1.0,-6.0,-2.0,3.0,0.0
22,23,4013.0,1,2,0.0,1.83,4.0,0.0,0.5,4.67,-2.0,0.0
23,24,5604.0,1,2,1.0,3.5,7.5,2.0,6.5,7.0,3.0,1.0
24,25,-7059.0,0,-2,-1.0,-5.0,-3.5,-3.0,0.0,-0.5,0.0,0.0
25,26,-498.0,1,0,-1.0,-3.67,-3.0,1.5,2.0,5.25,1.0,1.0
26,27,9703.0,1,1,0.0,4.0,7.4,4.67,0.0,-2.0,3.0,1.0
27,28,7002.0,1,2,-2.0,3.67,3.8,4.0,1.0,6.0,0.0,1.0
28,29,3243.0,1,2,1.0,-0.6699999999999999,0.5,-0.5800000000000001,-2.33,-4.0,-1.0,0.0
29,30,-3783.0,0,-2,-1.0,-7.0,-4.0,-4.0,2.0,2.33,1.0,1.0
30,31,87.0,1,2,1.0,6.0,-1.0,-0.66,-5.67,-5.5,0.0,0.0
31,32,-1223.0,1,0,2.0,2.5,6.75,-1.0,-1.58,-7.75,1.0,1.0
32,33,4937.0,1,1,2.0,2.33,0.0,2.25,2.5,-0.08,0.0,0.0
33,34,-4006.0,0,-2,1.0,0.1999999999999999,-5.33,-3.33,2.0,3.0,0.0,0.0
34,35,-5247.0,0,-2,-1.0,0.0,-5.0,-2.0,-4.0,-3.0,0.0,2.0
35,36,-2020.0,0,2,2.0,2.5,-4.67,0.5,1.5,-4.5,0.0,0.0
36,37,4192.0,0,2,-1.0,5.83,-5.75,-5.33,0.4499999999999999,0.33,0.0,-2.0
37,38,-4535.0,0,-2,0.0,0.0,-7.2,0.0,-3.0,-4.25,2.0,0.0
38,39,-5240.0,0,-2,2.0,-4.25,0.3500000000000001,-4.67,-5.0,-2.33,-1.0,1.0
39,40,3944.0,1,0,0.0,-1.0,1.25,1.17,-0.33,0.5,2.0,1.0
40,41,3081.0,1,-1,2.0,3.0,0.0,0.1699999999999999,-1.5,-0.1699999999999999,1.0,0.0
41,42,-5036.0,0,-2,-1.0,-2.67,0.5,0.6600000000000001,5.75,1.0,0.0,-1.0
42,43,3136.0,1,0,-1.0,0.5,2.75,7.0,-1.0,-9.17,2.0,0.0
43,44,2613.0,1,-2,-1.0,1.33,5.25,-0.08,3.0,7.5,-3.0,-1.0
44,45,-2999.0,0,0,1.0,-2.0,6.67,-3.17,1.0,1.33,0.0,-1.0
45,46,1389.0,1,0,-2.0,0.0,9.0,2.25,7.25,1.5,0.0,-2.0
46,47,4821.0,1,2,0.0,2.0,1.5,3.67,3.0,4.0,1.0,0.0
47,48,-5725.0,0,-2,2.0,-2.0,-7.75,-3.0,-4.0,-2.08,-1.0,-1.0
48,49,967.0,0,0,2.0,-5.67,3.0,-1.0,2.0,4.0,1.0,0.0
49,50,-18.0,0,0,2.0,-3.5,-2.0,0.5,2.0,2.0,0.0,-2.0
50,51,693.0,1,0,1.0,-2.67,-1.5,-1.0,-2.0,-1.0,1.0,0.0
51,52,-1216.0,1,2,-1.0,1.33,-4.0,-0.5,-3.0,-0.5,1.0,1.0
52,53,-5166.0,0,0,1.0,1.0,-0.8,1.75,-9.25,-9.67,1.0,-1.0
53,54,-9207.0,0,-2,2.0,-6.1,-1.4,-4.6,-4.0,-3.5,0.0,0.0
54,55,-505.0,0,1,2.0,-2.0,-2.0,-3.33,-1.0,1.0,0.0,0.0
55,56,2588.0,1,0,-1.0,3.0,2.35,0.08,3.75,4.0,2.0,0.0
56,57,-4571.0,0,-2,1.0,-3.0,-3.5,-6.8,1.66,4.83,0.0,-2.0
57,58,4851.0,1,0,-1.0,3.0,6.0,2.0,7.0,7.0,1.0,0.0
58,59,3006.0,1,-2,1.0,4.0,2.0,0.5,0.4,2.67,-2.0,0.0
59,60,-2952.0,0,1,0.0,0.83,-2.0,1.0,-8.8,-4.9,1.0,0.0
60,61,3346.0,1,0,0.0,-2.0,0.5,2.0,-0.6699999999999999,0.0,1.0,1.0
61,62,3817.0,1,2,-1.0,6.5,3.25,3.8,-9.0,-7.17,-2.0,0.0
62,63,1441.0,1,2,2.0,1.0,-1.5,-5.67,2.66,1.33,-1.0,-1.0
63,64,3725.0,0,2,1.0,-3.0,-1.34,2.5,-3.0,-0.33,-1.0,0.0
64,65,2544.0,1,-2,2.0,2.0,3.0,6.0,4.0,4.0,1.0,0.0
65,66,-2154.0,0,-2,-1.0,3.0,-1.25,-4.5,-3.75,2.0,2.0,-1.0
66,67,-2747.0,0,-2,2.0,1.0,-9.0,-1.33,-1.0,-5.33,-4.0,0.0
67,68,-1940.0,0,0,1.0,0.25,-3.0,0.0,-2.24,-7.33,0.0,-1.0
68,69,1401.0,0,2,1.0,0.5,1.33,-2.0,-0.5,-4.25,1.0,1.0
69,70,8883.0,1,1,-1.0,3.21,3.0,6.67,-2.0,-1.0,-1.0,0.0
70,71,553.0,1,-1,0.0,1.5,0.0,2.0,0.0,-0.1699999999999999,0.0,-1.0
71,72,2934.0,1,0,-1.0,3.0,3.0,-1.0,-3.67,4.33,0.0,1.0
72,73,-6493.0,0,-2,1.0,-9.0,-3.0,-1.5,3.0,6.67,-3.0,-1.0
73,74,3525.0,1,0,-1.0,2.93,6.75,-5.5,1.0,5.0,-1.0,0.0
74,75,2435.0,1,2,-2.0,1.5,-0.5,-1.33,-0.33,-5.0,0.0,-1.0
75,76,-2992.0,0,0,2.0,-5.8,-0.33,-7.75,2.67,-3.5,2.0,1.0
76,77,689.0,0,2,0.0,-0.5800000000000001,-1.0,3.0,2.0,1.5,0.0,-1.0
77,78,-3997.0,0,-2,-2.0,-5.0,-2.5,5.0,-2.0,4.67,2.0,1.0
78,79,2715.0,1,2,2.0,3.0,7.5,-0.33,0.6600000000000001,3.25,0.0,1.0
79,80,-4361.0,1,-2,0.0,-8.8,-6.5,0.5,3.33,-4.0,0.0,2.0
80,81,4472.0,1,2,-1.0,-1.33,4.33,8.0,3.0,2.17,1.0,-1.0
81,82,2697.0,1,2,-1.0,8.67,5.5,1.0,-6.0,-5.0,0.0,-1.0
82,83,-330.0,1,1,-1.0,0.65,1.76,8.0,1.0,-2.0,-1.0,-1.0
83,84,7288.0,1,2,-2.0,2.0,6.0,4.0,5.33,6.0,-2.0,1.0
84,85,-2650.0,0,-2,0.0,-0.5,-3.0,1.0,-1.0,-1.0,0.0,0.0
85,86,-6385.0,0,-1,0.0,-4.33,-2.2,-1.17,-1.1,-3.3,-1.0,0.0
86,87,777.0,0,0,1.0,-3.0,1.0,-1.5,6.0,2.33,1.0,0.0
87,88,4372.0,0,1,1.0,2.0,0.0,-1.0,-1.93,2.5,-2.0,-2.0
88,89,12886.0,1,1,-1.0,3.0,-1.0,0.0,2.75,3.0,-4.0,-1.0
89,90,5277.0,1,0,-1.0,2.17,4.5,1.5,6.8,5.0,-2.0,-1.0
90,91,-2620.0,0,0,2.0,2.0,-4.5,-8.0,-0.1699999999999999,-3.9,-1.0,1.0
91,92,-6614.0,0,-1,1.0,-6.75,-3.5,-2.0,0.0,-3.0,0.0,0.0
92,93,2211.0,1,0,1.0,5.0,1.67,3.5,-1.17,3.0,0.0,1.0
93,94,-10260.0,0,-1,1.0,-3.0,-8.0,-2.5,-2.0,-9.25,0.0,-2.0
94,95,5591.0,1,2,0.0,4.0,2.0,-1.33,0.33,2.0,3.0,1.0
95,96,-391.0,0,0,0.0,4.75,6.5,1.75,-3.4,-3.5,-2.0,0.0
96,97,-532.0,1,0,-2.0,2.1,-2.17,-1.5,1.5,1.0,0.0,-1.0
97,98,3385.0,1,2,2.0,-1.08,5.33,1.33,-3.0,-3.0,0.0,0.0
98,99,-242.0,1,2,0.0,-2.33,-3.0,-2.0,-2.0,-2.0,1.0,0.0
99,100,-10221.0,0,-2,2.0,-1.33,-2.25,-4.0,-9.2,-4.5,1.0,0.0
100,101,-6812.0,0,1,1.0,-0.53,-7.25,-0.8300000000000001,-2.5,1.0,-2.0,-1.0
101,102,263.0,0,0,-1.0,1.0,3.0,-1.25,0.5,0.0,-1.0,1.0
102,103,-16.0,0,2,0.0,-4.0,1.67,4.0,-6.75,-6.5,-2.0,-1.0
103,104,-2241.0,0,-2,1.0,-0.6699999999999999,-1.75,-2.0,2.0,4.67,-2.0,0.0
104,105,-7908.0,0,0,0.0,-3.33,-3.33,-3.5,-4.5,-2.67,-1.0,0.0
105,106,-1494.0,0,-2,2.0,0.5,-0.5,4.5,2.33,0.0,1.0,0.0
106,107,3469.0,1,2,0.0,5.75,0.6600000000000001,1.0,0.6000000000000001,-4.0,1.0,-1.0
107,108,-496.0,1,0,0.0,-0.6699999999999999,5.0,-2.0,9.5,10.0,0.0,0.0
108,109,1869.0,1,0,1.0,2.07,5.0,-1.5,0.08,-3.5,0.0,1.0
109,110,-8262.0,0,0,1.0,-3.67,-5.0,-8.57,-5.75,1.0,0.0,0.0
110,111,-479.0,1,-2,0.0,-3.5,-3.0,-1.5,5.67,5.0,-1.0,-1.0
111,112,93.0,0,-2,1.0,1.17,-5.33,-4.7,1.17,-0.1699999999999999,-1.0,-1.0
112,113,-1063.0,0,-1,-2.0,-3.67,-2.5,0.0,7.0,7.0,0.0,0.0
113,114,-3349.0,1,0,-1.0,4.5,-6.0,1.75,-1.5,-6.0,0.0,0.0
114,115,-67.0,1,2,0.0,0.83,-2.33,0.6000000000000001,0.0,-1.92,0.0,0.0
115,116,6864.0,1,-1,1.0,5.6,5.33,3.0,-2.0,-0.6699999999999999,1.0,1.0
116,117,957.0,0,2,0.0,6.83,3.5,1.0,-2.0,-2.0,0.0,0.0
117,118,-7123.0,0,1,1.0,-1.5,-3.5,-5.75,-2.75,-7.67,1.0,0.0
118,119,-7337.0,0,-2,1.0,-2.0,-2.67,-0.5,-10.0,-3.4,0.0,-1.0
119,120,-561.0,0,2,0.0,2.5,-3.33,-2.67,-1.0,-6.33,0.0,1.0
120,121,7251.0,1,2,-2.0,-0.66,8.0,6.71,7.33,1.34,2.0,1.0
121,122,1550.0,0,1,1.0,1.75,2.33,2.5,-4.0,-3.67,-2.0,1.0
122,123,-7136.0,0,-2,2.0,-1.5,-9.5,-2.67,-2.75,-1.0,-1.0,0.0
123,124,-7592.0,0,2,1.0,-1.33,-1.0,0.5,1.0,3.0,1.0,1.0
124,125,288.0,0,-2,1.0,-1.67,-2.0,-4.75,7.5,6.33,2.0,1.0
125,126,581.0,1,0,1.0,-1.5,-0.33,3.33,2.5,8.33,1.0,0.0
126,127,-2561.0,1,0,1.0,-0.3299999999999999,-10.25,-2.83,-2.0,-3.0,1.0,0.0
127,128,-10832.0,0,-1,2.0,-2.0,-4.33,-7.5,-1.75,-6.0,0.0,0.0
128,129,2088.0,1,2,1.0,5.33,-2.5,-0.5,0.6000000000000001,0.8999999999999999,-2.0,2.0
129,130,-997.0,1,-2,1.0,-1.33,1.17,1.0,3.0,0.1699999999999999,0.0,-1.0
130,131,1680.0,1,-2,-1.0,-0.5,3.0,5.0,-4.33,-4.0,2.0,-2.0
131,132,186.0,1,2,1.0,-1.0,1.0,-1.0,-3.67,0.0,-1.0,1.0
132,133,5477.0,0,2,1.0,0.75,4.25,1.0,-1.33,-1.0,-2.0,-1.0
133,134,-2998.0,0,1,1.0,-1.75,-3.0,-2.0,-5.0,-9.0,1.0,-1.0
134,135,-1087.0,1,0,0.0,-0.1699999999999999,-2.8600000000000003,-1.83,4.0,1.83,2.0,-1.0
135,136,-1794.0,0,2,0.0,0.7300000000000001,1.5,1.0,-8.4,-5.0,1.0,1.0
136,137,2885.0,0,0,-1.0,6.0,0.1699999999999999,1.33,-0.75,-5.9,1.0,2.0
137,138,-1304.0,1,-2,-1.0,1.0,-0.4000000000000001,0.5,0.0,4.67,1.0,1.0
138,139,-710.0,0,-1,0.0,-6.67,-4.9,0.5,7.67,3.9,-2.0,-1.0
139,140,-4112.0,0,-2,1.0,-3.0,1.0,1.47,-2.5,-3.0,0.0,1.0
140,141,-2698.0,0,0,0.0,-4.0,-5.33,2.0,-7.0,0.25,0.0,-1.0
141,142,4641.0,1,0,-2.0,2.67,-1.4,-2.0,13.8,12.25,2.0,0.0
142,143,-1668.0,1,-2,-1.0,-0.6699999999999999,-6.5,1.75,0.0,1.34,0.0,-1.0
143,144,-6739.0,1,-2,0.0,0.3299999999999999,-8.5,-1.0,-4.1,-9.5,0.0,1.0
144,145,-1206.0,1,0,0.0,0.0,2.0,4.5,-3.0,-1.75,3.0,-1.0
145,146,4164.0,1,2,-1.0,2.0,2.0,1.5,0.1999999999999999,-0.33,-1.0,0.0
146,147,1672.0,1,0,0.0,4.8,2.0,1.33,-4.5,-4.5,-1.0,-1.0
147,148,9079.0,1,1,-2.0,4.0,4.5,-1.5,4.0,5.6,4.0,1.0
148,149,-1415.0,0,-2,0.0,1.0,-1.0,-2.5,-0.3399999999999998,0.8300000000000001,0.0,0.0
149,150,-6120.0,0,0,1.0,0.0,-3.4,-6.5,-0.5,-3.17,0.0,1.0
150,151,8605.0,1,2,-1.0,8.67,3.33,7.5,4.0,4.25,-4.0,-1.0
151,152,2212.0,0,-1,0.0,-0.5,0.0,1.0,1.0,1.0,0.0,0.0
152,153,-5296.0,1,0,2.0,-2.83,1.0,-2.5,0.33,-2.83,1.0,1.0
153,154,-889.0,0,-2,1.0,2.1,-3.67,-1.0,-4.0,2.75,2.0,1.0
154,155,3835.0,1,2,-1.0,4.8,3.0,3.5,1.0,1.83,-1.0,1.0
155,156,3072.0,1,-1,-1.0,3.67,6.75,4.67,2.0,3.0,1.0,0.0
156,157,6814.0,1,1,-1.0,0.33,5.4,3.75,3.5,4.0,-1.0,0.0
157,158,-1760.0,1,0,0.0,0.25,-3.0,-1.0,-0.83,-8.0,0.0,0.0
158,159,3689.0,1,2,-1.0,3.0,1.25,-0.5,3.0,0.75,0.0,-1.0
159,160,-4941.0,0,2,1.0,-5.8,-1.17,2.5,-9.8,-9.75,2.0,1.0
160,161,-186.0,0,-1,1.0,-1.75,0.8300000000000001,-2.33,0.0,-2.0,-1.0,0.0
161,162,-2465.0,1,0,-1.0,0.0,-3.67,0.0,0.0,-1.0,0.0,-1.0
162,163,5840.0,1,2,-1.0,9.86,3.0,-0.5,0.0,2.0,-1.0,-2.0
163,164,5654.0,1,1,-1.0,3.0,3.5,6.0,1.0,2.0,0.0,-1.0
164,165,1351.0,1,2,-2.0,3.75,4.0,8.0,-2.5,-1.92,-1.0,2.0
165,166,-2603.0,0,-2,1.0,0.5,-6.67,-4.75,2.17,4.0,-2.0,-1.0
166,167,-6866.0,0,-2,-1.0,-6.33,0.0,-2.67,-10.6,-2.0,-1.0,1.0
167,168,-5268.0,0,0,2.0,-5.0,0.0,-1.0,-5.0,0.0,2.0,0.0
168,169,-2971.0,1,2,2.0,0.0,-4.5,-2.5,-2.0,0.92,1.0,1.0
169,170,2105.0,1,2,-1.0,-1.25,3.33,-1.5,4.5,1.25,1.0,2.0
170,171,-52.0,1,1,-1.0,-2.75,-6.0,3.33,5.0,3.0,-3.0,-1.0
171,172,-867.0,0,1,2.0,-1.5,-7.0,-4.33,1.75,-2.2,2.0,-1.0
172,173,3359.0,1,2,-1.0,-0.5,3.0,7.0,-1.33,-0.6699999999999999,1.0,2.0
173,174,2791.0,1,2,-1.0,6.5,5.5,-1.67,0.5,3.0,0.0,2.0
174,175,-1881.0,0,-2,0.0,0.3299999999999999,3.5,-3.5,4.0,-11.57,0.0,-1.0
175,176,4402.0,1,2,-2.0,2.5,5.0,-1.5,3.25,1.0,-1.0,0.0
176,177,-6545.0,1,2,1.0,-3.0,-7.75,-10.0,-1.42,-2.83,0.0,-1.0
177,178,1248.0,1,2,-1.0,1.33,1.5,3.0,-1.0,-2.5,-1.0,-1.0
178,179,-6773.0,0,2,1.0,0.0,-8.67,-7.5,-7.75,-8.8,-1.0,0.0
179,180,6742.0,1,1,1.0,0.6699999999999999,0.33,0.0,10.0,10.4,1.0,1.0
180,181,5166.0,1,2,-2.0,0.5,-3.33,4.67,8.0,9.75,-1.0,0.0
181,182,774.0,0,0,-1.0,-0.66,-1.0,3.67,5.0,-1.5,1.0,-1.0
182,183,-715.0,1,0,-1.0,2.0,-7.0,-2.0,-2.0,-6.5,-2.0,0.0
183,184,3689.0,1,2,2.0,0.0,2.0,1.5,3.0,2.0,0.0,0.0
184,185,-2328.0,0,0,1.0,2.5,-0.1699999999999999,-2.1,-2.43,-8.25,-1.0,-1.0
185,186,8086.0,1,2,-1.0,2.5,2.1,1.5,7.0,7.0,2.0,1.0
186,187,-492.0,1,0,1.0,-2.67,-4.33,0.5,-0.5,-1.5,0.0,1.0
187,188,4006.0,1,2,0.0,3.33,2.0,1.0,2.75,4.5,-1.0,-1.0
188,189,254.0,0,2,1.0,1.2,-4.75,-1.25,-5.0,-0.1699999999999999,-2.0,0.0
189,190,2420.0,1,2,-1.0,3.33,5.67,-1.25,0.5,-3.5,-2.0,1.0
190,191,-10123.0,0,-1,-1.0,-5.0,-8.2,-5.5,-9.33,-3.9,1.0,0.0
191,192,-2130.0,0,1,0.0,-1.0,-3.0,0.6699999999999999,0.0,0.0,-3.0,-1.0
192,193,-2228.0,1,2,-2.0,0.0,6.0,-0.1999999999999999,-1.5,-2.0,0.0,0.0
193,194,-548.0,0,0,-1.0,1.0,-1.67,1.0,-2.0,-1.5,-1.0,-1.0
194,195,5316.0,1,1,-1.0,2.0,-6.0,0.4499999999999999,2.75,-3.5,1.0,0.0
195,196,-1657.0,1,0,-1.0,0.0,-3.33,0.25,-5.67,0.0,-3.0,0.0
196,197,-2189.0,0,-1,1.0,-3.75,1.0,2.0,-1.5,-10.5,-1.0,1.0
197,198,-2343.0,0,0,1.0,2.4,-2.83,-2.67,-3.5,-2.6,1.0,0.0
198,199,1959.0,1,-1,1.0,2.0,5.5,-2.0,1.75,4.0,2.0,0.0
199,200,-5039.0,0,-2,-1.0,-2.83,-4.0,1.5,-0.5,0.33,0.0,0.0
200,201,-4079.0,0,0,1.0,1.5,-5.33,-4.5,1.67,1.0,-1.0,0.0
201,202,2280.0,0,2,1.0,-1.0,2.0,3.75,1.0,2.0,1.0,-2.0
202,203,4872.0,1,0,0.0,-1.0,3.75,7.25,2.0,2.25,-2.0,0.0
203,204,3222.0,1,2,1.0,5.67,0.0,2.5,-6.33,-6.5,-3.0,0.0
204,205,-8739.0,0,-2,-1.0,-2.0,0.0,-1.93,-5.0,-6.0,0.0,1.0
205,206,-1990.0,0,-1,2.0,-3.5,0.0,1.0,-5.67,-3.5,0.0,1.0
206,207,7240.0,1,2,-2.0,1.83,2.0,7.5,0.3399999999999998,3.0,1.0,0.0
207,208,290.0,0,2,-2.0,7.33,-1.47,-0.5,0.2000000000000001,2.5,1.0,-1.0
208,209,3164.0,1,2,0.0,2.67,-2.0,-2.5,-8.25,0.6600000000000001,0.0,0.0
209,210,-7952.0,0,0,1.0,-4.0,4.0,4.0,-1.33,-3.5,1.0,0.0
210,211,1162.0,0,2,-2.0,-3.75,3.5,-1.0,6.25,2.0,0.0,0.0
211,212,640.0,0,-2,1.0,-2.5,2.0,2.0,-3.33,1.67,0.0,0.0
212,213,3460.0,1,0,0.0,0.0,4.4,0.33,-1.25,0.73,0.0,-1.0
213,214,2356.0,1,0,0.0,-0.33,7.33,1.33,-1.0,-2.0,2.0,0.0
214,215,-1033.0,0,-2,2.0,-2.0,0.5,-1.0,2.0,0.33,0.0,1.0
215,216,3181.0,1,1,-1.0,-4.0,3.0,-1.25,7.67,8.0,1.0,0.0
216,217,-3190.0,0,-1,-1.0,-0.5,2.33,-2.0,-4.25,-2.0,1.0,0.0
217,218,-7036.0,0,-2,-1.0,-8.0,-11.67,-8.71,-3.9,-8.33,1.0,1.0
218,219,4746.0,1,0,1.0,5.33,2.67,5.17,-5.0,-6.25,0.0,-1.0
219,220,5558.0,1,1,-2.0,0.8300000000000001,5.0,2.0,5.0,4.0,-2.0,-1.0
220,221,1542.0,1,-2,2.0,4.25,-2.33,-1.67,-1.08,3.0,-2.0,0.0
221,222,-8570.0,0,-2,-1.0,5.5,-3.0,-1.0,-9.6,-4.25,4.0,1.0
222,223,540.0,1,1,0.0,-1.0,-1.0,-2.0,0.75,1.0,2.0,1.0
223,224,-563.0,0,2,-1.0,0.0,-3.83,1.5,-0.25,-1.25,0.0,0.0
224,225,2161.0,1,2,1.0,0.5,3.5,3.33,1.0,2.75,0.0,-1.0
225,226,1360.0,1,2,1.0,0.0,-3.0,-0.5,-5.33,0.5,1.0,1.0
226,227,-1258.0,0,0,-2.0,-2.0,-2.5,1.0,5.0,1.6,0.0,-1.0
227,228,-8441.0,0,-2,-1.0,-1.67,-6.33,-2.57,-1.4,-5.9,-1.0,0.0
228,229,-1185.0,1,0,1.0,-1.0,-1.5,-4.75,-2.0,-3.0,0.0,1.0
229,230,4450.0,1,0,1.0,4.0,4.0,3.0,6.33,7.33,-1.0,0.0
230,231,5455.0,1,0,-1.0,0.0,3.4,6.5,3.0,5.0,2.0,0.0
231,232,4333.0,1,2,0.0,-1.0,-0.1699999999999999,1.5,0.0,0.0,-1.0,0.0
232,233,-1627.0,0,1,1.0,-1.0,-2.0,0.0,-2.0,2.0,-3.0,1.0
233,234,431.0,1,2,0.0,-3.0,10.6,-0.3399999999999998,-1.0,1.0,0.0,1.0
234,235,-13181.0,0,-1,1.0,-1.0,-4.8,-2.0,-4.0,-1.5,-1.0,1.0
235,236,1404.0,0,0,2.0,-1.0,-2.0,-1.0,4.0,4.0,0.0,0.0
236,237,4345.0,1,0,-2.0,-1.5,5.06,2.92,2.0,11.75,0.0,-2.0
237,238,376.0,1,0,-2.0,-1.0,1.0,5.0,0.3399999999999998,-1.5,2.0,0.0
238,239,-6100.0,0,0,1.0,2.67,-7.67,2.0,-5.36,-13.5,-1.0,-2.0
239,240,-1578.0,0,-2,1.0,-3.0,7.0,1.0,4.2,3.33,1.0,0.0
240,241,-848.0,0,-1,2.0,0.0,-1.5,7.0,-4.5,-1.0,1.0,-1.0
241,242,466.0,0,-2,2.0,-0.92,-2.0,1.17,6.0,0.75,-2.0,-1.0
242,243,7352.0,1,2,-1.0,0.5,4.0,3.67,12.57,5.5,-3.0,-1.0
243,244,-3088.0,1,1,1.0,-2.0,-1.0,-0.8,-3.0,0.0,0.0,0.0
244,245,-1259.0,1,1,1.0,1.0,2.33,3.5,-4.0,-2.0,0.0,1.0
245,246,3483.0,1,2,-2.0,-2.24,1.0,9.8,10.5,12.67,0.0,0.0
246,247,195.0,1,2,-1.0,4.33,-0.1699999999999999,-4.0,-3.67,0.0,-1.0,0.0
247,248,5431.0,1,2,-1.0,6.0,2.83,5.67,-1.0,-2.0,-1.0,-1.0
248,249,-9193.0,0,-1,2.0,0.0,-5.5,-4.0,-5.0,-6.0,3.0,-1.0
249,250,5737.0,1,1,-1.0,1.0,-0.3,-0.33,13.67,12.5,1.0,0.0
250,251,1387.0,1,1,-1.0,3.67,2.5,1.0,2.75,1.5,1.0,0.0
251,252,-8622.0,0,-1,0.0,-6.0,-3.33,-5.5,-2.83,-8.0,2.0,-1.0
252,253,557.0,0,0,0.0,3.33,-2.0,-5.0,1.33,-4.25,1.0,-1.0
253,254,2641.0,1,2,-1.0,0.0,0.0,4.8,-2.5,1.0,2.0,0.0
254,255,-1528.0,0,0,0.0,1.5,2.75,4.5,-1.5,-2.0,0.0,0.0
255,256,372.0,1,-2,-1.0,-3.0,-5.0,-0.5,0.0,1.0,1.0,1.0
256,257,10037.0,1,-2,0.0,-2.5,9.5,4.5,7.75,9.0,1.0,0.0
257,258,-3285.0,0,0,2.0,-3.0,-5.0,-2.0,-6.0,1.0,0.0,1.0
258,259,-4830.0,0,-1,-1.0,-4.75,-1.0,-3.67,-3.0,-2.0,2.0,-2.0
259,260,2893.0,1,2,0.0,0.6699999999999999,4.5,10.0,3.0,4.0,-2.0,-1.0
260,261,-1505.0,0,1,0.0,2.75,-0.5,-6.0,-3.0,0.5,0.0,-2.0
261,262,1892.0,1,-2,-1.0,-0.33,0.5800000000000001,-0.4000000000000001,0.5,1.0,-2.0,-1.0
262,263,4971.0,1,2,-1.0,-2.0,5.5,0.92,1.5,5.67,0.0,1.0
263,264,-5220.0,0,-2,1.0,-4.0,-1.0,3.5,-4.33,0.8300000000000001,0.0,1.0
264,265,851.0,0,0,-2.0,-1.5,-9.25,2.67,-1.25,0.3999999999999999,0.0,-1.0
265,266,-4541.0,0,0,1.0,-4.0,0.92,-1.17,-2.0,-3.0,1.0,0.0
266,267,-5250.0,1,2,0.0,1.3,-4.0,-6.0,-7.0,-3.5,1.0,0.0
267,268,-894.0,0,-2,1.0,5.4,-0.33,-1.0,-0.1699999999999999,-0.5,0.0,0.0
268,269,3950.0,0,2,0.0,-2.33,2.5,0.0,5.0,10.0,0.0,-1.0
269,270,-1588.0,1,0,-1.0,0.0,-1.0,-1.5,-4.75,4.33,0.0,-1.0
270,271,-3966.0,1,1,0.0,-0.6699999999999999,-4.0,6.33,-1.25,-0.5,-2.0,0.0
271,272,1020.0,1,2,-1.0,10.5,1.5,-2.0,1.25,1.5,1.0,1.0
272,273,3074.0,1,1,0.0,2.0,5.0,2.5,3.0,2.0,1.0,0.0
273,274,3302.0,0,-2,-1.0,2.5,-1.0,-0.33,2.5,0.6699999999999999,0.0,-1.0
274,275,6493.0,1,2,-2.0,7.67,4.67,2.33,-0.25,2.0,-1.0,0.0
275,276,3237.0,0,-2,0.0,0.83,5.0,2.0,3.33,-1.67,-1.0,1.0
276,277,-1390.0,0,-2,2.0,3.75,-4.0,-7.0,-0.5,-5.5,-1.0,-1.0
277,278,-9606.0,0,1,0.0,-2.0,-5.0,-5.0,-4.0,-0.3,-2.0,1.0
278,279,268.0,0,-2,2.0,2.0,3.67,3.0,0.6699999999999999,-1.16,-1.0,0.0
279,280,3661.0,1,2,1.0,4.5,-0.53,0.0,-2.17,-4.0,-1.0,1.0
280,281,1620.0,1,0,0.0,-1.0,1.33,3.0,5.0,6.75,0.0,-1.0
281,282,-813.0,0,-2,0.0,4.4,-8.75,-1.0,-4.33,-2.5,0.0,-1.0
282,283,-1423.0,0,-2,-1.0,-0.5,2.5,2.17,0.1699999999999999,-0.1999999999999999,-1.0,0.0
283,284,-4637.0,0,0,0.0,-2.0,-1.5,-2.25,-1.7,-2.75,2.0,0.0
284,285,-1137.0,1,0,-2.0,-1.5,0.6699999999999999,-1.0,0.0,0.0,0.0,2.0
285,286,4748.0,1,0,1.0,0.6699999999999999,0.0,-0.75,1.25,4.29,2.0,1.0
286,287,3383.0,1,0,-1.0,-1.0,4.0,1.8,5.0,4.0,0.0,2.0
287,288,-10304.0,0,-2,2.0,-0.6699999999999999,-6.5,-3.33,-6.6,-3.0,1.0,2.0
288,289,3411.0,1,0,-2.0,1.0,5.0,1.5,4.7,6.33,1.0,1.0
289,290,4553.0,1,-1,-1.0,0.0,-3.5,6.0,2.25,0.0,1.0,0.0
290,291,-4699.0,0,-2,1.0,1.0,-8.67,-6.5,-2.25,-5.0,4.0,0.0
291,292,-318.0,1,2,-1.0,-1.0,-2.0,3.0,3.0,-0.5,2.0,0.0
292,293,-3688.0,0,-2,2.0,1.5,-9.5,-8.8,0.0,-4.0,0.0,1.0
293,294,3569.0,1,0,2.0,2.5,1.83,2.5,3.0,2.5,1.0,0.0
294,295,-14572.0,0,-2,1.0,-3.0,-7.5,-10.0,-3.1,-1.67,0.0,-1.0
295,296,-359.0,0,0,1.0,-2.5,-1.0,-3.0,-1.5,-4.33,0.0,0.0
296,297,5764.0,1,1,-1.0,5.8,8.33,0.5800000000000001,5.5,5.5,0.0,-1.0
297,298,3320.0,0,2,-1.0,1.0,-1.0,0.5,1.0,3.5,3.0,-1.0
298,299,8646.0,1,0,-2.0,0.8300000000000001,15.0,4.0,10.5,11.6,0.0,-1.0
299,300,3168.0,1,0,1.0,0.5,4.25,8.6,-1.0,0.0,0.0,1.0
300,301,-7130.0,0,-1,1.0,-1.83,-10.0,-2.5,-6.5,-2.67,2.0,1.0
301,302,-630.0,0,0,-1.0,4.0,-2.2,1.75,4.67,5.5,0.0,2.0
302,303,-1432.0,0,1,2.0,1.17,-0.1699999999999999,-0.6600000000000001,-6.25,-0.4499999999999999,-2.0,0.0
303,304,-54.0,0,2,-1.0,0.66,-0.33,1.0,-5.0,-6.33,0.0,0.0
304,305,2053.0,1,-2,1.0,1.0,3.5,-4.0,-2.0,1.5,0.0,-1.0
305,306,2753.0,1,2,-1.0,1.17,4.33,3.0,0.33,0.3399999999999998,0.0,0.0
306,307,-5271.0,0,1,1.0,-1.0,-8.0,-0.5,-0.75,-3.75,0.0,0.0
307,308,-3142.0,1,-2,0.0,2.0,-2.33,0.0,-1.0,-2.0,1.0,-1.0
308,309,-1628.0,1,-1,1.0,2.0,-1.33,-0.1699999999999999,0.0,0.5,-2.0,0.0
309,310,-71.0,0,2,1.0,-2.0,3.0,4.0,0.0,-2.0,0.0,0.0
310,311,-694.0,1,0,-1.0,-2.67,-2.0,3.33,1.0,2.5,-1.0,0.0
311,312,-10135.0,0,-2,2.0,2.4,-12.33,-5.6,-13.0,-3.0,2.0,0.0
312,313,3751.0,1,2,1.0,1.0,1.33,3.5,-4.67,1.67,2.0,-1.0
313,314,-5180.0,0,2,1.0,0.5800000000000001,-6.0,-5.5,-1.92,-11.0,2.0,-1.0
314,315,4247.0,1,0,1.0,4.5,1.42,3.5,10.0,3.5,0.0,-1.0
315,316,3318.0,1,2,-2.0,6.0,0.0,3.21,-1.0,-0.6699999999999999,-1.0,2.0
316,317,-6304.0,0,0,2.0,-4.0,-7.33,-2.0,-1.5,-0.1699999999999999,2.0,2.0
317,318,5643.0,1,1,0.0,2.17,7.67,2.5,3.0,0.6699999999999999,1.0,-1.0
318,319,-7927.0,0,-2,2.0,-3.75,-2.0,1.0,-2.0,-3.0,2.0,0.0
319,320,-12333.0,0,-2,2.0,-3.0,-7.83,-5.33,-10.33,-5.17,0.0,0.0
320,321,5775.0,1,2,-2.0,1.5,3.0,2.0,2.5,2.0,3.0,0.0
321,322,-2213.0,0,-1,1.0,-3.5,-4.4,-2.5,-0.1999999999999999,-7.67,1.0,0.0
322,323,-1196.0,0,2,1.0,-4.0,-7.5,-1.33,-0.92,-2.67,-2.0,0.0
323,324,-4631.0,0,1,-1.0,-2.0,0.75,-0.6699999999999999,-1.34,-0.1699999999999999,0.0,0.0
324,325,3601.0,1,2,0.0,4.8,3.0,1.0,0.0,0.0,1.0,0.0
325,326,5978.0,1,0,-1.0,7.57,6.1,2.5,1.0,2.4,0.0,0.0
326,327,-126.0,1,2,1.0,0.0,-2.0,-3.0,-3.0,3.0,0.0,0.0
327,328,-2011.0,0,-1,1.0,2.0,-1.25,-2.17,2.0,-0.1699999999999999,0.0,0.0
328,329,-3413.0,1,2,-1.0,0.0,1.67,0.0,0.1699999999999999,-7.67,1.0,-1.0
329,330,3094.0,1,2,0.0,0.0,-1.0,0.0,3.67,1.0,-1.0,-2.0
330,331,-3342.0,0,-2,2.0,-1.6,-3.0,-1.0,-2.0,-2.0,0.0,0.0
331,332,-1999.0,0,0,2.0,-3.5,1.25,8.0,-6.67,-2.17,1.0,-1.0
332,333,4521.0,0,2,-2.0,1.5,6.25,-1.67,-1.0,0.5,1.0,-1.0
333,334,-855.0,0,-2,0.0,-2.0,-4.0,-6.8,0.5,1.2,0.0,0.0
334,335,3561.0,1,1,-1.0,-0.83,3.0,3.33,1.67,0.8300000000000001,4.0,0.0
335,336,-827.0,0,0,1.0,0.0,-2.0,-4.0,-0.25,-2.0,0.0,1.0
336,337,4477.0,1,1,-1.0,0.1,-1.25,-2.0,-0.4499999999999999,4.25,2.0,-1.0
337,338,10979.0,1,0,-2.0,2.67,0.5,5.5,7.0,6.75,-1.0,0.0
338,339,-5262.0,0,-2,1.0,0.0,0.0,-1.0,-1.5,0.0,-1.0,0.0
339,340,11845.0,1,1,0.0,2.25,2.2,0.5,10.5,3.75,-3.0,0.0
340,341,2737.0,0,2,0.0,1.25,3.5,0.25,4.0,10.0,-3.0,-1.0
341,342,-4191.0,0,0,2.0,-5.0,-3.67,-2.0,2.0,3.0,1.0,0.0
342,343,-662.0,0,2,1.0,-1.0,0.33,-7.8,-0.25,-6.0,-1.0,-1.0
343,344,-1669.0,1,2,0.0,-1.17,-1.5,-2.5,1.0,1.0,1.0,1.0
344,345,11849.0,1,1,-1.0,5.0,8.75,2.5,1.5,3.0,1.0,2.0
345,346,3404.0,0,2,0.0,1.75,2.33,1.0,0.0,2.0,-1.0,-1.0
346,347,3666.0,0,2,1.0,-2.25,-1.0,0.0,3.0,2.67,1.0,2.0
347,348,1147.0,0,0,1.0,3.0,1.0,-3.67,1.0,2.0,0.0,-1.0
348,349,-14212.0,0,-1,1.0,-2.75,-6.33,-6.0,-6.8,-8.0,-2.0,-1.0
349,350,7493.0,1,1,-2.0,6.5,4.0,-0.6699999999999999,2.25,11.0,1.0,0.0
350,351,6613.0,1,0,-2.0,0.6699999999999999,0.75,3.33,2.5,3.5,0.0,0.0
351,352,90.0,1,2,-2.0,-2.5,1.6,7.75,1.0,2.5,2.0,2.0
352,353,-6765.0,0,-2,0.0,0.25,-4.0,-8.62,-3.5,-2.0,0.0,0.0
353,354,8303.0,1,1,2.0,-1.17,12.8,4.9,3.0,5.67,-1.0,0.0
354,355,-3062.0,0,0,-1.0,1.75,3.5,1.0,-0.75,-1.33,1.0,-1.0
355,356,-5585.0,0,0,1.0,4.8,-4.67,-4.5,-9.0,-7.8,1.0,-1.0
356,357,-1726.0,1,0,1.0,3.67,-1.0,-0.75,3.0,-2.0,3.0,-2.0
357,358,-6921.0,0,1,1.0,-1.0,-7.75,0.0,-12.2,-9.2,-1.0,-1.0
358,359,-1605.0,0,2,0.0,5.8,-2.0,-2.0,-3.5,-8.25,1.0,-1.0
359,360,2161.0,1,2,-2.0,-1.0,1.0,-2.0,0.5,-3.0,1.0,0.0
360,361,9373.0,1,2,1.0,8.0,5.0,1.0,1.0,3.0,0.0,0.0
361,362,2082.0,0,0,0.0,2.1,2.0,-1.0,4.5,3.5,-1.0,1.0
362,363,-3783.0,0,0,1.0,0.0,-3.0,-2.0,-4.33,-1.5,2.0,1.0
363,364,-6187.0,0,0,-2.0,0.0,-3.33,-9.0,-4.5,-5.5,1.0,1.0
364,365,6625.0,1,0,0.0,-2.5,8.0,1.0,3.67,8.67,-1.0,1.0
365,366,-5567.0,0,-2,2.0,2.0,-3.17,-3.0,-9.0,-8.25,0.0,-1.0
366,367,-3834.0,0,0,-1.0,0.0,-2.0,-2.0,-2.5,-6.33,-1.0,-2.0
367,368,-2881.0,1,0,-2.0,-7.0,-3.0,-4.5,2.0,4.0,0.0,0.0
368,369,11585.0,1,1,-1.0,4.0,8.0,6.0,2.1,8.33,0.0,-1.0
369,370,8056.0,1,0,-1.0,14.33,-0.33,3.25,7.5,7.5,-2.0,-1.0
370,371,-6558.0,0,-2,1.0,-2.9,-9.2,5.0,-3.33,-2.75,2.0,0.0
371,372,1672.0,0,2,2.0,-4.0,3.67,0.5,-0.1699999999999999,2.17,-2.0,0.0
372,373,2019.0,1,0,-1.0,-1.0,-1.0,4.0,6.33,5.75,-2.0,0.0
373,374,4485.0,1,-1,0.0,-0.83,-0.6699999999999999,0.0,2.0,-5.0,0.0,0.0
374,375,6753.0,1,2,1.0,0.83,4.5,6.0,4.5,3.0,1.0,0.0
375,376,1603.0,1,-2,2.0,-0.1699999999999999,-6.25,0.5,12.0,-3.5,1.0,0.0
376,377,-2523.0,0,2,-1.0,3.0,-0.33,-4.5,-5.0,-3.0,-1.0,0.0
377,378,-7707.0,0,-2,2.0,-5.0,-2.25,-9.0,-2.33,-2.29,1.0,0.0
378,379,-7773.0,0,0,0.0,-6.6,-4.17,0.0,-10.67,-11.0,0.0,-1.0
379,380,-1632.0,0,0,1.0,1.5,0.0,3.0,4.0,2.7,2.0,0.0
380,381,-7443.0,0,-1,0.0,-0.83,-4.5,-9.33,-3.62,-6.5,-1.0,0.0
381,382,-162.0,0,0,1.0,2.0,-2.0,-2.17,-1.0,-0.5,1.0,-1.0
382,383,-546.0,1,0,-1.0,-3.0,1.0,-2.0,3.0,2.0,-4.0,0.0
383,384,3095.0,0,1,0.0,-1.0,-1.5,1.0,-4.0,-1.0,-2.0,-1.0
384,385,-4581.0,0,2,-1.0,1.0,-1.08,-3.5,-9.67,-1.83,1.0,0.0
385,386,6412.0,1,2,0.0,1.33,4.33,3.0,1.0,-2.0,-1.0,1.0
386,387,-6221.0,0,-2,2.0,-6.75,-7.0,-0.5,-4.5,-7.0,-1.0,0.0
387,388,-5313.0,0,-2,0.0,0.0,1.5,-1.17,2.33,1.0,0.0,1.0
388,389,1254.0,0,0,1.0,1.5,0.0,0.0,-3.0,-2.0,1.0,2.0
389,390,-7066.0,0,2,-1.0,-1.0,-1.0,-1.0,-5.0,-4.0,2.0,1.0
390,391,-2926.0,0,0,-1.0,-4.0,-2.67,0.5,-1.75,2.0,-1.0,-1.0
391,392,1076.0,0,-1,1.0,2.5,-3.0,3.0,1.25,7.0,0.0,0.0
392,393,-1722.0,0,0,2.0,-1.0,0.0,1.75,-2.33,5.0,0.0,1.0
393,394,-5199.0,0,-2,2.0,-1.0,2.0,1.0,-2.0,-7.4,0.0,1.0
394,395,3130.0,1,2,-2.0,0.0,-1.0,2.17,-1.5,0.1699999999999999,0.0,0.0
395,396,-1030.0,1,0,-1.0,0.6699999999999999,1.0,0.0,0.33,-1.83,1.0,1.0
396,397,5884.0,0,2,0.0,3.67,10.5,3.17,-1.0,-1.5,0.0,1.0
397,398,2220.0,1,-2,-1.0,-0.1,4.0,-1.08,8.71,13.25,3.0,1.0
398,399,6784.0,1,-2,-2.0,2.27,8.33,9.0,7.0,16.83,-3.0,-1.0
399,400,41.0,0,1,-1.0,-5.67,0.0,-1.0,1.0,6.4,1.0,0.0
400,401,2563.0,1,2,-2.0,0.0,-3.0,2.0,-2.0,2.25,-1.0,-1.0
401,402,2602.0,1,2,-2.0,0.5,7.33,2.0,7.0,0.27,0.0,0.0
402,403,3282.0,1,0,-1.0,-1.75,3.5,3.0,0.75,0.6699999999999999,-3.0,0.0
403,404,-1246.0,0,0,1.0,1.33,-2.33,4.5,1.0,-4.83,-2.0,0.0
404,405,5435.0,1,2,-1.0,2.0,1.9,-1.5,0.25,3.56,0.0,0.0
405,406,-3609.0,0,-2,2.0,1.67,-2.0,0.0,-5.5,-4.25,2.0,-1.0
406,407,-2216.0,0,-1,2.0,0.0,2.0,1.67,-4.0,-4.0,-2.0,0.0
407,408,4936.0,1,2,-1.0,-1.0,3.0,0.0,-0.66,0.0,-2.0,0.0
408,409,4622.0,1,2,-1.0,-1.0,3.83,-3.67,8.33,2.33,5.0,2.0
409,410,-799.0,0,-2,1.0,-0.5,-5.25,-2.0,-1.4,-8.0,0.0,1.0
410,411,675.0,0,0,2.0,0.6699999999999999,10.75,1.85,-1.0,-0.25,0.0,0.0
411,412,5532.0,0,0,1.0,7.8,2.08,-1.5,4.14,2.17,1.0,0.0
412,413,2720.0,0,1,0.0,-1.5,1.33,-2.0,1.42,-0.08,1.0,-1.0
413,414,-6242.0,0,0,-1.0,-1.0,-6.33,-4.33,2.5,0.3399999999999998,0.0,0.0
414,415,-3797.0,1,0,1.0,-4.0,-4.0,-2.0,-1.5,-2.0,2.0,0.0
415,416,-1859.0,0,2,1.0,-3.0,0.33,-1.0,-3.0,0.0,0.0,2.0
416,417,-6768.0,0,-1,1.0,-0.5,-4.0,-2.0,-4.0,-3.0,1.0,-1.0
417,418,1542.0,1,0,-1.0,-1.0,-3.0,3.67,-1.0,0.5,0.0,-1.0
418,419,-3305.0,0,-1,-1.0,-1.75,1.33,-3.0,2.07,0.1699999999999999,0.0,1.0
419,420,2317.0,1,2,1.0,2.5,1.5,2.9,-3.0,-1.0,0.0,1.0
420,421,-873.0,0,0,1.0,2.67,-0.3399999999999998,-7.0,-1.0,-2.0,1.0,2.0
421,422,-7242.0,0,-1,1.0,-3.0,-1.42,-2.67,-7.5,-3.0,-1.0,-1.0
422,423,-6582.0,0,0,0.0,-6.5,-1.0,-1.83,-0.25,-1.8,1.0,2.0
423,424,1031.0,0,1,1.0,1.33,-1.93,4.5,-0.75,2.0,-2.0,-1.0
424,425,2669.0,1,-1,1.0,-1.67,3.33,-1.0,3.1,-3.0,2.0,0.0
425,426,6389.0,1,1,-1.0,9.8,10.33,3.0,8.33,8.0,-1.0,0.0
426,427,-7275.0,0,-1,2.0,-2.2,-8.33,-7.83,-3.0,-3.0,-1.0,-1.0
427,428,4602.0,1,0,-2.0,-0.25,8.0,-0.5800000000000001,5.75,7.0,2.0,0.0
428,429,599.0,0,1,0.0,1.58,10.4,1.33,0.33,-1.75,0.0,0.0
429,430,-1398.0,0,0,1.0,0.08,-1.0,-1.0,1.0,-1.0,0.0,0.0
430,431,-1090.0,1,0,1.0,-3.25,-3.67,-2.33,-1.15,-2.33,-1.0,0.0
431,432,2874.0,0,2,-1.0,-0.6699999999999999,0.0,-3.5,-4.0,3.33,0.0,-1.0
432,433,-5698.0,0,-2,2.0,-6.0,-3.67,-1.0,0.0,-1.0,-2.0,-1.0
433,434,-2059.0,0,-2,-2.0,-0.83,-5.75,-0.6600000000000001,0.33,3.25,-1.0,1.0
434,435,-605.0,0,1,2.0,-3.0,-5.5,-0.5,-0.33,0.0,-1.0,0.0
435,436,12024.0,1,1,0.0,5.45,9.8,2.33,10.43,10.0,1.0,0.0
436,437,-1627.0,0,1,2.0,0.5,-2.5,-5.0,2.5,-0.6699999999999999,-1.0,0.0
437,438,-2894.0,0,-2,2.0,-0.5,-1.0,4.33,-1.0,-2.67,2.0,1.0
438,439,1580.0,1,2,1.0,1.6,6.0,-0.3999999999999999,-0.08,3.0,1.0,0.0
439,440,10678.0,1,1,-2.0,7.0,6.7,5.0,10.4,13.33,0.0,0.0
440,441,3825.0,1,-1,0.0,2.57,1.33,1.14,-3.0,-3.0,2.0,1.0
441,442,-641.0,1,2,-1.0,0.0,-1.8,-9.0,4.0,-1.5,1.0,0.0
442,443,1901.0,1,2,0.0,0.5,5.33,3.0,0.0,0.75,0.0,0.0
443,444,888.0,0,1,1.0,-1.0699999999999998,11.5,0.0,-0.75,-4.0,0.0,-1.0
444,445,3670.0,0,0,-1.0,2.0,0.0,1.2,3.5,2.0,0.0,1.0
445,446,-553.0,1,2,1.0,1.5,0.0,-6.67,0.25,-0.6699999999999999,-2.0,0.0
446,447,3396.0,1,2,-1.0,-0.83,2.5,3.75,-0.7,-1.5,-1.0,-2.0
447,448,-5885.0,0,-2,1.0,-1.0,-1.75,-4.0,-4.25,-0.5,1.0,-1.0
448,449,3320.0,1,2,1.0,4.33,0.5,-5.0,1.0,0.0,2.0,1.0
449,450,1152.0,0,2,-1.0,-3.67,-2.33,-5.0,1.0,1.33,0.0,1.0
450,451,2014.0,0,0,2.0,1.0,-4.5,-2.0,-5.5,-0.6699999999999999,0.0,0.0
451,452,362.0,0,2,-1.0,1.0,4.33,-1.33,-3.0,-0.5,2.0,0.0
452,453,-4554.0,0,2,1.0,-6.6,-3.5,-2.0,-5.0,-2.83,0.0,1.0
453,454,717.0,1,2,-2.0,-0.1699999999999999,3.33,9.29,-2.33,-3.67,-1.0,0.0
454,455,-5761.0,1,-2,2.0,-0.25,-7.0,-1.0,-2.4,-11.0,3.0,0.0
455,456,-5734.0,0,-2,2.0,2.0,0.0,0.5,0.0,-0.92,-1.0,0.0
456,457,-1728.0,1,-2,0.0,-0.8300000000000001,-6.5,0.0,-1.67,-6.67,1.0,0.0
457,458,-10343.0,0,0,2.0,-1.33,-9.0,-0.5,-1.25,-3.0,1.0,0.0
458,459,-719.0,1,-2,-1.0,-4.67,-3.0,-0.5,3.0,3.0,0.0,0.0
459,460,-4665.0,0,0,2.0,-5.0,-7.5,-6.0,0.5,-6.0,1.0,2.0
460,461,-6287.0,0,-1,0.0,-5.0,-3.0,0.0,-3.25,1.33,0.0,0.0
461,462,-10367.0,0,-2,0.0,-4.0,-5.0,-5.0,-2.0,-6.0,1.0,-1.0
462,463,13201.0,1,1,-2.0,7.0,12.71,6.8,5.5,10.0,1.0,1.0
463,464,7040.0,1,2,-1.0,1.5,2.0,4.4,2.67,5.75,0.0,1.0
464,465,-3508.0,0,-2,2.0,-0.25,-3.5,0.33,-1.33,-0.25,-1.0,1.0
465,466,-8817.0,0,-2,2.0,1.0,-6.0,-10.75,-6.0,-10.67,0.0,0.0
466,467,3966.0,1,2,0.0,-5.0,-2.5,0.33,-0.3399999999999998,0.6600000000000001,1.0,0.0
467,468,6835.0,1,2,0.0,3.0,-2.0,3.5,2.5,3.0,-2.0,0.0
468,469,7140.0,1,2,-1.0,1.33,0.75,-3.0,3.0,2.25,1.0,-1.0
469,470,-7749.0,0,1,2.0,-6.75,-12.33,-1.75,-1.33,-7.25,-1.0,0.0
470,471,-3245.0,0,1,1.0,-1.5,-3.0,3.33,-2.5,-0.3299999999999999,1.0,0.0
471,472,4117.0,1,0,1.0,1.5,7.5,9.5,-0.5,1.47,0.0,1.0
472,473,-11669.0,0,-1,1.0,-5.25,-3.9,-13.0,-3.83,-15.0,-1.0,-1.0
473,474,4063.0,1,1,-1.0,1.25,0.0,1.0,1.0,7.2,-1.0,0.0
474,475,582.0,1,0,-1.0,4.0,-5.67,2.67,-7.4,-6.0,0.0,0.0
475,476,2923.0,1,0,-1.0,-0.3299999999999999,-0.8300000000000001,-1.21,2.84,7.0,0.0,-1.0
476,477,-3658.0,0,0,-1.0,-8.0,-0.5,-5.6,-0.6600000000000001,-0.33,-2.0,-1.0
477,478,-3164.0,0,0,-1.0,-1.0,-3.5,-3.5,-2.0,-6.0,0.0,0.0
478,479,8067.0,1,2,-1.0,1.5,8.5,1.83,4.5,3.0,-3.0,-1.0
479,480,-278.0,0,2,1.0,0.0,1.0,-2.33,-4.0,-0.5,-2.0,-1.0
480,481,-974.0,1,1,-1.0,1.0,4.5,1.0,2.13,4.75,0.0,0.0
481,482,6663.0,1,-1,-1.0,1.5,6.5,2.75,2.0,1.0,-1.0,-1.0
482,483,-5020.0,0,-1,2.0,0.0,1.0,-2.0,-2.0,-4.0,-1.0,0.0
483,484,-6216.0,0,-2,2.0,-2.0,0.1699999999999999,-1.0,-2.7,-10.75,1.0,0.0
484,485,7396.0,1,0,-2.0,-2.0,-4.5,1.53,6.0,4.5,-1.0,1.0
485,486,-5687.0,0,0,2.0,-0.5,-0.5,-1.5,-5.5,-1.0,2.0,0.0
486,487,-5934.0,1,1,1.0,-2.0,-5.5,1.0,-11.75,-5.8,-1.0,0.0
487,488,-2238.0,0,0,0.0,-1.0,1.17,-1.0,2.0,-0.4199999999999999,1.0,2.0
488,489,3194.0,1,2,-2.0,1.5,6.0,4.75,1.5,5.67,2.0,-1.0
489,490,-9925.0,0,-2,2.0,-3.0,-9.75,-8.75,-8.0,-5.75,2.0,-1.0
490,491,-8190.0,0,-2,2.0,2.0,-7.5,-3.67,-7.33,-9.83,0.0,-1.0
491,492,2517.0,0,2,-2.0,1.0,1.5,-2.5,-1.0,-1.0,0.0,-1.0
492,493,-4058.0,1,0,0.0,-1.5,1.0,0.5,7.33,8.33,1.0,2.0
493,494,-5927.0,0,2,-1.0,-7.86,-4.4,-1.0,-2.5,-2.5,0.0,0.0
494,495,-2565.0,1,0,1.0,0.6699999999999999,0.25,3.67,0.0,-0.0499999999999998,-1.0,1.0
495,496,11028.0,1,1,1.0,4.0,4.0,2.0,1.0,0.0,1.0,-1.0
496,497,-9533.0,0,-2,1.0,-4.5,-5.0,-4.17,-5.0,-7.0,-3.0,0.0
497,498,-2424.0,0,0,-1.0,-4.0,-2.67,2.0,-1.17,-7.75,-1.0,-1.0
498,499,-8311.0,0,-2,1.0,-4.9,-13.6,-1.0,-2.67,-1.5,2.0,0.0
499,500,1354.0,0,0,-1.0,-2.4,-2.83,-0.33,9.25,7.2,1.0,0.0
500,501,4955.0,1,2,0.0,1.0,8.0,9.0,1.5,2.83,0.0,-1.0
501,502,2497.0,1,0,-1.0,2.1,1.83,3.5,0.5,2.0,-2.0,-1.0
502,503,2580.0,1,-2,-1.0,-1.0,-1.0,-1.6,6.0,5.5,-1.0,0.0
503,504,-8576.0,0,0,2.0,0.5800000000000001,-8.0,-1.93,-2.4,-1.5,0.0,0.0
504,505,3809.0,0,2,0.0,3.33,7.0,4.0,-0.9300000000000002,0.33,0.0,-2.0
505,506,1350.0,1,2,-1.0,2.0,-10.75,-6.33,1.54,2.33,3.0,1.0
506,507,-2822.0,1,0,1.0,-3.0,1.67,-4.0,-2.83,-7.33,-2.0,0.0
507,508,2989.0,0,2,-2.0,-1.0,3.25,2.5,7.0,2.33,0.0,1.0
508,509,-2093.0,0,1,1.0,3.5,-5.75,-2.0,-0.33,-2.33,0.0,0.0
509,510,7174.0,1,1,-2.0,10.0,6.8,4.0,-0.5,0.5,0.0,0.0
510,511,274.0,0,0,1.0,-2.0,0.0,1.67,-2.5,0.0,1.0,1.0
511,512,4653.0,0,0,1.0,5.83,-4.0,-0.1999999999999999,2.05,2.75,2.0,1.0
512,513,-5575.0,0,-2,0.0,1.83,-1.67,-2.5,-7.8,-3.33,-3.0,0.0
513,514,4548.0,0,0,1.0,2.0,7.0,4.0,1.15,2.0,-2.0,0.0
514,515,-362.0,1,0,-1.0,-2.5,1.0,-2.83,2.1,5.0,-4.0,3.0
515,516,-2809.0,0,0,1.0,3.75,-5.67,-3.0,0.5,0.0,0.0,1.0
516,517,-1450.0,1,-2,0.0,1.5,-2.5,-3.0,-2.0,-5.0,1.0,1.0
517,518,3642.0,1,2,1.0,0.5,-1.0,2.5,2.0,-1.17,-3.0,0.0
518,519,10390.0,1,2,1.0,2.33,1.5,4.5,4.4,3.5,1.0,-1.0
519,520,1085.0,0,1,1.0,0.0,2.0,-1.5,-1.0,-2.0,1.0,0.0
520,521,-1576.0,0,0,1.0,2.0,-2.0,0.08,0.25,1.5,0.0,0.0
521,522,-5755.0,0,1,-1.0,0.83,-2.83,-6.5,0.3399999999999998,-1.0,-2.0,-1.0
522,523,1306.0,1,2,1.0,0.03,-0.5,-1.0,2.5,3.0,-1.0,0.0
523,524,3283.0,1,0,-2.0,-1.5,-1.5,-2.0,9.75,9.75,-2.0,0.0
524,525,4137.0,1,0,-1.0,2.33,0.8699999999999999,-3.5,1.0,4.0,2.0,0.0
525,526,-2327.0,1,0,-1.0,0.1699999999999999,-2.0,0.25,-6.4,-5.17,-1.0,0.0
526,527,2123.0,0,2,1.0,-2.5,-1.0,-2.0,1.0,-2.5,0.0,-1.0
527,528,16710.0,1,1,-1.0,6.0,2.27,7.17,16.83,3.67,-2.0,0.0
528,529,976.0,0,2,1.0,1.7,-4.5,-6.0,-2.0,-1.5,-1.0,1.0
529,530,324.0,1,2,2.0,0.0,-0.27,-5.0,-3.33,0.75,0.0,1.0
530,531,-461.0,1,-2,0.0,0.0,-5.67,0.5,-0.1699999999999999,-3.5,-2.0,-1.0
531,532,5942.0,1,2,-2.0,3.0,1.5,2.0,8.25,0.8500000000000001,2.0,0.0
532,533,-9174.0,0,-1,1.0,-0.5,-3.0,4.0,-4.0,-9.8,-1.0,0.0
533,534,-5157.0,0,0,1.0,0.1699999999999999,-6.0,-5.2,-1.17,-1.87,1.0,1.0
534,535,-1222.0,0,0,2.0,0.6699999999999999,0.5,-1.0,-5.8,-9.6,0.0,0.0
535,536,-661.0,1,0,-1.0,-3.0,-3.5,-3.0,1.0,-3.0,0.0,-1.0
536,537,4985.0,0,0,1.0,-2.0,-2.25,0.75,-2.5,-4.5,0.0,-2.0
537,538,5592.0,1,2,-1.0,1.5,5.75,8.75,-5.25,-1.0,0.0,2.0
538,539,1725.0,1,2,2.0,0.0,4.0,-1.33,-0.5,2.25,1.0,1.0
539,540,3734.0,1,2,-1.0,4.0,2.5,-4.0,1.0,6.25,1.0,0.0
540,541,-1038.0,0,1,-1.0,-1.5,-3.0,0.0,-4.0,-4.33,1.0,-1.0
541,542,-9414.0,0,0,0.0,0.85,-8.0,-1.0,-6.6,-13.57,0.0,0.0
542,543,4995.0,1,2,-2.0,-0.1699999999999999,1.5,0.3299999999999999,7.67,4.33,1.0,-1.0
543,544,-697.0,1,2,1.0,-4.67,-6.0,-0.75,3.33,-0.5,1.0,1.0
544,545,-593.0,0,0,0.0,0.0,0.0,-0.5,-1.67,-3.0,-1.0,-2.0
545,546,784.0,0,-2,-1.0,4.3,1.0,-1.0,1.67,2.25,0.0,-1.0
546,547,407.0,1,2,1.0,0.83,-6.5,-3.0,-4.5,-3.0,0.0,1.0
547,548,-4782.0,1,1,1.0,-4.75,-1.0,3.33,-1.25,4.75,-1.0,-1.0
548,549,7279.0,1,2,1.0,-0.25,6.33,-1.0,6.4,3.0,1.0,0.0
549,550,-5388.0,0,-2,1.0,-1.5,-0.3399999999999998,-1.5,2.0,1.33,0.0,1.0
550,551,890.0,1,0,1.0,4.5,0.5,2.0,6.33,0.33,-1.0,1.0
551,552,-1650.0,0,-2,-1.0,-2.0,0.0,2.0,-3.0,-4.0,0.0,-1.0
552,553,-587.0,1,0,0.0,-1.25,-1.0,-0.5,0.5,1.0,0.0,-1.0
553,554,-5526.0,0,2,1.0,-2.0,-4.33,-0.5,1.5,0.0,-1.0,0.0
554,555,-1980.0,1,-2,0.0,-3.0,0.5,1.5,-4.75,-1.67,0.0,1.0
555,556,702.0,0,2,-1.0,-4.0,7.33,2.0,0.0,1.0,0.0,0.0
556,557,9997.0,1,2,-2.0,5.0,3.75,6.17,10.0,4.0,0.0,-1.0
557,558,1119.0,1,2,0.0,1.5,1.0,-1.0,2.0,2.0,0.0,-1.0
558,559,1268.0,0,1,0.0,2.0,-0.8300000000000001,-1.0,1.5,3.4,2.0,-1.0
559,560,3104.0,0,2,1.0,2.4,2.5,-0.5,-2.5,-1.83,0.0,-2.0
560,561,320.0,1,1,-1.0,-2.75,1.0,2.25,-4.0,0.33,0.0,1.0
561,562,-2462.0,1,-2,0.0,-0.6699999999999999,-2.0,1.5,-0.5,-5.67,-1.0,-1.0
562,563,2187.0,1,0,-1.0,-2.0,1.83,2.5,3.0,1.0,-2.0,-1.0
563,564,1336.0,0,2,-1.0,1.5,1.0,-1.0,1.25,-1.0,2.0,0.0
564,565,-8711.0,0,-2,0.0,-1.5,-4.5,-1.89,-2.5,-6.0,-2.0,-2.0
565,566,81.0,1,-2,1.0,1.33,6.25,0.0,2.17,3.5,-1.0,-1.0
566,567,-3496.0,0,-2,2.0,4.0,0.0,0.5,-4.83,-5.25,0.0,1.0
567,568,9742.0,1,1,-2.0,5.0,6.0,2.5,8.0,8.0,-1.0,0.0
568,569,-1524.0,0,-1,1.0,-0.3399999999999998,-0.83,0.0,0.0,-6.0,0.0,1.0
569,570,5797.0,1,-1,-2.0,-0.1999999999999999,8.33,1.5,2.0,6.0,0.0,1.0
570,571,-5688.0,0,-2,1.0,-6.0,-6.67,0.4199999999999999,1.0,1.0,1.0,0.0
571,572,2385.0,0,2,1.0,0.0,1.0,2.0,-2.5,-3.5,1.0,0.0
572,573,-6450.0,1,0,-1.0,-0.5,-3.25,0.25,-6.4,-13.14,-1.0,1.0
573,574,7717.0,1,1,-1.0,4.8,11.0,-3.75,4.5,3.4,-1.0,1.0
574,575,-166.0,1,-2,2.0,5.5,-0.75,-0.8699999999999999,-2.0,-2.0,2.0,1.0
575,576,7628.0,1,1,-1.0,0.75,1.33,0.5,7.8,9.33,0.0,0.0
576,577,-3852.0,0,0,2.0,1.67,-0.8,3.33,-4.0,-5.0,0.0,0.0
577,578,2996.0,1,-1,-1.0,-6.0,-0.5,2.33,8.8,0.1999999999999999,-2.0,1.0
578,579,-2367.0,1,0,1.0,5.0,-3.67,-0.7,-8.0,-12.75,0.0,0.0
579,580,-6106.0,0,-2,2.0,-2.4,-1.66,-6.0,0.0,-6.0,1.0,1.0
580,581,2861.0,1,2,1.0,1.5,-0.1699999999999999,6.0,0.3399999999999998,-0.8300000000000001,1.0,1.0
581,582,4004.0,0,0,-1.0,0.66,0.1,7.25,-3.5,1.5,1.0,0.0
582,583,7426.0,1,-1,0.0,5.0,6.25,3.1,3.33,-0.1699999999999999,1.0,0.0
583,584,6095.0,0,2,-1.0,0.0,-1.0,1.33,5.5,2.25,0.0,0.0
584,585,6541.0,1,1,-1.0,0.0,2.0,3.75,4.0,5.0,0.0,1.0
585,586,-3195.0,0,-2,0.0,-6.0,-0.5,-2.0,3.0,4.0,1.0,1.0
586,587,5554.0,1,2,-2.0,1.4,-0.5,1.5,1.0,1.75,2.0,0.0
587,588,-1372.0,0,0,-1.0,0.25,5.33,-2.33,-0.5,0.6699999999999999,0.0,1.0
588,589,-1817.0,0,0,-1.0,-3.75,4.5,-1.33,4.0,4.33,-1.0,0.0
589,590,-265.0,0,-1,0.0,0.0,1.05,2.0,0.5,-2.33,-1.0,-1.0
590,591,-940.0,0,1,1.0,-3.33,-4.25,-10.33,-2.33,-0.75,1.0,-2.0
591,592,1769.0,0,2,0.0,-0.6699999999999999,-1.4,7.33,-1.0,1.25,1.0,0.0
592,593,3106.0,1,1,-1.0,-0.5,5.5,1.0,1.0,2.0,-1.0,0.0
593,594,397.0,1,2,2.0,-1.0,-1.0,0.0,1.0,1.0,1.0,2.0
594,595,5639.0,1,2,-2.0,-0.3399999999999998,7.0,2.0,2.75,6.0,0.0,0.0
595,596,560.0,1,2,0.0,2.75,-2.17,-4.9,-3.5,0.8300000000000001,1.0,1.0
596,597,2754.0,1,2,1.0,0.3299999999999999,-1.0,-1.5,-3.0,-5.0,0.0,-2.0
597,598,-1200.0,0,0,-1.0,-1.33,-2.0,1.67,0.0,-4.33,-1.0,0.0
598,599,3014.0,1,0,2.0,0.83,-4.0,-4.67,4.33,5.0,-1.0,2.0
599,600,-1662.0,0,-2,-1.0,-1.0,-7.0,-4.5,1.75,0.1699999999999999,1.0,0.0
600,601,-5878.0,0,-2,2.0,-2.8,-2.79,4.33,-4.33,-8.0,-2.0,-2.0
601,602,3541.0,1,0,-1.0,5.8,3.6,1.0,-0.33,1.0,2.0,1.0
602,603,-7979.0,0,-1,1.0,-1.75,-6.5,-4.67,-2.75,-9.25,0.0,0.0
603,604,-2761.0,1,0,-1.0,0.0,-1.5,-3.5,1.6,-0.2000000000000001,2.0,0.0
604,605,2929.0,0,-2,1.0,6.0,1.0,7.0,2.67,0.0,0.0,-1.0
605,606,-188.0,0,0,0.0,1.67,-11.83,1.33,0.0,-2.5,0.0,0.0
606,607,-2307.0,1,2,-1.0,-1.0,-4.0,-4.0,-6.33,-6.0,0.0,0.0
607,608,6900.0,1,1,-1.0,3.0,6.0,3.5,5.0,5.0,-1.0,0.0
608,609,2129.0,0,2,0.0,2.75,4.0,-1.5,0.5,-0.5,2.0,-2.0
609,610,1314.0,0,2,1.0,2.0,-1.33,2.0,-2.0,-3.0,0.0,-1.0
610,611,-1976.0,0,0,1.0,1.0,1.67,1.0,1.5,2.67,1.0,2.0
611,612,-17109.0,0,-1,1.0,-9.8,-3.53,-1.67,-6.0,-8.0,3.0,0.0
612,613,-1162.0,0,0,1.0,2.1,3.0,4.5,-1.5,-1.33,1.0,1.0
613,614,-7016.0,0,-2,2.0,-1.83,-6.5,-3.25,-7.5,0.6699999999999999,0.0,0.0
614,615,-248.0,0,0,1.0,5.0,-2.67,0.33,-1.0,-5.0,2.0,1.0
615,616,-625.0,0,0,-1.0,6.0,8.25,-1.25,2.58,0.25,0.0,1.0
616,617,-4735.0,0,1,2.0,-3.0,-1.1,1.5,2.0,-1.17,-1.0,0.0
617,618,-6412.0,0,-2,0.0,0.0,-2.5,-5.0,-7.25,-8.0,1.0,1.0
618,619,-887.0,0,-2,2.0,1.0,-0.5,3.67,0.33,-1.05,0.0,1.0
619,620,-291.0,0,0,-1.0,-0.7300000000000001,2.0,-2.0,5.33,1.27,1.0,0.0
620,621,-10649.0,0,-2,2.0,-5.0,-8.67,-2.0,-2.5,-9.0,-1.0,0.0
621,622,-3689.0,1,2,-1.0,-0.1999999999999999,-10.0,-2.67,-1.5,-7.75,0.0,-1.0
622,623,-2813.0,0,0,1.0,1.0,0.0,0.0,-1.5,-5.0,1.0,1.0
623,624,4726.0,0,1,1.0,-0.5,-3.0,2.5,-0.33,-0.5,-1.0,-1.0
624,625,-8993.0,0,-2,0.0,-3.33,-1.83,-2.33,0.5800000000000001,-4.0,1.0,2.0
625,626,-3143.0,0,-2,-1.0,0.5,-7.0,-5.8,2.0,4.83,2.0,0.0
626,627,-7675.0,0,0,2.0,-5.8,-4.64,-5.0,-6.0,-2.9,1.0,0.0
627,628,1836.0,1,2,-1.0,5.0,-3.5,-2.5,1.75,10.2,4.0,1.0
628,629,2394.0,0,2,1.0,1.5,-0.1699999999999999,-0.6600000000000001,0.1699999999999999,-2.5,2.0,0.0
629,630,9424.0,1,2,1.0,0.0,2.33,4.33,10.0,3.0,-1.0,0.0
630,631,10562.0,1,1,-2.0,3.0,6.75,7.0,1.92,7.33,0.0,1.0
631,632,-1199.0,0,0,2.0,2.0,-2.0,0.0,-0.5,1.0,2.0,1.0
632,633,-6548.0,0,-2,2.0,-7.5,0.0,-8.5,-2.9,-3.17,-2.0,1.0
633,634,-2406.0,1,1,1.0,1.5,1.0,3.75,-3.67,-2.0,1.0,1.0
634,635,-295.0,0,-2,1.0,-3.67,-1.0,3.1,0.0,1.0,2.0,0.0
635,636,478.0,1,0,-1.0,2.5,6.0,4.0,2.5,1.0,1.0,1.0
636,637,9381.0,1,-1,0.0,5.5,13.67,9.33,8.6,2.4,-2.0,1.0
637,638,456.0,0,2,-2.0,-0.6699999999999999,-0.9,5.75,1.17,0.25,0.0,1.0
638,639,-16650.0,0,-2,1.0,1.0,-11.5,-5.4,-6.67,-6.33,-1.0,3.0
639,640,3644.0,1,1,-1.0,2.33,-1.0,5.0,-1.0,6.5,-1.0,1.0
640,641,2805.0,1,0,-1.0,-1.33,4.33,9.0,3.0,1.17,2.0,-1.0
641,642,-3942.0,0,-2,2.0,3.0,-3.33,-2.0,-2.0,0.6699999999999999,3.0,1.0
642,643,4614.0,1,2,1.0,0.83,1.0,-1.0,0.5,2.67,2.0,0.0
643,644,7269.0,1,2,1.0,0.0,5.0,2.0,4.0,6.0,1.0,0.0
644,645,3482.0,1,0,1.0,-1.17,2.0,-2.08,3.17,0.4199999999999999,0.0,0.0
645,646,-416.0,0,2,0.0,0.5,-11.25,0.0,-5.25,-1.34,2.0,0.0
646,647,-4315.0,0,2,-1.0,2.0,1.5,-2.0,-0.1699999999999999,-4.29,-2.0,0.0
647,648,-186.0,1,0,1.0,-1.5,2.5,3.5,-0.33,-1.67,0.0,-1.0
648,649,-12402.0,0,-2,1.0,-4.0,-11.8,-7.0,-5.4,-6.07,-2.0,1.0
649,650,747.0,0,2,-1.0,-2.5,-0.6699999999999999,-2.0,2.75,-0.33,0.0,1.0
650,651,-6960.0,0,-2,2.0,-2.67,-5.0,-2.67,-4.0,-5.0,1.0,1.0
651,652,-4364.0,0,-2,2.0,0.0,-4.5,-3.0,-4.0,-2.0,-2.0,-1.0
652,653,8820.0,1,0,0.0,1.0,-0.5,4.36,7.2,1.33,-2.0,-1.0
653,654,12875.0,1,1,0.0,5.0,11.0,8.67,2.6,11.6,0.0,0.0
654,655,979.0,1,0,-1.0,4.8,0.33,-0.83,-3.0,-1.0,0.0,0.0
655,656,3259.0,1,2,-1.0,1.0,3.0,2.6,-1.0,-5.25,-1.0,0.0
656,657,-2251.0,1,0,-2.0,-1.0,-1.0,3.0,0.0,-0.5,0.0,0.0
657,658,1491.0,1,0,1.0,1.0,-6.5,-5.0,1.75,1.0,2.0,1.0
658,659,9480.0,1,0,-1.0,-1.58,2.75,-0.4000000000000001,0.7000000000000002,4.33,0.0,0.0
659,660,1147.0,0,0,-1.0,1.0,4.5,11.67,10.25,-1.75,-1.0,0.0
660,661,2693.0,1,2,-1.0,0.0,6.25,0.6699999999999999,-1.0,-3.0,-2.0,1.0
661,662,-1725.0,0,2,0.0,1.0,-0.25,3.0,-3.67,-3.5,0.0,0.0
662,663,3306.0,1,2,1.0,0.5,6.0,0.0,1.0,3.25,1.0,0.0
663,664,-62.0,0,-2,-1.0,1.33,6.67,7.6,-8.0,-0.8699999999999999,1.0,1.0
664,665,2965.0,0,0,-1.0,3.5,8.4,6.67,-3.5,-3.0,0.0,1.0
665,666,-7569.0,0,0,2.0,-5.0,-2.0,-6.5,-3.5,-4.5,2.0,1.0
666,667,-1836.0,0,0,-1.0,-2.0,2.67,-1.0,1.0,4.25,-4.0,-2.0
667,668,3193.0,1,2,-1.0,0.25,-3.67,-2.33,5.83,12.33,2.0,1.0
668,669,4970.0,0,2,-1.0,5.75,2.5,1.0,1.0,5.67,1.0,1.0
669,670,-58.0,0,2,2.0,0.5800000000000001,4.0,0.5,1.0,2.0,0.0,1.0
670,671,-4452.0,0,0,0.0,-5.5,-5.2,0.0,0.0,1.5,1.0,1.0
671,672,182.0,0,0,1.0,5.0,3.0,1.0,2.0,1.0,0.0,0.0
672,673,2364.0,1,2,1.0,-4.0,-5.33,3.0,-2.0,1.0,-1.0,-2.0
673,674,7389.0,1,2,1.0,3.67,3.5,6.0,2.0,-0.33,2.0,-1.0
674,675,-2563.0,1,0,1.0,-4.67,-6.0,-3.6,6.0,2.5,1.0,-1.0
675,676,1184.0,0,-2,1.0,-4.0,6.0,2.37,6.33,8.5,1.0,1.0
676,677,-8917.0,0,1,1.0,0.0,-6.4,-4.5,-6.0,-4.17,-1.0,0.0
677,678,2919.0,1,1,-1.0,2.75,3.67,-1.0,1.0,0.0,-2.0,0.0
678,679,1365.0,1,2,-2.0,6.0,-3.0,0.0,-3.0,-3.5,0.0,2.0
679,680,3670.0,0,0,-1.0,-2.0,2.25,-5.0,6.33,8.25,-1.0,0.0
680,681,8056.0,1,2,0.0,3.6,3.0,-0.5,8.67,6.0,1.0,1.0
681,682,1388.0,0,0,-2.0,-3.67,4.0,2.0,11.75,8.75,-1.0,-2.0
682,683,701.0,0,-1,1.0,1.33,-1.5,2.0,-2.0,4.0,0.0,0.0
683,684,-3660.0,0,0,1.0,-2.39,-1.0,-2.1,0.0,3.0,-1.0,0.0
684,685,5641.0,1,-1,-1.0,-0.5,0.5,0.4199999999999999,5.75,3.0,0.0,0.0
685,686,1331.0,1,2,1.0,0.0,-2.5,-2.0,-4.33,-3.0,1.0,-1.0
686,687,-826.0,0,2,0.0,-0.6699999999999999,-0.5,-3.0,0.8300000000000001,0.25,1.0,0.0
687,688,12721.0,1,1,-2.0,5.71,2.67,5.0,4.7,3.75,0.0,-1.0
688,689,2785.0,0,0,0.0,-3.0,5.0,5.5,7.0,1.67,1.0,-1.0
689,690,-2587.0,0,0,0.0,-1.0,-0.5,6.33,-3.5,3.5,-3.0,0.0
690,691,2712.0,0,2,1.0,0.0,0.5,3.33,4.17,3.0,4.0,2.0
691,692,-8915.0,0,-1,1.0,-3.5,-7.33,-3.0,-2.5,-2.0,0.0,0.0
692,693,-31.0,1,2,1.0,7.5,2.67,5.0,-0.5,-8.75,-1.0,0.0
693,694,-448.0,1,2,0.0,1.08,2.0,2.5,-3.5,-3.08,-3.0,-1.0
694,695,7563.0,1,0,1.0,-3.67,5.0,2.0,4.0,3.5,0.0,0.0
695,696,1067.0,0,0,-1.0,-4.67,1.0,0.6699999999999999,7.0,5.33,-1.0,2.0
696,697,-1718.0,0,0,0.0,-2.5,3.5,1.0,-1.0,-1.5,-1.0,0.0
697,698,-4007.0,0,1,2.0,-1.5,-8.0,-2.0,-1.0,-1.0,-1.0,0.0
698,699,7016.0,1,-1,-1.0,0.0,-1.0,2.67,5.38,6.17,1.0,0.0
699,700,5010.0,1,2,-1.0,1.83,-0.6699999999999999,6.0,-0.2299999999999999,2.8,-3.0,-2.0
700,701,-7591.0,0,-2,2.0,-9.0,-1.67,-2.1,-3.2,-3.0,-1.0,1.0
701,702,-1019.0,1,-1,1.0,0.5,1.0,3.0,-7.0,-0.6600000000000001,0.0,0.0
702,703,-4864.0,0,-1,0.0,-7.8,-3.0,-3.0,6.75,1.17,2.0,-1.0
703,704,-10086.0,1,-2,1.0,-4.75,-7.67,-1.0,-2.0,-3.5,1.0,1.0
704,705,-674.0,0,0,1.0,2.5,-1.0,-2.0,-0.6699999999999999,-2.25,0.0,-1.0
705,706,-3706.0,1,2,-1.0,2.5,-0.3999999999999999,1.17,-2.73,-8.25,1.0,1.0
706,707,-10014.0,0,-1,0.0,-3.67,-2.35,-4.0,-4.0,-13.62,0.0,1.0
707,708,-240.0,1,0,1.0,-1.33,-0.6699999999999999,-3.5,-1.8,1.0,-3.0,0.0
708,709,-1641.0,0,-2,-1.0,-5.75,6.33,1.75,0.6699999999999999,1.83,2.0,-2.0
709,710,3944.0,1,2,-1.0,3.0,7.0,4.33,-0.25,6.0,-1.0,-1.0
710,711,-3709.0,0,-2,2.0,0.8699999999999999,-13.25,1.5,-11.4,-8.5,0.0,-1.0
711,712,-4879.0,0,0,2.0,0.0,-1.5,-1.0,-7.75,0.0,1.0,0.0
712,713,2115.0,1,2,2.0,1.5,-5.0,-3.0,-2.17,-2.0,0.0,0.0
713,714,-5106.0,1,0,2.0,1.5,-6.5,0.75,0.0,-2.5,1.0,1.0
714,715,-8286.0,0,-1,-1.0,-6.0,-7.33,3.0,-1.5,-4.5,1.0,-1.0
715,716,-6059.0,0,-2,2.0,0.0,-0.5,-0.33,-7.0,-7.0,2.0,0.0
716,717,4201.0,1,2,-1.0,5.75,5.5,3.0,1.0,4.5,0.0,-1.0
717,718,-12969.0,0,-1,1.0,-4.34,-11.33,-8.0,-3.5,-13.8,0.0,0.0
718,719,-1090.0,0,-2,1.0,-0.53,-2.25,0.33,2.42,0.0,1.0,-1.0
719,720,-2868.0,1,0,-1.0,-2.5,0.5,1.0,1.83,0.75,0.0,1.0
720,721,-8098.0,0,0,2.0,-5.33,-3.5,-3.25,-7.0,-8.33,1.0,0.0
721,722,1364.0,1,2,1.0,0.5,1.0,-2.0,-2.67,-7.0,0.0,0.0
722,723,540.0,0,0,2.0,0.0,-0.5,0.0,-5.0,-0.8300000000000001,1.0,-2.0
723,724,4334.0,1,-1,-2.0,1.75,2.25,-2.0,1.33,-2.0,1.0,0.0
724,725,-154.0,0,2,-1.0,4.0,-12.4,-0.08,-0.92,1.13,-1.0,1.0
725,726,-8424.0,0,-2,2.0,-2.67,-2.5,-1.0,-6.67,-8.8,0.0,1.0
726,727,8888.0,1,1,-1.0,2.0,7.0,6.0,4.75,4.38,-1.0,0.0
727,728,6398.0,1,0,-2.0,2.5,4.33,-1.33,10.33,10.8,-1.0,-1.0
728,729,1695.0,1,2,-1.0,7.75,-1.5,-1.67,-9.6,-9.0,3.0,0.0
729,730,3170.0,0,2,2.0,-1.0,-0.5,1.0,3.0,3.5,2.0,0.0
730,731,2251.0,0,-2,1.0,1.5,6.4,1.0,2.0,1.0,2.0,-1.0
731,732,-7021.0,0,0,1.0,-2.0,2.0,-2.0,-1.0,-0.3399999999999998,0.0,2.0
732,733,3896.0,1,2,0.0,-4.0,1.67,4.8,3.5,0.5,-1.0,-2.0
733,734,5486.0,1,2,1.0,3.0,2.0,0.0,4.0,4.0,0.0,-1.0
734,735,-7451.0,0,0,2.0,-2.0,-3.67,-4.33,-4.33,-3.0,2.0,-1.0
735,736,-6328.0,0,0,-1.0,-1.0,-2.0,-1.0,-6.0,-2.0,2.0,1.0
736,737,795.0,0,0,2.0,3.33,-1.5,-2.8,5.75,-0.6699999999999999,0.0,-2.0
737,738,-452.0,0,0,2.0,3.5,2.5,-2.0,-3.5,2.0,0.0,-1.0
738,739,-1535.0,0,0,-1.0,1.0,-1.0,-2.2,4.0,4.75,-1.0,0.0
739,740,6913.0,1,0,2.0,4.75,1.5,1.17,8.75,4.25,1.0,0.0
740,741,-3395.0,0,0,0.0,-1.5,0.2000000000000001,-5.0,0.0,-5.3,0.0,1.0
741,742,-9581.0,0,-1,2.0,-1.27,-9.0,-3.5,-5.8,-7.5,1.0,1.0
742,743,4602.0,0,2,0.0,1.0,7.0,1.33,1.8,1.67,0.0,0.0
743,744,551.0,1,0,-2.0,-1.5,2.83,-4.5,2.53,1.25,1.0,0.0
744,745,7231.0,1,2,-1.0,-0.5,4.0,2.17,3.0,6.0,2.0,0.0
745,746,-3361.0,0,2,2.0,-1.5,-1.83,-7.25,-1.92,-9.5,1.0,0.0
746,747,6549.0,1,0,-1.0,-1.5,11.0,2.67,0.5800000000000001,-2.0,-1.0,0.0
747,748,-4484.0,1,2,1.0,3.5,0.1699999999999999,-3.5,1.83,-9.5,0.0,-1.0
748,749,-11893.0,0,-2,2.0,-2.5,-2.4,-2.42,-3.0,-1.0,-1.0,0.0
749,750,-2501.0,0,-2,-1.0,0.33,3.83,1.0,0.6699999999999999,0.4199999999999999,0.0,0.0
750,751,-3121.0,0,0,2.0,4.0,-1.5,2.0,-2.17,-2.5,1.0,1.0
751,752,1451.0,1,0,1.0,-1.0,3.0,5.6,-1.5,2.0,1.0,1.0
752,753,-2116.0,0,0,0.0,3.33,-2.0,-3.25,-8.0,-1.75,0.0,1.0
753,754,5517.0,0,0,-2.0,-1.0,9.0,8.33,7.75,12.0,-1.0,2.0
754,755,9628.0,1,2,-1.0,5.0,5.0,2.0,7.5,4.67,3.0,1.0
755,756,3167.0,1,2,0.0,0.5,6.2,-0.6699999999999999,6.0,1.75,1.0,3.0
756,757,3213.0,1,2,-2.0,2.6,2.25,5.0,-0.7,-2.2,-1.0,-2.0
757,758,6766.0,1,2,0.0,0.33,3.5,2.67,1.0,0.0,1.0,0.0
758,759,-454.0,0,0,1.0,7.0,2.0,0.0,-4.25,-1.13,1.0,-2.0
759,760,3038.0,1,0,-1.0,0.0,2.34,2.0,4.5,4.5,-1.0,1.0
760,761,-4407.0,0,-2,1.0,-2.5,-1.0,-1.57,-1.83,-1.83,0.0,0.0
761,762,8138.0,1,2,1.0,-1.0,-0.33,7.4,0.8999999999999999,0.4000000000000001,2.0,-1.0
762,763,-181.0,0,2,1.0,4.5,-3.0,-1.0,-3.33,-3.0,0.0,1.0
763,764,-4943.0,0,0,0.0,-2.5,0.08,-1.5,-1.17,-7.0,-1.0,1.0
764,765,-5907.0,0,1,2.0,-4.0,-6.33,-0.6699999999999999,0.0,-1.0,0.0,-1.0
765,766,-3266.0,0,0,0.0,2.17,-2.0,-2.17,-1.0,2.0,1.0,-1.0
766,767,5000.0,1,2,-2.0,8.5,3.33,2.67,-2.5,5.2,0.0,0.0
767,768,-11664.0,0,-1,1.0,-7.83,-5.0,-2.83,-7.8,-10.2,0.0,-1.0
768,769,-625.0,0,0,-1.0,4.5,4.67,-0.5,-5.75,-0.5,-1.0,0.0
769,770,5109.0,1,-2,-1.0,0.3299999999999999,5.67,2.33,3.33,3.25,-1.0,0.0
770,771,-8858.0,0,-1,1.0,0.0,-1.5,-4.0,-4.0,-4.0,0.0,1.0
771,772,-953.0,0,2,0.0,3.0,-1.0,-3.0,4.0,-2.5,-1.0,0.0
772,773,2278.0,1,2,2.0,-1.33,-1.5,2.0,0.6699999999999999,-0.75,-1.0,0.0
773,774,2751.0,1,2,0.0,3.67,-1.0,2.0,-3.75,0.5,0.0,0.0
774,775,2745.0,1,0,-1.0,4.0,5.0,2.67,-4.5,-6.0,0.0,1.0
775,776,-144.0,0,2,2.0,6.0,5.0,-1.0,-2.67,-5.0,-1.0,0.0
776,777,-374.0,1,0,1.0,0.6699999999999999,-2.4,-0.05,1.5,6.75,0.0,1.0
777,778,-1631.0,0,0,0.0,-1.5,4.5,-4.12,0.3500000000000001,1.25,1.0,0.0
778,779,-4096.0,0,-2,1.0,-0.5,1.33,1.67,-5.5,-6.67,-1.0,-1.0
779,780,6522.0,1,1,-1.0,3.75,7.6,2.0,2.17,6.0,-1.0,0.0
780,781,1992.0,1,2,-1.0,6.0,4.0,-6.0,3.67,1.17,-1.0,-2.0
781,782,-1075.0,1,0,1.0,1.17,-1.0,1.0,-2.5,2.0,1.0,2.0
782,783,7786.0,1,2,-1.0,-0.25,3.76,6.0,8.6,10.0,-2.0,-1.0
783,784,3894.0,1,1,0.0,0.0,-3.5,4.0,-1.67,-1.42,1.0,0.0
784,785,-5952.0,0,-2,0.0,-4.0,2.5,1.0,-2.5,-6.5,-2.0,0.0
785,786,4050.0,1,2,-1.0,2.0,5.4,1.67,1.5,4.0,-1.0,1.0
786,787,-4381.0,0,-1,1.0,-2.33,-1.0,-0.7,-2.5,-2.0,0.0,0.0
787,788,-2919.0,0,0,-2.0,-8.5,-5.0,-1.33,-2.5,4.75,1.0,-1.0
788,789,-9242.0,0,0,-1.0,0.5,-4.5,-1.25,-8.8,-10.0,0.0,1.0
789,790,9258.0,1,0,0.0,4.0,7.5,-0.3399999999999998,11.33,12.5,2.0,1.0
790,791,6356.0,1,2,-1.0,0.0,4.0,6.25,1.75,0.33,1.0,1.0
791,792,-80.0,1,1,-1.0,-3.0,1.0,2.0,6.25,-0.3399999999999998,-2.0,0.0
792,793,-6135.0,0,-2,0.0,-3.67,-5.33,-1.0,-1.0,-8.33,0.0,0.0
793,794,-1500.0,1,-2,0.0,0.6699999999999999,-3.5,-2.33,2.0,1.34,1.0,1.0
794,795,2313.0,1,2,1.0,-5.67,3.0,2.0,0.5800000000000001,4.5,-1.0,0.0
795,796,-1757.0,0,0,2.0,-1.0,2.0,0.0,6.25,1.0,0.0,1.0
796,797,4911.0,1,0,-1.0,-0.33,9.67,0.0,2.33,2.17,3.0,1.0
797,798,2584.0,1,0,1.0,0.0,-5.33,-5.0,2.32,-0.7999999999999998,0.0,0.0
798,799,14611.0,1,1,0.0,2.5,9.0,4.75,10.0,9.8,0.0,-2.0
799,800,2253.0,0,0,-1.0,4.0,1.5,-2.0,-0.5,-0.5,-2.0,0.0
800,801,-2778.0,0,0,0.0,0.0,-5.5,-4.0,-3.5,-1.0,0.0,0.0
801,802,5297.0,1,1,0.0,3.0,0.0,3.5,3.5,8.67,0.0,0.0
802,803,-1301.0,1,-2,1.0,0.0,2.5,0.0,-7.0,-0.92,0.0,0.0
803,804,2486.0,1,1,1.0,1.5,0.08,4.75,0.0,0.33,0.0,1.0
804,805,2206.0,0,2,1.0,4.5,1.0,1.0,0.5,-1.0,-1.0,-2.0
805,806,-1694.0,0,0,1.0,-1.0,0.25,-3.2,2.33,-5.67,3.0,0.0
806,807,-1803.0,0,0,0.0,1.17,-1.08,5.67,2.5,-1.0,0.0,0.0
807,808,1140.0,0,2,1.0,0.83,-4.0,-6.67,-0.47,-2.5,-1.0,0.0
808,809,9044.0,1,1,2.0,-2.33,5.0,8.0,1.0,3.0,-1.0,0.0
809,810,-8001.0,0,0,0.0,-2.83,-7.8,-2.73,-3.0,-6.5,2.0,1.0
810,811,-414.0,0,2,0.0,1.33,3.5,-6.0,0.1699999999999999,-0.5800000000000001,0.0,-1.0
811,812,-1018.0,0,0,1.0,-3.75,-6.0,-3.5,0.0,-0.5,-1.0,1.0
812,813,-5060.0,0,-2,0.0,-6.5,-5.5,-5.75,-5.2,-6.5,-2.0,1.0
813,814,-4240.0,0,0,1.0,3.67,-3.0,-1.25,-9.6,-3.47,-1.0,-1.0
814,815,1472.0,0,0,1.0,-2.67,2.0,1.5,2.67,5.0,1.0,0.0
815,816,4430.0,1,2,-1.0,4.4,4.5,1.5,-1.67,-0.1699999999999999,-2.0,1.0
816,817,5070.0,1,2,-1.0,5.0,-1.0,3.0,-5.67,-2.67,-1.0,0.0
817,818,-354.0,0,2,-1.0,-0.3299999999999999,9.33,4.5,0.3399999999999998,-0.25,1.0,0.0
818,819,5152.0,1,-1,-2.0,-1.0,0.0,-6.6,5.75,4.67,-1.0,0.0
819,820,-105.0,0,-2,-1.0,-1.6,-8.0,7.2,-4.25,1.08,1.0,-1.0
820,821,-1736.0,0,0,2.0,-0.5,-8.0,-4.5,-6.67,0.0,-2.0,0.0
821,822,2479.0,1,0,2.0,-0.75,-1.5,7.5,4.0,5.5,-1.0,0.0
822,823,-2279.0,1,-2,-1.0,-5.5,-9.33,-1.0,0.33,0.6600000000000001,0.0,-1.0
823,824,-2121.0,0,-1,-1.0,-3.67,-1.5,-5.33,-2.33,-6.33,1.0,1.0
824,825,5848.0,1,0,-1.0,2.0,0.1699999999999999,5.5,9.86,10.2,0.0,-1.0
825,826,1021.0,0,0,1.0,4.67,5.75,4.5,0.1699999999999999,2.0,-1.0,-2.0
826,827,3295.0,1,2,0.0,-0.17,12.67,8.0,-4.0,-3.5,2.0,1.0
827,828,-8775.0,0,-2,2.0,-2.67,0.0,-3.5,-2.0,-2.0,1.0,2.0
828,829,207.0,0,2,1.0,0.5,0.0,-2.0,-2.83,-0.33,-1.0,0.0
829,830,-6763.0,1,-2,2.0,-2.0,3.0,-4.5,-5.0,0.6699999999999999,-1.0,-1.0
830,831,1504.0,0,-2,1.0,-0.66,-7.0,0.0,2.67,3.25,0.0,-1.0
831,832,-3926.0,1,1,1.0,5.0,-9.67,2.0,-5.75,-7.5,1.0,1.0
832,833,-3454.0,0,2,-1.0,1.0699999999999998,-6.0,-2.17,0.6699999999999999,-4.0,0.0,-1.0
833,834,3185.0,1,2,0.0,-3.25,8.67,1.0,0.5,-0.25,1.0,1.0
834,835,8854.0,1,2,-2.0,4.1,4.0,4.0,8.25,3.33,2.0,0.0
835,836,8144.0,1,2,-2.0,-0.5,7.5,7.0,8.8,10.6,-2.0,0.0
836,837,2302.0,1,0,0.0,-1.0,-4.0,-3.0,0.8300000000000001,4.0,-2.0,2.0
837,838,-393.0,0,-1,-2.0,-3.67,6.33,0.0,8.5,1.73,1.0,-1.0
838,839,-3401.0,1,-2,1.0,1.0,-4.0,0.0,-1.5,0.0,0.0,1.0
839,840,4454.0,1,1,-1.0,-5.6,6.33,1.33,5.1,9.67,0.0,0.0
840,841,-668.0,1,-1,0.0,-3.8,-9.0,-5.0,1.5,2.5,0.0,0.0
841,842,4079.0,1,2,1.0,1.33,1.0,4.0,2.0,-0.3399999999999998,1.0,0.0
842,843,2283.0,0,-2,-1.0,-2.0,2.33,1.0,5.67,8.0,-1.0,-1.0
843,844,5488.0,1,2,-1.0,1.34,-0.5,3.67,1.67,-2.67,1.0,0.0
844,845,86.0,0,2,0.0,0.5,4.33,1.0,-1.08,-1.0,-1.0,-1.0
845,846,-363.0,0,2,2.0,4.0,3.0,-1.0,-4.33,-1.0,2.0,-1.0
846,847,-5842.0,0,-2,2.0,3.0,-1.0,-7.8,-5.75,-3.0,0.0,-2.0
847,848,6016.0,1,0,-1.0,-1.33,4.5,4.67,10.0,4.83,0.0,0.0
848,849,-965.0,0,-1,-1.0,4.25,-2.42,-3.83,-4.33,-3.3,3.0,0.0
849,850,3573.0,1,2,1.0,6.83,-1.5,-2.67,-1.5,-8.0,-1.0,0.0
850,851,-3262.0,0,-1,-1.0,-2.75,5.0,-3.0,-2.0,0.8300000000000001,0.0,1.0
851,852,1496.0,1,0,1.0,0.0,6.0,-4.0,4.0,8.0,3.0,0.0
852,853,2857.0,0,2,1.0,0.0,4.0,4.4,-0.83,0.1699999999999999,2.0,-1.0
853,854,8004.0,1,1,-1.0,5.6,2.83,4.5,5.0,3.17,4.0,0.0
854,855,2361.0,1,0,-2.0,0.83,6.33,-0.3799999999999999,1.5,1.67,1.0,0.0
855,856,-2887.0,1,2,1.0,0.0,-9.0,1.25,-4.0,-2.83,3.0,1.0
856,857,-931.0,0,2,1.0,1.5,-3.0,-0.83,-1.92,-6.5,-1.0,-1.0
857,858,2078.0,1,2,-1.0,-1.0,-1.25,0.6699999999999999,-4.5,3.0,-1.0,0.0
858,859,1097.0,1,2,2.0,-2.6,-5.5,-2.0,-2.0,-3.0,-1.0,-1.0
859,860,10821.0,1,1,-2.0,4.2,13.0,9.0,2.08,3.5,0.0,1.0
860,861,6696.0,1,1,-1.0,5.0,4.33,5.67,2.0,6.5,-2.0,0.0
861,862,3979.0,1,-1,-2.0,1.75,7.0,-2.0,7.33,6.6,1.0,0.0
862,863,-408.0,1,0,-1.0,-2.0,1.25,0.1699999999999999,-7.67,-1.0,-1.0,0.0
863,864,699.0,1,2,0.0,-0.25,4.5,1.5,1.58,2.0,0.0,0.0
864,865,2133.0,1,1,-1.0,1.33,-3.5,3.33,5.0,0.1300000000000001,0.0,0.0
865,866,5103.0,1,2,-1.0,2.8,8.75,3.5,-2.67,8.0,-3.0,0.0
866,867,-1035.0,0,0,0.0,-1.0,-2.0,-2.5,-3.5,-3.0,2.0,0.0
867,868,2781.0,1,0,0.0,-1.5,1.0,5.33,0.0,6.75,-1.0,1.0
868,869,-1593.0,0,0,-1.0,-4.83,6.5,-0.25,1.17,-7.0,-2.0,0.0
869,870,2930.0,1,1,0.0,3.0,6.33,1.0,1.42,-1.5,-1.0,0.0
870,871,-2652.0,0,0,1.0,3.0,-1.0,0.0,-6.5,-6.33,-1.0,0.0
871,872,9326.0,1,-1,-1.0,1.4300000000000002,7.0,10.83,1.0,2.0,-2.0,-1.0
872,873,5989.0,1,1,-2.0,0.5,2.0,5.0,2.5,3.25,1.0,1.0
873,874,-9760.0,0,-1,1.0,-2.0,-13.5,-3.33,-11.5,-12.0,0.0,-2.0
874,875,-2751.0,0,0,2.0,6.75,4.0,-1.0,-1.0,-3.5,0.0,0.0
875,876,1330.0,0,0,-1.0,0.6699999999999999,-2.0,0.7400000000000001,0.58,-4.5,0.0,1.0
876,877,-3261.0,0,2,1.0,-3.0,7.0,-2.0,5.67,7.67,-2.0,0.0
877,878,1117.0,1,1,-2.0,4.33,3.0,0.0,3.33,2.25,2.0,2.0
878,879,4647.0,1,2,-1.0,1.1800000000000002,5.5,0.0,3.6,7.33,-1.0,-1.0
879,880,-4070.0,0,0,2.0,3.25,-2.75,-0.8300000000000001,-3.0,-5.0,0.0,-1.0
880,881,2374.0,1,2,-2.0,0.1999999999999999,-1.33,5.2,-4.0,-9.33,0.0,0.0
881,882,-1791.0,0,-1,0.0,0.0,-2.0,2.0,-0.5,-1.5,0.0,0.0
882,883,-6246.0,0,-2,0.0,1.0,-6.25,-10.25,1.75,-1.16,1.0,-1.0
883,884,-5868.0,0,-2,0.0,-1.34,-5.0,-4.75,-2.0,-3.0,1.0,1.0
884,885,5823.0,1,2,-1.0,-1.5,5.0,1.5,2.5,4.0,-1.0,2.0
885,886,3454.0,1,2,-1.0,-2.0,-4.5,-0.33,4.0,-1.75,1.0,0.0
886,887,-3554.0,0,-2,-1.0,-6.67,-1.0,-4.5,-1.0,0.0,-2.0,-1.0
887,888,17268.0,1,1,-2.0,10.88,11.0,8.8,0.0,0.5,-1.0,-1.0
888,889,1349.0,1,1,0.0,-0.58,4.0,-1.33,2.53,10.0,0.0,0.0
889,890,1762.0,0,0,0.0,-2.25,3.17,6.0,2.5,2.75,-1.0,-2.0
890,891,-2607.0,1,-2,0.0,0.0,0.5,-4.75,1.53,0.8300000000000001,-1.0,0.0
891,892,-1723.0,0,-1,1.0,-4.25,-1.33,-3.0,0.33,-1.73,-2.0,0.0
892,893,2596.0,0,-2,0.0,0.0,-9.0,-1.73,3.0,4.2,-1.0,0.0
893,894,-10341.0,0,0,-1.0,-2.0,-4.75,-3.5,-3.5,-2.33,2.0,1.0
894,895,-2044.0,1,1,1.0,-0.8300000000000001,2.0,1.5,-5.0,0.6699999999999999,-2.0,0.0
895,896,-3402.0,0,-2,1.0,3.0,0.5,-7.0,-4.67,-2.67,-1.0,1.0
896,897,-537.0,0,2,1.0,0.6699999999999999,-3.5,-2.0,-0.1699999999999999,0.3399999999999998,-1.0,0.0
897,898,-955.0,1,0,-2.0,-3.33,3.67,0.6699999999999999,1.5,4.0,0.0,1.0
898,899,-12038.0,0,-1,0.0,-5.6,-5.33,-5.75,-5.6,-7.0,0.0,-2.0
899,900,6584.0,1,2,-2.0,-8.86,-1.6,1.0,2.67,9.0,-1.0,-1.0
900,901,-3062.0,0,1,0.0,-2.5,-4.0,-0.33,-5.67,-10.75,2.0,1.0
901,902,-4504.0,1,0,-1.0,-2.5,-1.67,-0.33,-3.58,4.5,0.0,2.0
902,903,-1505.0,0,-2,2.0,-0.5,-0.5,2.17,-3.6,1.17,1.0,0.0
903,904,2019.0,1,0,0.0,0.0,-0.5,1.0,1.0,1.0,0.0,-1.0
904,905,16916.0,1,1,-2.0,1.6,12.4,5.67,3.4,12.8,0.0,0.0
905,906,-1552.0,1,2,1.0,0.5,4.0,-2.33,-4.0,-3.0,1.0,-1.0
906,907,-629.0,0,1,1.0,-2.67,3.33,-1.25,1.0,-0.5,1.0,-2.0
907,908,4994.0,1,0,-1.0,1.0,2.67,-0.3399999999999998,5.0,7.0,-1.0,1.0
908,909,1456.0,1,2,1.0,1.0,1.0,-1.0,3.5,1.83,2.0,0.0
909,910,-2864.0,1,0,1.0,2.5,4.75,1.08,-3.9,2.0,2.0,0.0
910,911,4720.0,1,2,-2.0,0.4499999999999999,-2.5,0.0,9.33,3.2,0.0,0.0
911,912,432.0,1,2,-2.0,0.5,-0.5800000000000001,-5.67,-1.5,-1.25,1.0,0.0
912,913,1549.0,0,0,1.0,0.5800000000000001,0.0,-2.0,-2.0,-3.0,0.0,-1.0
913,914,2602.0,1,2,-2.0,0.5,7.33,2.0,7.0,0.27,0.0,0.0
914,915,3957.0,1,2,-1.0,3.0,2.0,3.0,-1.5,-6.0,-1.0,-1.0
915,916,-101.0,1,-1,0.0,-1.0,0.33,-1.25,3.33,1.73,-1.0,-2.0
916,917,-1046.0,1,0,-1.0,3.67,1.0,-0.5,-1.0,-3.0,-1.0,0.0
917,918,-7632.0,0,1,1.0,-1.0,-9.0,-1.5,-0.92,-4.0,3.0,1.0
918,919,6921.0,1,-1,-1.0,3.0,4.0,7.0,1.5,7.75,3.0,1.0
919,920,2125.0,1,2,1.0,1.58,1.17,2.67,-1.0,1.0,0.0,-1.0
920,921,-2883.0,0,0,-2.0,1.0,4.0,-4.5,-0.3299999999999999,-4.33,0.0,0.0
921,922,1731.0,1,2,-1.0,2.25,-2.5,0.33,2.5,-2.5,1.0,0.0
922,923,-862.0,1,-2,2.0,2.0,-3.0,1.0,0.66,1.34,-4.0,-1.0
923,924,2784.0,0,2,1.0,-0.7,2.17,4.0,0.66,3.0,-2.0,-1.0
924,925,1266.0,0,-2,2.0,2.67,2.5,1.0,-0.5,-6.0,1.0,1.0
925,926,-1258.0,0,-2,-2.0,-3.0,2.0,-0.5,2.7,3.33,0.0,-1.0
926,927,1519.0,0,0,1.0,-2.0,-2.0,0.0,-1.0,-1.67,2.0,-2.0
927,928,3299.0,1,0,-1.0,-0.25,6.0,1.0,4.8,8.25,0.0,0.0
928,929,10764.0,1,0,0.0,3.34,4.25,1.0,6.36,5.17,-1.0,1.0
929,930,-5448.0,0,-2,1.0,-5.5,-6.0,-4.5,-1.5,-6.0,1.0,2.0
930,931,1885.0,0,-1,-1.0,0.1699999999999999,11.4,0.33,7.5,3.5,1.0,-1.0
931,932,1127.0,0,0,-1.0,0.33,2.0,-1.6,0.0,-0.6699999999999999,0.0,-1.0
932,933,407.0,1,2,1.0,1.67,-12.8,-1.92,-1.45,-2.13,1.0,0.0
933,934,5515.0,1,0,0.0,-4.67,1.0,6.0,-0.49,5.0,-1.0,-2.0
934,935,-6080.0,0,-2,2.0,-3.0,-4.0,-3.0,-2.7,-2.17,2.0,0.0
935,936,-5713.0,0,-2,0.0,-2.0,-7.33,-6.8,-1.0,0.0,1.0,0.0
936,937,-1475.0,1,0,1.0,-2.5,-2.5,-1.0,2.33,-0.5,2.0,1.0
937,938,3222.0,0,-2,1.0,3.75,2.0,-0.5800000000000001,2.5,4.0,-1.0,0.0
938,939,6415.0,1,2,-1.0,0.5800000000000001,0.33,1.67,10.17,2.25,1.0,0.0
939,940,-2689.0,0,0,1.0,-2.67,0.5,0.0,-6.0,-0.1999999999999999,1.0,0.0
940,941,-3530.0,0,2,0.0,-4.0,-2.5,-3.75,-3.2,3.75,1.0,1.0
941,942,-10444.0,0,1,-1.0,-0.3399999999999998,-10.0,-7.88,-9.0,-9.0,0.0,1.0
942,943,-13662.0,0,-1,0.0,-7.0,-13.88,-7.75,-2.83,-1.8,2.0,0.0
943,944,2826.0,0,1,-1.0,2.5,-1.0,3.3,-0.33,1.67,0.0,-2.0
944,945,-638.0,0,2,0.0,0.0,-1.5,1.5,-2.0,-2.5,-1.0,0.0
945,946,3526.0,1,2,1.0,-0.85,1.0,1.7,5.0,5.75,-1.0,0.0
946,947,-8139.0,0,-2,1.0,-0.25,-4.0,1.0,-3.12,1.0,2.0,0.0
947,948,6355.0,1,-1,-1.0,0.53,5.5,2.0,5.67,7.0,-1.0,-1.0
948,949,-132.0,1,0,-2.0,-1.0,3.67,5.0,-0.33,-3.4,1.0,-1.0
949,950,-326.0,1,2,1.0,2.67,6.0,1.4,-1.75,0.5800000000000001,-1.0,-1.0
950,951,-8860.0,0,-2,1.0,-3.33,-3.5,-7.0,-0.3500000000000001,6.25,0.0,-1.0
951,952,1749.0,0,0,-2.0,-3.0,0.5,2.67,-3.67,0.5,1.0,0.0
952,953,4717.0,1,-2,-1.0,6.67,0.5,8.4,3.5,1.66,0.0,0.0
953,954,-2993.0,0,-2,1.0,0.3299999999999999,-4.0,1.0,-2.0,-6.0,-2.0,1.0
954,955,-2351.0,0,0,2.0,-0.83,-2.5,1.67,-0.33,-7.0,-3.0,-1.0
955,956,2507.0,1,2,-2.0,3.21,6.5,1.0,-2.5,-2.0,0.0,0.0
956,957,-2664.0,1,-2,2.0,2.0,-6.0,-4.5,1.0,-2.0,-1.0,0.0
957,958,-2694.0,0,0,1.0,-3.5,0.0,-0.8,1.42,7.33,1.0,0.0
958,959,8476.0,1,2,-2.0,1.0,4.0,0.0,8.0,9.83,2.0,0.0
959,960,-6046.0,0,-2,1.0,0.0,-1.33,-1.2999999999999998,-2.0700000000000003,1.17,1.0,0.0
960,961,1604.0,1,2,1.0,6.0,-1.0,-0.1699999999999999,-1.33,-2.67,-1.0,0.0
961,962,-2670.0,1,-2,2.0,-1.0,-1.0,-6.33,3.5,7.67,-2.0,1.0
962,963,-761.0,1,0,0.0,0.0,2.0,4.75,-0.3299999999999999,-3.0,0.0,-1.0
963,964,9639.0,1,0,-2.0,-4.75,-0.4000000000000001,3.33,5.66,6.0,-1.0,-1.0
964,965,636.0,1,0,1.0,2.0,2.33,-2.33,-9.6,-8.6,1.0,1.0
965,966,-1830.0,1,0,1.0,-1.5,0.0,3.5,0.0,-1.0,-2.0,0.0
966,967,1264.0,0,0,-2.0,1.75,0.33,-2.0,6.5,0.4199999999999999,2.0,0.0
967,968,-4067.0,0,-2,-1.0,0.0,1.25,3.0,0.25,4.5,2.0,1.0
968,969,-5684.0,0,0,0.0,-2.33,-3.0,-3.0,-7.33,-1.3,2.0,0.0
969,970,9091.0,1,1,-1.0,1.5,4.0,4.0,3.5,5.67,1.0,1.0
970,971,2589.0,1,0,1.0,-0.6699999999999999,2.5,-2.0,-1.0,2.25,-1.0,0.0
971,972,-4095.0,1,-2,2.0,-0.33,-6.0,-4.33,-5.5,-8.33,-1.0,0.0
972,973,2174.0,1,0,0.0,1.33,-3.33,2.67,6.67,2.0,2.0,1.0
973,974,-8082.0,0,-1,2.0,-6.83,-2.42,-8.0,0.33,-3.1,0.0,2.0
974,975,-1003.0,0,1,1.0,-4.0,-3.5,3.0,4.5,6.5,-2.0,0.0
975,976,3043.0,0,2,-2.0,-2.33,5.0,4.0,5.0,3.67,0.0,-1.0
976,977,5162.0,1,1,1.0,6.5,2.1,4.33,-3.0,1.33,2.0,0.0
977,978,-11288.0,0,0,1.0,-2.25,-9.5,-1.08,-2.6,-9.0,0.0,0.0
978,979,9678.0,1,2,0.0,-2.67,4.25,8.0,6.83,10.67,0.0,0.0
979,980,2365.0,1,2,0.0,2.5,0.25,11.57,4.0,3.5,1.0,0.0
980,981,1165.0,1,0,-1.0,-4.5,6.0,1.5,4.67,3.5,0.0,-1.0
981,982,-6629.0,0,0,2.0,3.67,-5.67,-5.75,0.6699999999999999,-0.6699999999999999,-2.0,-1.0
982,983,-1743.0,0,-1,1.0,0.83,-2.0,-2.0,1.0,1.0,0.0,1.0
983,984,-2075.0,0,0,-1.0,-1.25,-0.6600000000000001,1.0,-1.5,-4.75,-1.0,1.0
984,985,-11215.0,0,0,-1.0,-3.75,-0.2799999999999998,-2.5,-3.5,-8.5,0.0,2.0
985,986,-1128.0,0,2,1.0,1.0,-5.5,-1.5,1.0,0.0,2.0,0.0
986,987,3927.0,1,2,-2.0,1.0,2.0,5.4,-4.0,-4.67,-1.0,0.0
987,988,14796.0,1,1,-2.0,1.5,6.33,-1.0,4.67,7.67,1.0,-1.0
988,989,6421.0,1,-1,-1.0,-1.5,6.5,8.0,7.33,3.0,0.0,0.0
989,990,-1825.0,1,2,1.0,-6.0,-7.0,1.25,-1.0,-1.25,-3.0,0.0
990,991,-385.0,0,0,0.0,0.0,1.33,-1.0,-1.0,0.0,0.0,-1.0
991,992,2520.0,1,-2,-1.0,-2.0,-0.5,0.0,2.0,2.0,0.0,0.0
992,993,-1727.0,0,-1,0.0,0.75,-6.67,-2.33,-3.0,-6.0,0.0,0.0
993,994,-9094.0,0,-2,2.0,3.5,-0.25,-5.0,-7.0,-7.0,2.0,1.0
994,995,-389.0,1,0,0.0,-4.67,0.6699999999999999,2.8,6.75,4.5,0.0,0.0
995,996,-1194.0,0,1,1.0,-4.75,-1.0,1.5,0.0,0.0,2.0,0.0
996,997,-196.0,0,0,1.0,-2.67,1.5,0.0,5.0,6.2,3.0,0.0
997,998,-2867.0,0,-2,2.0,1.33,-2.0,2.0,-2.0,-2.33,1.0,0.0
998,999,-9839.0,0,-2,1.0,-5.3,2.0,-8.4,-10.0,-9.25,-1.0,0.0
999,1000,-7709.0,0,0,2.0,-4.0,-15.5,0.0,-5.0,-11.5,-2.0,-1.0
